review_id,rating,likes,date_review_scraped,review_date,company,source,review_text,owner_response_text
ChdDSUhNMG9nS0VJQ0FnSURRaXMzbHF3RRAB,4.0,0,2026/07/26,2013/07/29,1,Google Maps,As a guy with a non complicated hair cut....they do a good job and most of the time are running specials. If you are the guy that can get by with simple fades or trims ...this place is fast and easy. Of course that could change very easily since this is a place that employees come and go at the drop of a hat.,
ChdDSUhNMG9nS0VJQ0FnSURBNWJXTjdBRRAB,5.0,0,2026/07/26,2014/07/29,1,Google Maps,,
ChZDSUhNMG9nS0VJQ0FnSUNRb2NhQVRREAE,1.0,2,2026/07/26,2014/07/29,1,Google Maps,"We have been going to Great Clips for my sons and husbands hair cuts for a few years now and I have notice the this location is going down hill. Yesterday was the last straw. I took my 14yrd old son there after school to get a quick hair cut and the experience was horrible. First one of the hair stylist had an old friend as a client and they were catching up loudly which is fine, except they were cussing every other word and having inappropriate conversations which the place could hear. I would expect these types of conversations to be in a night club or Sexy Scissors not Great Clips. My son was in the chair right next to them and who knows what he heard. NOT a family atmosphere. So now to the haircut. My son told the lady between a 1 and a 2 guard for the sides and fade up. The lady showed him a guard in her hand and asked him like this. He had know idea and said yes and trusted she knew what she was doing. She shaved so high on his head and did a horrible fade that my 14yr old said it look like a bowl cut and had her just shave his head. I was very surprised when he was done. I had know idea at the time what had happened while he was in the chair until we got in the car and he told me. My son is very upset with the lack of hair he has and I am upset with the whole experience!!!",
ChdDSUhNMG9nS0VJQ0FnSURBcXZpVnFRRRAB,5.0,0,2026/07/26,2015/07/29,1,Google Maps,Our family goes to a sweet girl named Crystal. She absolutely gives us the best hair cuts. Thank you Crystal,
ChdDSUhNMG9nS0VJQ0FnSUNnODhYbHFnRRAB,1.0,2,2026/07/26,2016/07/28,1,Google Maps,"I show up first. Then some idiot signs in online, shows up 10 min AFTER I'm already there and gets served first. Last time I go here or ANY other ""Great Clips"" again. Not when there's 4 other haircut places who understand first come first serve.",
ChdDSUhNMG9nS0VJQ0FnSURneTQ3SGxBRRAB,1.0,2,2026/07/26,2016/07/28,1,Google Maps,Horrible!,
ChdDSUhNMG9nS0VJQ0FnSUNBbnFpNnFnRRAB,5.0,0,2026/07/26,2016/07/28,1,Google Maps,I have used this location for almost 4 years. Friendly attentive service. Stephanie seems to cut my hair more times than not and she does a great job. Never once have I had a complaint about this location. Robert S,
ChdDSUhNMG9nS0VJQ0FnSURnNmE3Rl93RRAB,3.0,0,2026/07/26,2016/07/28,1,Google Maps,,
ChdDSUhNMG9nS0VJQ0FnSUNBOW9XYnV3RRAB,1.0,2,2026/07/26,2016/07/28,1,Google Maps,One of worst place they don't know how to cut the hair,
ChZDSUhNMG9nS0VJQ0FnSURBaXZhbmFREAE,1.0,2,2026/07/26,2016/07/28,1,Google Maps,"I had my hair cut here yesterday. The woman who cut it did a terrible job. (I didn't catch her name but it was an Indian woman in her early 50's.) She didn't pay attention to what I asked for, and also cut off about 4 inches of my hair when I asked for 1 inch. I asked for a long angled bob and came out with my hair nearly butchered, the back of it all choppy and partly shaved with the front completely uneven. I honestly could not believe how bad of a job she did with the simple cut I wanted. I then realized after I got home that one side was about 1/2-1 full inch longer. I came back in this morning and asked to have it fixed, and the same woman was there. She didn't even ask if I would prefer someone else to fix it, which I would have. She didn't seem to know what she was doing. She was rude and didn't apologize, and insisted after doing barely anything that it was in fact even, which it still was not. It is upsetting that I will now have to wait about 2-3 months just to get my hair back to what it was before I let her cut it. I do not recommend this location, and especially not this stylist.",
ChZDSUhNMG9nS0VJQ0FnSUNnb2RMUmRREAE,1.0,3,2026/07/26,2017/07/28,1,Google Maps,Rude customer service. Took less than 8 minutes cutting my hair and rushed every single part of it when there wasn't a line. The lack of attention to detail will leave you will uneven lengths on even the simplest of haircuts like mine.,
ChdDSUhNMG9nS0VJQ0FnSUNRaW9pODlRRRAB,5.0,0,2026/07/26,2017/07/28,1,Google Maps,,"Thank you for the GREAT rating Will, we look forward to seeing you at your next visit."
ChZDSUhNMG9nS0VJQ0FnSUNBNC1ETUl3EAE,1.0,0,2026/07/26,2017/07/28,1,Google Maps,,"We are sorry to see your review Gautam. If you would like to discuss or receive follow up, please email with the location and details or call us at 800-473-2825 using extension three. Thank you."
ChdDSUhNMG9nS0VJQ0FnSURBZ3Vqa2tRRRAB,4.0,0,2026/07/26,2017/07/28,1,Google Maps,,
ChdDSUhNMG9nS0VJQ0FnSURRemV6NHNBRRAB,4.0,0,2026/07/26,2017/07/28,1,Google Maps,,
ChZDSUhNMG9nS0VJQ0FnSURBODY3alhBEAE,5.0,0,2026/07/26,2017/07/28,1,Google Maps,good place.. friendly place...,Thank you! We are always happy to help you!
ChdDSUhNMG9nS0VJQ0FnSURBN2FyXzRnRRAB,5.0,0,2026/07/26,2017/07/28,1,Google Maps,"Clean & friendly,",Thank you! We are happy to help you!
ChZDSUhNMG9nS0VJQ0FnSUNRODdycWF3EAE,4.0,0,2026/07/26,2017/07/28,1,Google Maps,"I do not pay much attention to my hair, and as such I don't like to spend much to get it cut. Great Clips has a wonderful deal on Tuesdays, and they are always able to get me in and out in hurry.","Thank you for coming in, Scott! We appreciate you being our customer!"
ChZDSUhNMG9nS0VJQ0FnSURBdExYRWV3EAE,4.0,0,2026/07/26,2017/07/28,1,Google Maps,Cool,We appreciate you being our customer!
ChdDSUhNMG9nS0VJQ0FnSURBNTdtal93RRAB,1.0,2,2026/07/26,2017/07/28,1,Google Maps,"Poor service- hairdresser has no clue how to help a mom figure out what #s a child may need for a boy haircut.. i expained how short i want it but don't recall #s.. ""If u don't know I don't either and can't help you."" How rude.... last time we come here.. the hairdresser was Elisa BTW..","We're sorry to hear this was your experience, Griselda. If you would like, please email with the details and location, or call us at 1-800-473-2825 ext 3. We will contact you regarding your visit. Thank you."
ChZDSUhNMG9nS0VJQ0FnSUN3eWNDZlF3EAE,4.0,0,2026/07/26,2017/07/28,1,Google Maps,Nice people. Good haircut.,"We are always happy to help you, Jesse!"
ChdDSUhNMG9nS0VJQ0FnSUNRa2VfTHNRRRAB,3.0,0,2026/07/26,2017/07/28,1,Google Maps,,"We appreciate your feedback. If you would like follow up, please email with the details and location. We will be happy to help you. Thank you."
ChZDSUhNMG9nS0VJQ0FnSUNBM0xMZFhREAE,4.0,0,2026/07/26,2017/07/28,1,Google Maps,P cool,Thank you for your feedback!
ChZDSUhNMG9nS0VJQ0FnSUNneU5YNktnEAE,4.0,0,2026/07/26,2017/07/28,1,Google Maps,,Thank you for your feedback!
ChdDSUhNMG9nS0VJQ0FnSURRb0lfNWt3RRAB,4.0,0,2026/07/26,2017/07/28,1,Google Maps,,Thank you for your feedback!
ChZDSUhNMG9nS0VJQ0FnSUNRd2Z2MlFREAE,5.0,0,2026/07/26,2017/07/28,1,Google Maps,,Thank you!!
ChdDSUhNMG9nS0VJQ0FnSURBNTV2Rnp3RRAB,5.0,0,2026/07/26,2017/07/28,1,Google Maps,,Thank you!
ChdDSUhNMG9nS0VJQ0FnSUN3M05iZTdBRRAB,5.0,0,2026/07/26,2017/07/28,1,Google Maps,,Thank you!
ChZDSUhNMG9nS0VJQ0FnSUN3NE95LVVBEAE,5.0,0,2026/07/26,2017/07/28,1,Google Maps,"Good offers at GC, variety of hair styles you can do here",We appreciate you being our customer!
ChZDSUhNMG9nS0VJQ0FnSUNBai1UZVh3EAE,5.0,0,2026/07/26,2017/07/28,1,Google Maps,"I have been going to this location since it first opened. I always use online check in. It will make things go so much more quickly. While the stylists have changed over time, they are all still friendly and talkative. They also like feed back on the haircuts.","Thank you for being a loyal customer, Ketan! We look forward to seeing you next time!"
ChZDSUhNMG9nS0VJQ0FnSURnZzlEZ0hREAE,2.0,2,2026/07/26,2017/07/28,1,Google Maps,"Well I didn't have to wait very long, and while I liked my hair stylist. I get the impression that they are used to working on men. My stylist had me in her chair for maybe 10 minutes! I have never had a haircut take that short of a time. She didn't under what a ""lob"". And couldn't wrap her head around the idea that I wanted my hair longer in the front & shorted in the back...working on men's hair too much?","We're sorry to hear this was your experience. If you would like, please email with the details and location. We will contact you regarding your visit. Thank you."
ChZDSUhNMG9nS0VJQ0FnSUN3eHBDLUtREAE,5.0,0,2026/07/26,2017/07/28,1,Google Maps,,Thank you!
ChdDSUhNMG9nS0VJQ0FnSURBNTRTbzF3RRAB,5.0,0,2026/07/26,2017/07/28,1,Google Maps,,"Thank you, Jason!"
ChdDSUhNMG9nS0VJQ0FnSUNRaDg3cGlRRRAB,1.0,0,2026/07/26,2017/07/28,1,Google Maps,Hmmmm,"We're sorry to see your rating, Lacy. If you'd like to share more, please email with the details and location. We will contact you regarding your experience. Thank you."
ChZDSUhNMG9nS0VJQ0FnSURnZzhETFh3EAE,4.0,0,2026/07/26,2017/07/28,1,Google Maps,,Thank you!
ChZDSUhNMG9nS0VJQ0FnSUNBMEtIdFRREAE,5.0,0,2026/07/26,2017/07/28,1,Google Maps,Thorough,Thank you! We appreciate you being our customer!
ChdDSUhNMG9nS0VJQ0FnSUNnM09mUWxBRRAB,4.0,0,2026/07/26,2017/07/28,1,Google Maps,Nice cuts,Thank you for being our customer!
ChZDSUhNMG9nS0VJQ0FnSUNBODlIdWFBEAE,4.0,0,2026/07/26,2017/07/28,1,Google Maps,Good place,Thank you!
ChdDSUhNMG9nS0VJQ0FnSUNRallfNTh3RRAB,5.0,0,2026/07/26,2017/07/28,1,Google Maps,,Thank you!
ChZDSUhNMG9nS0VJQ0FnSUNnbzZfakFnEAE,5.0,0,2026/07/26,2017/07/28,1,Google Maps,,Thank you!
ChdDSUhNMG9nS0VJQ0FnSUNnbkp5X3pBRRAB,1.0,0,2026/07/26,2017/07/28,1,Google Maps,,"We're sorry to see your rating, Zachary. If you would like, please email with the details and location so we can best assist you and follow up with you. Thank you."
ChdDSUhNMG9nS0VJQ0FnSUN3cmRTMm5BRRAB,5.0,0,2026/07/26,2017/07/28,1,Google Maps,,Thank you!
ChZDSUhNMG9nS0VJQ0FnSUN3ak42TUFnEAE,4.0,0,2026/07/26,2017/07/28,1,Google Maps,,Thank you!
ChZDSUhNMG9nS0VJQ0FnSURnbXI2bFhnEAE,3.0,0,2026/07/26,2017/07/28,1,Google Maps,,"We appreciate your feedback, Michelle. If you would like to share more, please email with the details and location, or call us at 1-800-473-2825 ext 3. We will contact you regarding your experience. Thank you."
ChdDSUhNMG9nS0VJQ0FnSUNRMWVmbThBRRAB,5.0,0,2026/07/26,2017/07/28,1,Google Maps,,Thank you!
ChdDSUhNMG9nS0VJQ0FnSURBdnJhTDl3RRAB,4.0,0,2026/07/26,2017/07/28,1,Google Maps,,Thank you!
ChdDSUhNMG9nS0VJQ0FnSURRcEkzbDFBRRAB,5.0,0,2026/07/26,2017/07/28,1,Google Maps,,Thank you for your GREAT rating!
ChdDSUhNMG9nS0VJQ0FnSURBeDZtNjRnRRAB,3.0,0,2026/07/26,2017/07/28,1,Google Maps,,"We appreciate your feedback. If you would like to share more, please email with the details and location so we can best assist you and follow up with you. Thank you."
ChdDSUhNMG9nS0VJQ0FnSUN3dHNTT213RRAB,3.0,0,2026/07/26,2017/07/28,1,Google Maps,,"We appreciate your feedback. If you would like to share more, please email with the details and location. We will contact you regarding your visit. Thank you."
ChZDSUhNMG9nS0VJQ0FnSURBbWIydEx3EAE,4.0,0,2026/07/26,2017/07/28,1,Google Maps,,Thank you for your feedback!
ChZDSUhNMG9nS0VJQ0FnSURnalBxM0dBEAE,4.0,0,2026/07/26,2017/07/28,1,Google Maps,,Thank you for your feedback!
ChZDSUhNMG9nS0VJQ0FnSURBa3JidFlBEAE,2.0,1,2026/07/26,2017/07/28,1,Google Maps,Not as good as Supercuts,
ChdDSUhNMG9nS0VJQ0FnSURnOHRhWF9BRRAB,1.0,0,2026/07/26,2017/07/28,1,Google Maps,,"We're sorry to see your rating. If you would like follow up, please email with the details and location, or call us at 1-800-473-2825 ext 3 so we can best assist you and contact you. Thank you."
ChdDSUhNMG9nS0VJQ0FnSURRMGRIeDNnRRAB,4.0,0,2026/07/26,2017/07/28,1,Google Maps,,Thank you for your feedback!
ChZDSUhNMG9nS0VJQ0FnSURnam8zVkdREAE,4.0,0,2026/07/26,2017/07/28,1,Google Maps,,Thank you!
ChZDSUhNMG9nS0VJQ0FnSUNRNl83VUdBEAE,3.0,0,2026/07/26,2017/07/28,1,Google Maps,average. Cut my son's hair. Differs depending on who you get,"We appreciate your feedback. If you would like follow up, please email with the details and location, or call us at 1-800-473-2825 ext 3. We will be happy to help you. Thank you."
ChdDSUhNMG9nS0VJQ0FnSUNncWF2dWdRRRAB,5.0,0,2026/07/26,2017/07/28,1,Google Maps,Great staff,"Thank you for being our customer, Charles!"
ChZDSUhNMG9nS0VJQ0FnSURnaUlTSE93EAE,3.0,0,2026/07/26,2017/07/28,1,Google Maps,,"We appreciate your feedback. If you would like to share more, please email with the details and location, or call us at 1-800-473-2825 ext 3. We will follow up with you. Thank you."
ChZDSUhNMG9nS0VJQ0FnSURBcWVPek9BEAE,5.0,0,2026/07/26,2017/07/28,1,Google Maps,,Thank you!
ChdDSUhNMG9nS0VJQ0FnSUNnOUs2R3lnRRAB,4.0,0,2026/07/26,2017/07/28,1,Google Maps,,We appreciate your feedback!
ChdDSUhNMG9nS0VJQ0FnSURRekxEcHZnRRAB,2.0,1,2026/07/26,2017/07/28,1,Google Maps,"A few good stylists a few bad ones, flip of a coin.","We're sorry to read this, Trevor. If you would like, please email with the details and location, or call us at 1-800-473-2825 ext 3 so we can best assist you and follow up with you. Thank you."
ChZDSUhNMG9nS0VJQ0FnSUNnbmRQWUhnEAE,4.0,0,2026/07/26,2017/07/28,1,Google Maps,,Thank you for your feedback!
ChdDSUhNMG9nS0VJQ0FnSURRLTlmYmxBRRAB,5.0,0,2026/07/26,2017/07/28,1,Google Maps,,Thank you!
ChdDSUhNMG9nS0VJQ0FnSUNBdnEtNjJnRRAB,4.0,0,2026/07/26,2017/07/28,1,Google Maps,,Thank you!
ChZDSUhNMG9nS0VJQ0FnSURRcXN6Z05REAE,5.0,0,2026/07/26,2017/07/28,1,Google Maps,,Thank you!
ChdDSUhNMG9nS0VJQ0FnSUNRb0pYWnlnRRAB,1.0,3,2026/07/26,2017/07/28,1,Google Maps,Horrible haircut...,"We're sorry to read this, Preetham. If you would like, please email with the details and location, or call us at 1-800-473-2825 ext 3. We will follow up with you regarding your experience. Thank you."
ChZDSUhNMG9nS0VJQ0FnSURBbmVPY1NnEAE,5.0,0,2026/07/26,2017/07/28,1,Google Maps,,Thank you!
ChdDSUhNMG9nS0VJQ0FnSURnaXNPZ2lBRRAB,3.0,0,2026/07/26,2017/07/28,1,Google Maps,,"We appreciate your feedback. If you would like follow up, please email with the details and location, or call us at 1-800-473-2825 ext 3. We will contact you regarding your experience. Thank you."
ChZDSUhNMG9nS0VJQ0FnSUNRZ2ZQOGF3EAE,5.0,0,2026/07/26,2017/07/28,1,Google Maps,We have been going here for ten years. Jim and Jennie cut the entire family's hair and we love their service!,"Thank you for being loyal customers! We appreciate you, and look forward to seeing you next time!"
ChdDSUhNMG9nS0VJQ0FnSURBcTVDMHZ3RRAB,3.0,0,2026/07/26,2017/07/28,1,Google Maps,It was a normal salon where I got a normal haircut. Took a couple stars off because I saw the employees being rude to customers.,"We appreciate your feedback. If you would like, please email with the details and location so we can best assist you and contact you. Thank you."
ChdDSUhNMG9nS0VJQ0FnSUNnMTdfaWd3RRAB,5.0,0,2026/07/26,2017/07/28,1,Google Maps,,Thank you!
ChdDSUhNMG9nS0VJQ0FnSURBc3BpU3p3RRAB,5.0,0,2026/07/26,2017/07/28,1,Google Maps,,Thank you for your rating!
ChdDSUhNMG9nS0VJQ0FnSUNBd01POG1RRRAB,3.0,0,2026/07/26,2017/07/28,1,Google Maps,,Thank you & we hope to see you again next time.
ChZDSUhNMG9nS0VJQ0FnSUNBdmJmdUdnEAE,5.0,0,2026/07/26,2017/07/28,1,Google Maps,My girlfriend says my hair looks great! Thanks great clips!,Thank YOU! We are happy to help you!
ChZDSUhNMG9nS0VJQ0FnSURnaS1LNmR3EAE,5.0,0,2026/07/26,2017/07/28,1,Google Maps,No waiting. Efficient.,Thank you for being our customer! See you next time!
ChZDSUhNMG9nS0VJQ0FnSUN3d18yaWV3EAE,1.0,0,2026/07/26,2017/07/28,1,Google Maps,,"We're sorry to see your rating, Sujit. If you would like follow up, please email with the details and location or call us at 1-800-473-2825 ext 3. We will contact you regarding your experience. Thank you."
ChdDSUhNMG9nS0VJQ0FnSUNROExISGtnRRAB,4.0,0,2026/07/26,2017/07/28,1,Google Maps,"Good cut, reasonably priced","Thank you, Wayne! We are always happy to help you!"
ChdDSUhNMG9nS0VJQ0FnSUNRMnR1eGxBRRAB,2.0,2,2026/07/26,2017/07/28,1,Google Maps,Cheap place for haircuts. Lady was nice. Haircut was okay.,"We're sorry to see your rating. If you would like follow up, please email with the details and location or call us at 1-800-473-2825 ext 3 so we can best assist you and contact you. Thank you."
ChZDSUhNMG9nS0VJQ0FnSURnMzhyclJBEAE,5.0,0,2026/07/26,2017/07/28,1,Google Maps,,Thank you!
ChZDSUhNMG9nS0VJQ0FnSURnMDhHbEx3EAE,3.0,0,2026/07/26,2017/07/28,1,Google Maps,"Decent haircut and quick service outside of rush hour. Far from being a hairdressing place, though.","We appreciate your feedback, Alejandro. Thank you for being our customer."
ChdDSUhNMG9nS0VJQ0FnSURndHRhdTlnRRAB,5.0,0,2026/07/26,2017/07/28,1,Google Maps,Nice employees,Thank you!
ChZDSUhNMG9nS0VJQ0FnSUNBdnB6WEdBEAE,5.0,0,2026/07/26,2017/07/28,1,Google Maps,Used to take my son to Sport Clips but I feel like they have no idea what they are doing and they are over priced. Husband and my 2 year old son got their hair cut here last week. It was cheaper than sports clip and their hair cuts were much better.,Thank you! We are always happy to help you and your family!
ChZDSUhNMG9nS0VJQ0FnSUNRNS1iU0hREAE,2.0,2,2026/07/26,2017/07/28,1,Google Maps,Not happy with hair cut,"We're sorry to read this. If you would like to share more, please email with the details and location. We will be happy to help you. Thank you."
ChZDSUhNMG9nS0VJQ0FnSURRbmJmY1NnEAE,5.0,0,2026/07/26,2017/07/28,1,Google Maps,,Thank you!
ChdDSUhNMG9nS0VJQ0FnSUN3dHNlVzd3RRAB,3.0,0,2026/07/26,2017/07/28,1,Google Maps,,"We appreciate your feedback, Nicholas. If you would like to share more, please email with the details and location so we can best assist you and follow up with you. Thank you."
ChZDSUhNMG9nS0VJQ0FnSURnNzdqUkZBEAE,4.0,0,2026/07/26,2017/07/28,1,Google Maps,,Thank you!
ChZDSUhNMG9nS0VJQ0FnSURnLTUyd0lBEAE,3.0,0,2026/07/26,2017/07/28,1,Google Maps,,"We appreciate your feedback, Jose. If you would like follow up, please email with the details and location so we can best assist you and contact you. Thank you."
ChdDSUhNMG9nS0VJQ0FnSURBcWZIcF93RRAB,3.0,0,2026/07/26,2017/07/28,1,Google Maps,,"We appreciate your feedback. If you would like to share more, please email with the details and location so we can best assist you and follow up with you. Thank you."
ChZDSUhNMG9nS0VJQ0FnSUNBb2VQYklREAE,3.0,0,2026/07/26,2017/07/28,1,Google Maps,,"We appreciate your feedback, Veronica. If you would like to share more, please email with the details and location so we can best assist you and follow up with you. Thank you."
ChZDSUhNMG9nS0VJQ0FnSURRbGUza0NnEAE,4.0,0,2026/07/26,2017/07/28,1,Google Maps,,Thank you!
ChZDSUhNMG9nS0VJQ0FnSUNBcnFuLUxBEAE,4.0,0,2026/07/26,2017/07/28,1,Google Maps,Decent staff. Checking in online always.,Thank you for being our customer!
ChZDSUhNMG9nS0VJQ0FnSURnM1BQYUdBEAE,3.0,0,2026/07/26,2017/07/28,1,Google Maps,"They are never too busy and they do a good job for a discount cut. The online check In is very convenient, and the staff is very friendly.","Thank you, Will! We appreciate you being our customer!"
ChdDSUhNMG9nS0VJQ0FnSUN3NmNHTWhnRRAB,5.0,0,2026/07/26,2017/07/28,1,Google Maps,,Thank you!
ChZDSUhNMG9nS0VJQ0FnSUNnNWNTQ0lREAE,3.0,0,2026/07/26,2017/07/28,1,Google Maps,,"We appreciate your feedback, Maxwell. If you would like to share more, please email with the details and location. We will be happy to help you. Thank you."
ChdDSUhNMG9nS0VJQ0FnSUNnMnZXQnJRRRAB,3.0,0,2026/07/26,2017/07/28,1,Google Maps,Nice,"Thank you for being our customer, James!"
ChdDSUhNMG9nS0VJQ0FnSUNRX2Y2cXJnRRAB,5.0,0,2026/07/26,2017/07/28,1,Google Maps,Wonderful shop ran by Micheal!! Teaching new to great clips hair dressers. Everyone was very friendly they did a great job on my sons and my hair!!,"Thank you, Teri! We are always happy to help you and your family!"
ChdDSUhNMG9nS0VJQ0FnSUN3b191ZW13RRAB,5.0,0,2026/07/26,2017/07/28,1,Google Maps,,Thank you!
ChZDSUhNMG9nS0VJQ0FnSUNRMjQyOVV3EAE,4.0,0,2026/07/26,2017/07/28,1,Google Maps,The best part about this place is they have s Mongolian grill that you can experiment with the sauces and not have an additional cost. Plus the sushi.,
ChdDSUhNMG9nS0VJQ0FnSUNBOWVEX29RRRAB,5.0,0,2026/07/26,2017/07/28,1,Google Maps,,Thank you!
ChdDSUhNMG9nS0VJQ0FnSUNBaW82VW1RRRAB,4.0,0,2026/07/26,2017/07/28,1,Google Maps,,Thank you!
ChZDSUhNMG9nS0VJQ0FnSURROTk2SEhnEAE,3.0,0,2026/07/26,2017/07/28,1,Google Maps,,"We appreciate your feedback, Andre. If you would like follow up, please email with the details and location so we can best assist you and contact you. Thank you for reaching out to us."
ChdDSUhNMG9nS0VJQ0FnSUN3Z3RMZW1BRRAB,3.0,0,2026/07/26,2017/07/28,1,Google Maps,,"We appreciate your feedback, Courtney. If you would like to share more, please email with the details and location, or call us at 1-800-473-2825 ext 3. We will follow up with you regarding your experience. Thank you."
ChdDSUhNMG9nS0VJQ0FnSUN3NVpPUndBRRAB,4.0,0,2026/07/26,2017/07/28,1,Google Maps,anytime you can get a haircut and quick massage with a hot towel is a good day,
ChdDSUhNMG9nS0VJQ0FnSURROGFiMDh3RRAB,4.0,0,2026/07/26,2017/07/28,1,Google Maps,Haircut was Quick & good,Thank you! We are happy to help you!
ChZDSUhNMG9nS0VJQ0FnSUNRdnVhY2ZBEAE,3.0,0,2026/07/26,2017/07/28,1,Google Maps,,"We appreciate your feedback. If you would like follow up, please email with the details and location or call us at 1-800-473-2825 ext 3 so we can best assist you and contact you. Thank you."
ChZDSUhNMG9nS0VJQ0FnSUNBNHRxbFRBEAE,4.0,0,2026/07/26,2017/07/28,1,Google Maps,"Online check-in, best thing to happen to haircuts ever.","We appreciate you being our customer, Jeff!"
ChdDSUhNMG9nS0VJQ0FnSURnaUp2cnhBRRAB,4.0,0,2026/07/26,2017/07/28,1,Google Maps,,Thank you!
ChRDSUhNMG9nS0VJQ0FnSURRblBjcRAB,4.0,0,2026/07/26,2017/07/28,1,Google Maps,,Thank you!
ChZDSUhNMG9nS0VJQ0FnSUNncExqYk5nEAE,3.0,0,2026/07/26,2017/07/28,1,Google Maps,Okay stylist .... Always a wait,"We appreciate your feedback, Stacy. If you would like follow up, please email with the details and location so we can best assist you and contact you. Thank you."
ChZDSUhNMG9nS0VJQ0FnSURnZ0pXeFJ3EAE,4.0,0,2026/07/26,2017/07/28,1,Google Maps,,Thank you!
ChdDSUhNMG9nS0VJQ0FnSUN3b01YZGdBRRAB,5.0,0,2026/07/26,2017/07/28,1,Google Maps,,"Thank you, Mayte!"
ChdDSUhNMG9nS0VJQ0FnSURRbnFUN2hnRRAB,5.0,0,2026/07/26,2017/07/28,1,Google Maps,,"Thank you, Bharath!"
ChdDSUhNMG9nS0VJQ0FnSUNBeU4zQzl3RRAB,4.0,0,2026/07/26,2017/07/28,1,Google Maps,Very dependable,We look forward to seeing you again. Thank you!
ChdDSUhNMG9nS0VJQ0FnSURBMHNTVXZnRRAB,5.0,0,2026/07/26,2017/07/28,1,Google Maps,Great cut,"Thank you, Joseph!"
ChZDSUhNMG9nS0VJQ0FnSURROUphNUdREAE,5.0,0,2026/07/26,2017/07/28,1,Google Maps,,"Thank you, Scott!"
ChdDSUhNMG9nS0VJQ0FnSUNBbzc2TTh3RRAB,5.0,0,2026/07/26,2017/07/28,1,Google Maps,,Thank you Wayne!
ChdDSUhNMG9nS0VJQ0FnSUNBNHEzcHRRRRAB,4.0,0,2026/07/26,2017/07/28,1,Google Maps,,Thank you!
ChdDSUhNMG9nS0VJQ0FnSURRc3Iyc3ZnRRAB,4.0,0,2026/07/26,2017/07/28,1,Google Maps,,Thank you!
ChdDSUhNMG9nS0VJQ0FnSUNncXFlbWd3RRAB,2.0,2,2026/07/26,2017/07/28,1,Google Maps,Whack hair cuts,"We're sorry to read this, Shawn. If you would like follow up, please email with the details and location or call us at 1-800-473-2825 ext 3. We will contact you regarding your experience. Thank you."
ChZDSUhNMG9nS0VJQ0FnSURReF92Rk1nEAE,5.0,0,2026/07/26,2017/07/28,1,Google Maps,,Thank you!
ChZDSUhNMG9nS0VJQ0FnSUNRbk5QQUF3EAE,4.0,0,2026/07/26,2017/07/28,1,Google Maps,recommended!,Thank you for being our customer!
ChdDSUhNMG9nS0VJQ0FnSUNROHFmdHhBRRAB,2.0,2,2026/07/26,2018/07/28,1,Google Maps,"The hair cut was good but I was charged extra. I have the Great Clips card which I purchased for $30 and promised 3 hair cuts. I had paid $30 to buy this card and can be used to get 3 hair cuts with the discounted rate of $9.99. But when I presented my card to the operator, they charged me $14 saying that here the hair cut costs $14 and for any discrepancies I need to call the customer care. I compared the card with those present at the front desk, all information is the same but still they seem to reply they are unaware of the discounted rates and charged me $14",Please email with the details and location or call us at 1-800-473-2825 ext 3 so we can best assist you and follow up with you. Thank you.
ChZDSUhNMG9nS0VJQ0FnSUNnbGFqTEFREAE,5.0,0,2026/07/26,2018/07/28,1,Google Maps,,Thank you!
ChdDSUhNMG9nS0VJQ0FnSUNBcXRxR29BRRAB,1.0,0,2026/07/26,2018/07/28,1,Google Maps,,"We're sorry to see your rating. If you would like to share more, please email with the details and location, or call us at 1-800-473-2825 ext 3. We will contact you regarding your experience. Thank you."
ChZDSUhNMG9nS0VJQ0FnSUNBbk1HYU53EAE,4.0,0,2026/07/26,2018/07/28,1,Google Maps,,Thank you!
ChZDSUhNMG9nS0VJQ0FnSUNROUtERk9BEAE,5.0,0,2026/07/26,2018/07/28,1,Google Maps,I got my haircut a week ago before my vacation. The tall skinny gentleman cutting my hair did an excellent job. I will always come back. :),Thank you for being our customer! We look forward to seeing you next time!
ChdDSUhNMG9nS0VJQ0FnSUN3NXZ6Z2lRRRAB,3.0,0,2026/07/26,2018/07/28,1,Google Maps,,"We appreciate your feedback. If you would like to share more, please email with the details and location or call us at 1-800-473-2825 ext 3. We will follow up with you. Thank you."
ChdDSUhNMG9nS0VJQ0FnSURBcTZ2ZTBnRRAB,3.0,0,2026/07/26,2018/07/28,1,Google Maps,,"We appreciate your feedback, Rob. If you would like to share more, please email with the details and location so we can best assist you and follow up with you. Thank you."
ChdDSUhNMG9nS0VJQ0FnSUNnOXVQSl93RRAB,5.0,0,2026/07/26,2018/07/28,1,Google Maps,Convenient with the app. Always use the app for reservations.,"Thank you for being our customer, John! See you next time!"
ChdDSUhNMG9nS0VJQ0FnSUNBci0tRXJRRRAB,5.0,0,2026/07/26,2018/07/28,1,Google Maps,Great haircuts,Thank you! We are always happy to help you!
ChdDSUhNMG9nS0VJQ0FnSURRa2JIUjNnRRAB,4.0,0,2026/07/26,2018/07/28,1,Google Maps,,Thank you!
ChdDSUhNMG9nS0VJQ0FnSURRdDUzdTZBRRAB,5.0,0,2026/07/26,2018/07/28,1,Google Maps,,Thank you!
ChZDSUhNMG9nS0VJQ0FnSURBbWZtLWRREAE,1.0,3,2026/07/26,2018/07/28,1,Google Maps,I just received the worst haircut of my life There is a huge chunk that I didn't notice missing from the back of my head And I should've known when she didn't use the mirror to show me the back of my head,"We are sorry to read about your experience. If you would like additional follow up, please email with the salon location and details. We will follow up with you and forward it to the franchisee as well. Thank you."
ChdDSUhNMG9nS0VJQ0FnSURRNV9IejB3RRAB,5.0,0,2026/07/26,2018/07/28,1,Google Maps,,Thanks for the rating!
ChdDSUhNMG9nS0VJQ0FnSUNnbTQzeTBRRRAB,2.0,0,2026/07/26,2018/07/28,1,Google Maps,,"If you would like to share more about your experience, please email with the salon location and details. We are always happy to help you."
ChZDSUhNMG9nS0VJQ0FnSUNnOFp5OVFREAE,5.0,0,2026/07/26,2018/07/28,1,Google Maps,,Thank you!
ChZDSUhNMG9nS0VJQ0FnSURBaGRfSk53EAE,3.0,1,2026/07/26,2018/07/28,1,Google Maps,Not vma big fan of great clips...but $10 cuts on Tuesdays is a good deal.,"We appreciate your feedback. If you would like follow up, please email with the location and details or call us at 1-800-473-2825 ext 3. We will be happy to help you. Thank you."
ChdDSUhNMG9nS0VJQ0FnSURBMkpHeWd3RRAB,5.0,0,2026/07/26,2018/07/28,1,Google Maps,,Thank you!
ChZDSUhNMG9nS0VJQ0FnSURBcEl1WFBREAE,5.0,0,2026/07/26,2018/07/28,1,Google Maps,,Thank you!
ChdDSUhNMG9nS0VJQ0FnSUNnenN2VWl3RRAB,1.0,0,2026/07/26,2018/07/28,1,Google Maps,,"We're sorry to see your rating, Clayton. If you would like, please email with the details and location, or call us at 1-800-473-2825 ext 3. We will follow up with you. Thank you."
ChdDSUhNMG9nS0VJQ0FnSUNnMU43YjBnRRAB,3.0,1,2026/07/26,2018/07/28,1,Google Maps,Not great,"We're sorry to hear this was your experience, Jeremiah. If you would like, please email with the details and location, or call us at 1-800-473-2825 ext 3. We will follow up with you. Thank you."
ChZDSUhNMG9nS0VJQ0FnSUNnNHQ2TFpnEAE,4.0,0,2026/07/26,2018/07/28,1,Google Maps,,Thank you!
ChZDSUhNMG9nS0VJQ0FnSUNBX0plR1h3EAE,3.0,0,2026/07/26,2018/07/28,1,Google Maps,,"Thanks for the review! If you ever need follow up about a visit, you can email with the location and details, we will follow up with you. Thank you."
ChZDSUhNMG9nS0VJQ0FnSURBejhLdkdBEAE,5.0,0,2026/07/26,2018/07/28,1,Google Maps,,Thank you!
ChZDSUhNMG9nS0VJQ0FnSURROWVuWUJREAE,3.0,0,2026/07/26,2018/07/28,1,Google Maps,Friendly staff. Very welcoming,"Thank you, Jennifer!"
ChZDSUhNMG9nS0VJQ0FnSUNnaDczOVZBEAE,4.0,0,2026/07/26,2018/07/28,1,Google Maps,Great haircut recommend to all,Thank you!
ChdDSUhNMG9nS0VJQ0FnSUN3eWJEQzRRRRAB,4.0,0,2026/07/26,2018/07/28,1,Google Maps,,"Thank you, Kapil!"
ChZDSUhNMG9nS0VJQ0FnSUNRc01temVBEAE,3.0,0,2026/07/26,2018/07/28,1,Google Maps,,"We appreciate your feedback, Daniel. If you would like to share more, please email with the details and location so we can best assist you and follow up with you. Thank you."
ChZDSUhNMG9nS0VJQ0FnSURBemRMZVNREAE,5.0,0,2026/07/26,2018/07/28,1,Google Maps,,Thank you!
ChdDSUhNMG9nS0VJQ0FnSUNnNGR1MjlRRRAB,3.0,0,2026/07/26,2018/07/28,1,Google Maps,,"We appreciate your feedback, John. If you would like to share more, please email with the details and location. We will follow up with you regarding your experience. Thank you."
ChdDSUhNMG9nS0VJQ0FnSUN3dDQ3MGtBRRAB,4.0,0,2026/07/26,2018/07/28,1,Google Maps,,Thank you!
ChdDSUhNMG9nS0VJQ0FnSURnOExQSWxRRRAB,5.0,0,2026/07/26,2018/07/28,1,Google Maps,"Quick, friendly service.","Thank you, Timothy! We are happy to help you!"
ChZDSUhNMG9nS0VJQ0FnSURRcU0ySFJBEAE,5.0,0,2026/07/26,2018/07/28,1,Google Maps,,Thank you!
ChZDSUhNMG9nS0VJQ0FnSUNBbHZEamJBEAE,5.0,0,2026/07/26,2018/07/28,1,Google Maps,Great place for a hair cut,"Thank you, Mario! We are always happy to help you!"
ChZDSUhNMG9nS0VJQ0FnSURBcllEd1lBEAE,5.0,0,2026/07/26,2018/07/28,1,Google Maps,They did a good job.,Thank you for your review! We are happy to help you!
ChZDSUhNMG9nS0VJQ0FnSUNnOXN6amZREAE,2.0,0,2026/07/26,2018/07/28,1,Google Maps,Don't walk in or you'll wait forever.,"We're sorry to hear about your wait. If you would like follow up, please email with the details and location so we can best assist you and contact you. Thank you."
ChdDSUhNMG9nS0VJQ0FnSUNneEtXY2xRRRAB,3.0,0,2026/07/26,2018/07/28,1,Google Maps,No clips,"If you would like follow up regarding an experience, please email with the details and location so we can best assist you and contact you. Thank you, Anthony."
ChdDSUhNMG9nS0VJQ0FnSUNRMWN1UzR3RRAB,5.0,0,2026/07/26,2018/07/28,1,Google Maps,,Thank you!
ChdDSUhNMG9nS0VJQ0FnSUN3MV96NnZBRRAB,3.0,0,2026/07/26,2018/07/28,1,Google Maps,,"We appreciate your feedback. If you would like follow up, please email with the details and location or call us at 1-800-473-2825 ext 3 so we can best assist you and contact you. Thank you."
ChZDSUhNMG9nS0VJQ0FnSUNBNmFMTWNBEAE,5.0,0,2026/07/26,2018/07/28,1,Google Maps,,Thank you!
ChZDSUhNMG9nS0VJQ0FnSURBODRtNlVBEAE,5.0,0,2026/07/26,2018/07/28,1,Google Maps,,Thank you!
ChZDSUhNMG9nS0VJQ0FnSUNBdXNtV0lREAE,4.0,0,2026/07/26,2018/07/28,1,Google Maps,,Thank you!
ChdDSUhNMG9nS0VJQ0FnSUNBdG9PanJRRRAB,5.0,0,2026/07/26,2018/07/28,1,Google Maps,,Thank you!
ChdDSUhNMG9nS0VJQ0FnSUNBbzRQUi1BRRAB,5.0,0,2026/07/26,2018/07/28,1,Google Maps,Only place I let cut my hair!,"Thank you for being a loyal customer, Richard! We appreciate you!"
ChdDSUhNMG9nS0VJQ0FnSURBdl83d3VBRRAB,5.0,0,2026/07/26,2018/07/28,1,Google Maps,Really good,"Thank you for being our customer, Hari! See you next time!"
ChZDSUhNMG9nS0VJQ0FnSUNBbnJtNUtREAE,4.0,0,2026/07/26,2018/07/28,1,Google Maps,,Thank you!
ChdDSUhNMG9nS0VJQ0FnSURReGVPNWxnRRAB,5.0,0,2026/07/26,2018/07/28,1,Google Maps,Cheap haircuts with a rotating staff.,"Thank you for being our customer, Laura."
ChZDSUhNMG9nS0VJQ0FnSUN3d1lhY1dREAE,2.0,0,2026/07/26,2018/07/28,1,Google Maps,,"We're sorry to see your rating, Kyle. If you would like, please email with the details and location or call us at 1-800-473-2825 ext 3. We will follow up with you regarding your experience. Thank you."
ChZDSUhNMG9nS0VJQ0FnSUNnOTRLcFZnEAE,5.0,0,2026/07/26,2018/07/28,1,Google Maps,"Good experience. April was sure to find out exactly what I wanted and did it. No hurry, very pleasant.",Thank you for being our customer! We are happy to help you!
ChZDSUhNMG9nS0VJQ0FnSURnaHAyVGJ3EAE,4.0,0,2026/07/26,2018/07/28,1,Google Maps,,Thank you!
ChZDSUhNMG9nS0VJQ0FnSUNRamM3cFBBEAE,4.0,0,2026/07/26,2018/07/28,1,Google Maps,Always get the MVP,
ChZDSUhNMG9nS0VJQ0FnSUN3X0pDMk9BEAE,3.0,2,2026/07/26,2018/07/28,1,Google Maps,You get what you pay for.,"If you would like follow up, please email with the details and location or call us at 1-800-473-2825 ext 3. We will contact you regarding your experience. Thank you, Marc."
ChZDSUhNMG9nS0VJQ0FnSURnMnY2RUZ3EAE,5.0,0,2026/07/26,2018/07/28,1,Google Maps,What a wonderful and peaceful experience. Staff are so friendly and very good at their jobs!,"Thank you for coming in, Torie! We are always happy to help you!"
ChZDSUhNMG9nS0VJQ0FnSUNndDdqM0lREAE,4.0,0,2026/07/26,2018/07/28,1,Google Maps,,Thank you!
ChZDSUhNMG9nS0VJQ0FnSURnc082Z2J3EAE,5.0,0,2026/07/26,2018/07/28,1,Google Maps,I like the haircuts I get. Prices are reasonable and the young women who work there seem to know what they are doing. Not always true of the chain haircut places.,"Thank you, Glen! We love having you as our customers!"
ChZDSUhNMG9nS0VJQ0FnSUNBOXYydlRREAE,3.0,0,2026/07/26,2018/07/28,1,Google Maps,,"If you would like to share more about your review, please email with the salon location and details, or call 800-473-2825, ext 3. Thank you."
ChZDSUhNMG9nS0VJQ0FnSUNRcmNqdWFREAE,5.0,0,2026/07/26,2018/07/28,1,Google Maps,"Good staff, nice service","Thank you, Jason!"
ChdDSUhNMG9nS0VJQ0FnSURRN05UQXJRRRAB,3.0,0,2026/07/26,2018/07/28,1,Google Maps,,"We appreciate your feedback, Fahad. If you would like to share more, please email with the details and salon location, or call us at 1-800-473-2825 ext 3 so we can best assist you and contact you. Thank you."
ChdDSUhNMG9nS0VJQ0FnSURndzQtUHBRRRAB,1.0,2,2026/07/26,2018/07/28,1,Google Maps,bad service,"We're sorry to see your rating, Johnny. If you would like follow up, please email with the salon location and details. Thank you."
ChdDSUhNMG9nS0VJQ0FnSURnd1p6WXR3RRAB,5.0,0,2026/07/26,2018/07/28,1,Google Maps,Awesome,Thank you for your rating!
ChdDSUhNMG9nS0VJQ0FnSURBOGEyTmlnRRAB,3.0,0,2026/07/26,2018/07/28,1,Google Maps,,"We appreciate your feedback, Josh. If you would like to share more, please email with the details and location or call us at 1-800-473-2825 ext 3. We will follow up with you regarding your visit. Thank you."
ChZDSUhNMG9nS0VJQ0FnSURnOG9Ec2VREAE,5.0,0,2026/07/26,2018/07/28,1,Google Maps,,Thank you!
ChZDSUhNMG9nS0VJQ0FnSUNnMlByZFVREAE,3.0,0,2026/07/26,2018/07/28,1,Google Maps,,"We appreciate your feedback. If you would like to share more, please email with the details and location, or call us at 1-800-473-2825 ext 3. We will follow up with you regarding your visit. Thank you."
ChZDSUhNMG9nS0VJQ0FnSURnd3JYNE5BEAE,3.0,0,2026/07/26,2018/07/28,1,Google Maps,,"We appreciate your feedback. If you would like follow up, please email with the details and location or call us at 1-800-473-2825 ext 3 so we can best assist you and contact you. Thank you."
ChZDSUhNMG9nS0VJQ0FnSUNBNnNXU0NREAE,5.0,0,2026/07/26,2018/07/28,1,Google Maps,,Thank you!
ChdDSUhNMG9nS0VJQ0FnSUN3eDhmUWdnRRAB,5.0,0,2026/07/26,2018/07/28,1,Google Maps,,Thank you!
ChZDSUhNMG9nS0VJQ0FnSURnbllQbFJ3EAE,5.0,0,2026/07/26,2018/07/28,1,Google Maps,,"Thank you, Ravi!"
ChZDSUhNMG9nS0VJQ0FnSURBcDdyQUtBEAE,5.0,0,2026/07/26,2018/07/28,1,Google Maps,,Thank you!
ChdDSUhNMG9nS0VJQ0FnSURnejgzSDVnRRAB,5.0,0,2026/07/26,2018/07/28,1,Google Maps,,"Thank you, Uttam!"
ChZDSUhNMG9nS0VJQ0FnSURBaWJyNmV3EAE,5.0,0,2026/07/26,2018/07/28,1,Google Maps,,"Thank you, Bertin!"
ChdDSUhNMG9nS0VJQ0FnSURBeE5ITjlnRRAB,5.0,0,2026/07/26,2018/07/28,1,Google Maps,Consistently good haircut (from Tammy for the past 3 years)! Didn't have to wait long at all. Asks if [I] want any advice on hair care products but does not push anything on you.,"Thank you, David!"
ChZDSUhNMG9nS0VJQ0FnSUNReU9YWWNnEAE,5.0,0,2026/07/26,2018/07/28,1,Google Maps,Good haircut with reasonable pricing and fast service.,"Thank you, Kurnia!"
ChdDSUhNMG9nS0VJQ0FnSUN3M3YtSDRRRRAB,3.0,0,2026/07/26,2018/07/28,1,Google Maps,,"We appreciate your feedback, Mani. If you would like to share more, please email with the details and location or call us at 1-800-473-2825 ext 3 so we can best assist you and follow up with you. Thank you."
ChdDSUhNMG9nS0VJQ0FnSUNRbmNXN3VnRRAB,5.0,0,2026/07/26,2018/07/28,1,Google Maps,Always the best folks in business,
ChdDSUhNMG9nS0VJQ0FnSURnOWZxWHR3RRAB,3.0,0,2026/07/26,2018/07/28,1,Google Maps,Never been here,
ChZDSUhNMG9nS0VJQ0FnSURRNHMtY2JBEAE,4.0,0,2026/07/26,2018/07/28,1,Google Maps,,
ChdDSUhNMG9nS0VJQ0FnSUNnbVkzd3pnRRAB,4.0,0,2026/07/26,2018/07/28,1,Google Maps,,
ChdDSUhNMG9nS0VJQ0FnSURBenU2Rmt3RRAB,4.0,0,2026/07/26,2018/07/28,1,Google Maps,,
ChdDSUhNMG9nS0VJQ0FnSUN3ckltYmxBRRAB,4.0,0,2026/07/26,2018/07/28,1,Google Maps,,Thank you!
ChdDSUhNMG9nS0VJQ0FnSUNRdy12WnhRRRAB,4.0,0,2026/07/26,2018/07/28,1,Google Maps,,Thank you!
ChZDSUhNMG9nS0VJQ0FnSURBZ3NxcFF3EAE,5.0,0,2026/07/26,2018/07/28,1,Google Maps,,Thank you!
ChdDSUhNMG9nS0VJQ0FnSUNBbnZXbjZBRRAB,4.0,0,2026/07/26,2018/07/28,1,Google Maps,,Thank you!
ChZDSUhNMG9nS0VJQ0FnSUNBeXJuWll3EAE,5.0,0,2026/07/26,2018/07/28,1,Google Maps,,Thank you!
ChZDSUhNMG9nS0VJQ0FnSUN3a05hemRnEAE,5.0,0,2026/07/26,2018/07/28,1,Google Maps,,Thank you!
ChdDSUhNMG9nS0VJQ0FnSUNRbnJ6dzFRRRAB,5.0,0,2026/07/26,2018/07/28,1,Google Maps,,Thank you!
ChdDSUhNMG9nS0VJQ0FnSUN3NllUcGhBRRAB,5.0,0,2026/07/26,2018/07/28,1,Google Maps,Nice cozy place,Thank you for being our customer!
ChZDSUhNMG9nS0VJQ0FnSURnM3Q3dlR3EAE,4.0,0,2026/07/26,2018/07/28,1,Google Maps,My son loves this Sports Clips location. We have tried other Sports Clips locations that were closer to our house and had better parking but he now will only go to this one. This store has a fun friendly atmosphere with excellent staff! Note: it's only for males... first time clients get special treatment towel service.,
ChdDSUhNMG9nS0VJQ0FnSUNnNDYycmtBRRAB,3.0,0,2026/07/26,2018/07/28,1,Google Maps,,"We appreciate your feedback. If you would like, please email with the details and location so we can best assist you and follow up with you. Thank you."
ChdDSUhNMG9nS0VJQ0FnSUN3bTVDNnlBRRAB,4.0,0,2026/07/26,2018/07/28,1,Google Maps,Excellent professional service. Affordable.,Thank you! We appreciate you being our customer!
ChdDSUhNMG9nS0VJQ0FnSURBX3FEQXdRRRAB,5.0,0,2026/07/26,2018/07/28,1,Google Maps,"Great haircuts, awesome staff, owner is a great person, friendly, polite, been going there for 2 years now and have always left very happy with my haircut, they also do ladies hair as well.",
ChZDSUhNMG9nS0VJQ0FnSURBM2VlOVFBEAE,4.0,0,2026/07/26,2018/07/28,1,Google Maps,"Good place for Haircut, very few times if you get the wrong person, things might go wrong",We appreciate you being a Great Clips customer!
ChdDSUhNMG9nS0VJQ0FnSURRbFBXWmxBRRAB,1.0,0,2026/07/26,2018/07/28,1,Google Maps,,"We're sorry to see your rating, Jeremy. If you would like, please email with the details and location or call us at 1-800-473-2825 ext 3 so we can best assist you and follow up with you. Thank you."
ChZDSUhNMG9nS0VJQ0FnSURBMHV1M0V3EAE,4.0,0,2026/07/26,2018/07/28,1,Google Maps,Was able to get taken care of quickly with my walk-in haircut request,"Thank you for coming in, Doug! We are happy to help you!"
ChZDSUhNMG9nS0VJQ0FnSURna01uSEx3EAE,4.0,0,2026/07/26,2018/07/28,1,Google Maps,,Thank you!
ChdDSUhNMG9nS0VJQ0FnSUNBN1l1TndRRRAB,4.0,0,2026/07/26,2018/07/28,1,Google Maps,,Thank you!
ChdDSUhNMG9nS0VJQ0FnSUNRMWF5ZHh3RRAB,5.0,1,2026/07/26,2018/07/28,1,Google Maps,Great Customer Service!!!,"Thank you, Theresa! We are always happy to help you!"
ChZDSUhNMG9nS0VJQ0FnSUNRbHBxLWJ3EAE,5.0,0,2026/07/26,2018/07/28,1,Google Maps,Always nice,"We are always happy to help you, Theresa! Thank you!"
ChdDSUhNMG9nS0VJQ0FnSUNndkxPVnFBRRAB,3.0,1,2026/07/26,2018/07/28,1,Google Maps,Not much expensive,"We appreciate your feedback, Shubham. If you would like, please email with the details and location. We will follow up with you regarding your experience. Thank you."
ChZDSUhNMG9nS0VJQ0FnSUN3bGRILVJREAE,3.0,0,2026/07/26,2018/07/28,1,Google Maps,,"We appreciate your feedback, Sanjay. If you would like, please email with the details and location or call us at 1-800-473-2825 ext 3 so we can best assist you and follow up with you. Thank you."
ChdDSUhNMG9nS0VJQ0FnSUNRbmFPdXlnRRAB,2.0,1,2026/07/26,2018/07/28,1,Google Maps,Overpriced for what you receive,"We're sorry to see this, David. If you would like follow up, please email with the details and location so we can best assist you and contact you. Thank you."
ChdDSUhNMG9nS0VJQ0FnSUNBeDVHZ21BRRAB,2.0,0,2026/07/26,2018/07/28,1,Google Maps,,"We're sorry to see your review, Lauren. If you would like, please email with the salon location and details, or call 800-473-2825, ext 3. We will follow up with you regarding your review from there. Thank you."
ChdDSUhNMG9nS0VJQ0FnSUNRdy1uTF93RRAB,4.0,0,2026/07/26,2018/07/28,1,Google Maps,,Thank you!
ChdDSUhNMG9nS0VJQ0FnSUNBb2FuUjRnRRAB,4.0,0,2026/07/26,2018/07/28,1,Google Maps,,Thank you!
ChdDSUhNMG9nS0VJQ0FnSUNRaUx5WDlBRRAB,3.0,0,2026/07/26,2018/07/28,1,Google Maps,,"We appreciate your feedback. If you would like follow up, please email with the details and location so we can best assist you and contact you. Thank you."
ChdDSUhNMG9nS0VJQ0FnSURBaWZYZnZBRRAB,3.0,0,2026/07/26,2018/07/28,1,Google Maps,,"We appreciate your feedback, Rama. If you would like follow up, please email with the details and location so we can best assist you and contact you. Thank you."
ChZDSUhNMG9nS0VJQ0FnSUN3bG9POEJREAE,3.0,0,2026/07/26,2018/07/28,1,Google Maps,,"We appreciate your feedback. If you would like to share more, please email with the details and location. We will follow up with you. Thank you."
ChZDSUhNMG9nS0VJQ0FnSUNBdHEtUUxnEAE,5.0,0,2026/07/26,2018/07/28,1,Google Maps,,Thank you!
ChdDSUhNMG9nS0VJQ0FnSURnNjhtTHpBRRAB,4.0,0,2026/07/26,2018/07/28,1,Google Maps,,Thank you!
ChZDSUhNMG9nS0VJQ0FnSUN3bUtTUVBnEAE,1.0,2,2026/07/26,2018/07/28,1,Google Maps,"Have been to many Great Clips, but this visit was exceptionally bad. The stylist seemed to be very upset that I came and disturbed her phone conversation. It felt very un-welcoming, will no hello or greetings. She handled me very rough and uttered not a single word while giving me my haircut. She did not even ask if it looks fine or did not show my back hairs in mirror. Just took of the apron and walked to the cash register. I have no clue what wrong did I do to deserve this treatment. Never ever going back.","We're sorry to read this, Devendra. If you would like follow up, please email with the details and location or call us at 1-800-473-2825 ext 3 so we can best assist you and contact you. Thank you."
ChZDSUhNMG9nS0VJQ0FnSUNnMDktM0tnEAE,5.0,0,2026/07/26,2018/07/28,1,Google Maps,,Thank you!
ChdDSUhNMG9nS0VJQ0FnSURBbHRTa2l3RRAB,4.0,0,2026/07/26,2018/07/28,1,Google Maps,"Good price and good service, coupons are available frequently which makes the price real low.","Thank you, Victor! We are happy to help you!"
ChZDSUhNMG9nS0VJQ0FnSURndk5uN2RnEAE,3.0,0,2026/07/26,2018/07/28,1,Google Maps,,Thank you!
ChZDSUhNMG9nS0VJQ0FnSUN3MmZqNUtnEAE,5.0,0,2026/07/26,2018/07/28,1,Google Maps,Tammy always does the best job.,"We appreciate you being our customer, Marco!"
ChZDSUhNMG9nS0VJQ0FnSUNBdnF5U093EAE,4.0,0,2026/07/26,2018/07/28,1,Google Maps,,Thank you!
ChdDSUhNMG9nS0VJQ0FnSURnODhudjVBRRAB,4.0,0,2026/07/26,2018/07/28,1,Google Maps,,Thank you!
ChdDSUhNMG9nS0VJQ0FnSURBOElxUWd3RRAB,3.0,0,2026/07/26,2018/07/28,1,Google Maps,,"We appreciate your feedback, Cory. If you would like, please email with the details and location or call us at 1-800-473-2825 ext 3 so we can best assist you and follow up with you. Thank you."
ChdDSUhNMG9nS0VJQ0FnSUNRMmFPT21RRRAB,5.0,0,2026/07/26,2018/07/28,1,Google Maps,,Thank you!
ChdDSUhNMG9nS0VJQ0FnSUNRNmNhMm5BRRAB,4.0,0,2026/07/26,2018/07/28,1,Google Maps,,Thank you!
ChZDSUhNMG9nS0VJQ0FnSUNBei1Id2RBEAE,1.0,0,2026/07/26,2018/07/28,1,Google Maps,,"We're sorry to see your rating, Walter. If you would like, please email with the details and location or call us at 1-800-473-2825 ext 3 so we can best assist you and follow up with you. Thank you."
ChZDSUhNMG9nS0VJQ0FnSURBeHVMaFR3EAE,5.0,0,2026/07/26,2018/07/28,1,Google Maps,super nice people who know how to cut,"Thank you, Jeremy! We are always happy to help you!"
ChdDSUhNMG9nS0VJQ0FnSURnMWVpd3R3RRAB,5.0,0,2026/07/26,2018/07/28,1,Google Maps,,Thank you!
ChZDSUhNMG9nS0VJQ0FnSUNBMnIyZkxBEAE,1.0,0,2026/07/26,2018/07/28,1,Google Maps,,"We're sorry to see your rating. If you would like, please email with the details and location. We will follow up with you regarding your visit. Thank you."
ChdDSUhNMG9nS0VJQ0FnSUNBaWREbzFnRRAB,3.0,0,2026/07/26,2018/07/28,1,Google Maps,,"We appreciate your feedback. If you would like, please email with the details and location. We will follow up with you regarding your visit. Thank you."
ChdDSUhNMG9nS0VJQ0FnSURnenMtZHZ3RRAB,4.0,0,2026/07/26,2018/07/28,1,Google Maps,The lady who cut my hair did a great job and it didn't take her very long to figure out what I was after. The price was decent as well.,"Thank you, Richard! We are happy to help you!"
ChdDSUhNMG9nS0VJQ0FnSURReEtlcjdRRRAB,1.0,0,2026/07/26,2018/07/28,1,Google Maps,,"We're sorry to see your rating, Stuart. If you would like follow up, please email with the details and location so we can best assist you and contact you. Thank you."
ChZDSUhNMG9nS0VJQ0FnSUNRdmJHV05BEAE,3.0,0,2026/07/26,2018/07/28,1,Google Maps,,"If you would like to share more regarding your review, please email with the salon location and details, or call 800-473-2825, ext 3. Thank you."
ChdDSUhNMG9nS0VJQ0FnSURnbnNlVGt3RRAB,4.0,0,2026/07/26,2018/07/28,1,Google Maps,,Thank you!
ChZDSUhNMG9nS0VJQ0FnSUN3M3BtTkdnEAE,3.0,1,2026/07/26,2018/07/28,1,Google Maps,Super expensive. Ok for a quick man cut.,"If you would like follow up, please email with the details and location or call us at 1-800-473-2825 ext 3. We will contact you regarding your experience. Thank you, Adam."
ChZDSUhNMG9nS0VJQ0FnSUNRaTZ2cUdREAE,4.0,0,2026/07/26,2018/07/28,1,Google Maps,"Staff was friendly and quick. For sure download the app though, cuts way back on wait times",Thank you for being our customer! See you next time!
ChdDSUhNMG9nS0VJQ0FnSUNndTZtemhBRRAB,1.0,0,2026/07/26,2018/07/28,1,Google Maps,,"We're sorry to see your rating, Ashu. If you would like follow up, please email with the details and location so we can best assist you and contact you. Thank you."
ChdDSUhNMG9nS0VJQ0FnSUNBdk1yOTBnRRAB,4.0,0,2026/07/26,2018/07/28,1,Google Maps,,Thank you!
ChdDSUhNMG9nS0VJQ0FnSUN3a2VPMGlBRRAB,4.0,0,2026/07/26,2018/07/28,1,Google Maps,"Okay hair cuts, if done nicely 5 stars",Thank you! We are happy to help you!
ChZDSUhNMG9nS0VJQ0FnSUNRejVLcFN3EAE,4.0,0,2026/07/26,2018/07/28,1,Google Maps,,Thank you!
ChdDSUhNMG9nS0VJQ0FnSURBdUxYM2xnRRAB,3.0,0,2026/07/26,2018/07/28,1,Google Maps,,"We appreciate your feedback, Arthur. If you would like follow up, please email with the details and location or call us at 1-800-473-2825 ext 3. We will contact you regarding your visit. Thank you."
ChdDSUhNMG9nS0VJQ0FnSURRdDYzWXFBRRAB,5.0,0,2026/07/26,2018/07/28,1,Google Maps,,Thank you!
ChdDSUhNMG9nS0VJQ0FnSUNnbmItNjZnRRAB,3.0,1,2026/07/26,2018/07/28,1,Google Maps,Quick cheap haircuts you pay for what you get here,"We appreciate your feedback. If you would like follow up, please email with the salon location and details, or call us at 1-800-473-2825 ext 3. We will contact you regarding your experience. Thank you for reaching out to us."
ChZDSUhNMG9nS0VJQ0FnSUNBbTY2OGF3EAE,4.0,0,2026/07/26,2018/07/28,1,Google Maps,,Thank you!
ChdDSUhNMG9nS0VJQ0FnSUN3MWZXM3F3RRAB,5.0,0,2026/07/26,2018/07/28,1,Google Maps,Affordable & great staff,"Thank you, Annie! We appreciate you being our customer!"
ChZDSUhNMG9nS0VJQ0FnSURBX05PVWF3EAE,4.0,0,2026/07/26,2018/07/28,1,Google Maps,,Thank you!
ChZDSUhNMG9nS0VJQ0FnSUNBM0tlWk9BEAE,5.0,0,2026/07/26,2018/07/28,1,Google Maps,Consistently great,"We are always happy to help you, Andy! Thank you!"
ChZDSUhNMG9nS0VJQ0FnSUNBLXZDSVV3EAE,5.0,0,2026/07/26,2018/07/28,1,Google Maps,,Thank you for your review.
ChdDSUhNMG9nS0VJQ0FnSUNBakl1VTlRRRAB,5.0,0,2026/07/26,2018/07/28,1,Google Maps,,Thank you!
ChdDSUhNMG9nS0VJQ0FnSURRb1l5dV9BRRAB,3.0,1,2026/07/26,2018/07/28,1,Google Maps,"I probably won't come here again as I haven't gotten amazing haircuts from here, but it's cheap if you need something basic.","We're sorry to hear this, Robert. If you would like follow up, please email with the details and location so we can best assist you and contact you. Thank you."
ChZDSUhNMG9nS0VJQ0FnSURRX3RpLU5nEAE,2.0,2,2026/07/26,2018/07/28,1,Google Maps,Worst place to get a haircut,"We're sorry to read this. If you would like follow up, please email with the details and location so we can best assist you and contact you. Thank you."
ChZDSUhNMG9nS0VJQ0FnSURRajZUNVVnEAE,2.0,1,2026/07/26,2018/07/28,1,Google Maps,Not liked the hair stylist...spoiled my hair style,"We're sorry to read this. If you would like, please email with the details and location or call us at 1-800-473-2825 ext 3 so we can best assist you and follow up with you. Thank you."
ChZDSUhNMG9nS0VJQ0FnSUNRcmJpV0RBEAE,5.0,0,2026/07/26,2018/07/28,1,Google Maps,Really nice place. The wait was short. And all the ladies in there are just fab.,"Thank you, Torie! We are happy to help you!"
ChZDSUhNMG9nS0VJQ0FnSUNBMThYSUFREAE,1.0,1,2026/07/26,2018/07/28,1,Google Maps,Staff is inefficient and haircuts given were haphazardly done. They spent more time on the computer than on our haircuts. Avoid this location at all costs.,"We're sorry to read this, Leesa. If you would like follow up, please email with the details and location or call us at 1-800-473-2825 ext 3. We will contact you regarding your experience. Thank you."
ChZDSUhNMG9nS0VJQ0FnSURndG9lOEd3EAE,3.0,0,2026/07/26,2018/07/28,1,Google Maps,,"We appreciate your feedback, Brittney. If you'd like to share more, please email with the details and location. We will be happy to help you. Thank you."
ChdDSUhNMG9nS0VJQ0FnSURndlBXR2xRRRAB,2.0,0,2026/07/26,2018/07/28,1,Google Maps,,"We're sorry to see your rating. If you would like, please email with the details and location or call us at 1-800-473-2825 ext 3 so we can best assist you and follow up with you. Thank you."
ChdDSUhNMG9nS0VJQ0FnSUNBN2NUWWxBRRAB,5.0,0,2026/07/26,2018/07/28,1,Google Maps,,Thank you!
ChZDSUhNMG9nS0VJQ0FnSURBcDcyZFlREAE,1.0,2,2026/07/26,2018/07/28,1,Google Maps,"My initial review was 3 stars due to my haircut. It has now dropped to one because of customer service and another haircut. After my initial review I was contacted by their corporate person (I assume) and I explained why I rated at three stars. They emailed back saying they were forwarding my concerns to the owner. I never heard anything from there on. I went back for another haircut just to give this place another chance. I got the same guy as before, his name starts with a T, last name starts with an H. Whether he uses scissors or clippers it feels like he rips more hair out than cuts. I didn't notice while I was there, but just like lady time there was a lot missed and my haircut was very uneven. All I got was a trim up and fade on the sides. I will never go back to this location and will be wary to go to any other location. For the price I can pay a little more to get a professional cut elsewhere.","We appreciate your feedback, Sean. If you would like follow up, please email with the details and location so we can best assist you and contact you. Thank you."
ChZDSUhNMG9nS0VJQ0FnSUNnaE1PSUF3EAE,3.0,0,2026/07/26,2018/07/28,1,Google Maps,,"If you would like to share more regarding your review, please email with the salon location and details, or call 800-473-2825, ext 3. We are happy to help. Thank you."
ChZDSUhNMG9nS0VJQ0FnSURBdHRhSUN3EAE,4.0,0,2026/07/26,2018/07/28,1,Google Maps,,Thank you!
ChZDSUhNMG9nS0VJQ0FnSUNBOU9QNlp3EAE,2.0,1,2026/07/26,2018/07/28,1,Google Maps,My hair looked like a rat in a trap,"We're sorry this was your experience, Jeff. If you would like, please email with the salon location and details, or call 800-473-2825, ext 3. We will follow up with you regarding your visit from there. Thank you."
ChdDSUhNMG9nS0VJQ0FnSURRdjZmd2xBRRAB,1.0,2,2026/07/26,2018/07/28,1,Google Maps,Horrible,"We're sorry to see your review. If you would like, please email with the salon location and details, or call 800-473-2825, ext 3. We will follow up with you regarding your visit from there. Thank you."
ChZDSUhNMG9nS0VJQ0FnSURnMS1Qelh3EAE,5.0,0,2026/07/26,2018/07/28,1,Google Maps,,Thank you!
ChZDSUhNMG9nS0VJQ0FnSUNRNVpyYlhBEAE,5.0,0,2026/07/26,2018/07/28,1,Google Maps,,Thank you!
ChZDSUhNMG9nS0VJQ0FnSUNnZ3EtUGV3EAE,5.0,0,2026/07/26,2018/07/28,1,Google Maps,,Thank you!
ChdDSUhNMG9nS0VJQ0FnSURnMV8zU3JRRRAB,5.0,0,2026/07/26,2018/07/28,1,Google Maps,,Thank you!
ChZDSUhNMG9nS0VJQ0FnSUN3NzRTcUhREAE,5.0,0,2026/07/26,2018/07/28,1,Google Maps,,"Thank you, Ricardo!"
ChZDSUhNMG9nS0VJQ0FnSUNRZ3N1OWZ3EAE,5.0,0,2026/07/26,2018/07/28,1,Google Maps,,Thank you!
ChdDSUhNMG9nS0VJQ0FnSUNnMnFxSGxBRRAB,1.0,0,2026/07/26,2018/07/28,1,Google Maps,,"We're sorry to see your rating. If you would like, please email with the details and location or call us at 1-800-473-2825 ext 3. We will follow up with you from there. Thank you."
ChdDSUhNMG9nS0VJQ0FnSUN3M2R2aWtBRRAB,3.0,0,2026/07/26,2018/07/28,1,Google Maps,,"We appreciate your feedback, Pranathi. If you'd like to share more, please email with the details and salon location. We will be happy to help you. Thank you."
ChZDSUhNMG9nS0VJQ0FnSURBak1HbFBBEAE,4.0,0,2026/07/26,2018/07/28,1,Google Maps,,Thank you!
ChZDSUhNMG9nS0VJQ0FnSUNBeGVhbUtnEAE,1.0,0,2026/07/26,2018/07/28,1,Google Maps,,"We're sorry to see your rating, John. If you would like, please email with the details and location or call us at 1-800-473-2825 ext 3. We will follow up with you regarding your experience. Thank you."
ChZDSUhNMG9nS0VJQ0FnSURnN3FDRkpREAE,3.0,0,2026/07/26,2018/07/28,1,Google Maps,It just depends on who you get. Lisa is the one I like,"We appreciate your feedback. If you would ever like follow up, please email with the details and location or call us at 1-800-473-2825 ext 3. Thank you."
ChdDSUhNMG9nS0VJQ0FnSUNBcHU2TTB3RRAB,5.0,0,2026/07/26,2018/07/28,1,Google Maps,,Thank you!
ChdDSUhNMG9nS0VJQ0FnSUNBaExENm53RRAB,3.0,0,2026/07/26,2018/07/28,1,Google Maps,,"We appreciate your feedback, Shawna. If you would like, please email with the details and location or call us at 1-800-473-2825 ext 3. We will follow up with you regarding your visit. Thank you."
ChdDSUhNMG9nS0VJQ0FnSURRMXZEOWlnRRAB,1.0,0,2026/07/26,2018/07/28,1,Google Maps,,"We're sorry to see your rating, Chris. If you would like, please email with the details and location or call us at 1-800-473-2825 ext 3. We will follow up with you regarding your visit. Thank you."
ChZDSUhNMG9nS0VJQ0FnSURneVBicGRBEAE,1.0,2,2026/07/26,2018/07/28,1,Google Maps,My wife went in to get hair done and she asked for layering. The hairstylist just cut off half of her hair and said that it's layered when it wasn't. Fortunately her hair was saved by the Asian gentleman that works there. Very unsatisfied with the lack of expertise here and if everyone was as skilled as that man this place would have better reviews. Suggest you go somewhere else. Do not take a chance because of cheap pricing!,"We're sorry to hear this was your wife's experience. If she would like, she is welcome to email with the details and location or call us at 1-800-473-2825 ext 3. We will follow up with her regarding her visit. Thank you."
ChdDSUhNMG9nS0VJQ0FnSUNBalp2b2hRRRAB,3.0,0,2026/07/26,2018/07/28,1,Google Maps,,"We appreciate your feedback. If you would like, please email with the salon location and details, or call 800-473-2825, ext 3. We will follow up with you regarding your experience from there. Thank you."
ChdDSUhNMG9nS0VJQ0FnSUNRdWM3LXBnRRAB,5.0,0,2026/07/26,2018/07/28,1,Google Maps,,Thank you!
ChdDSUhNMG9nS0VJQ0FnSURnc2NyS3BBRRAB,1.0,2,2026/07/26,2018/07/28,1,Google Maps,Checked in onlinr and arrived 10 minutes before closing to be told they were closed,"We're sorry to hear this was your experience, Sandra. If you would like, please email with the details and location or call us at 1-800-473-2825 ext 3. We will follow up with you regarding your visit from there. Thank you for reaching out to us."
ChdDSUhNMG9nS0VJQ0FnSURnX29lQ3ZBRRAB,4.0,0,2026/07/26,2018/07/28,1,Google Maps,Reliable place to get cheap haircuts,"Thank you, David! We are happy to help you!"
ChdDSUhNMG9nS0VJQ0FnSUNRdE9YdWpRRRAB,4.0,0,2026/07/26,2018/07/28,1,Google Maps,,Thank you!
ChdDSUhNMG9nS0VJQ0FnSURnNzZyZXpRRRAB,4.0,0,2026/07/26,2018/07/28,1,Google Maps,,Thank you!
ChdDSUhNMG9nS0VJQ0FnSUNnc3Aydmh3RRAB,2.0,0,2026/07/26,2018/07/28,1,Google Maps,,"We're sorry to see your rating. If you would like, please email with the details and location or call us at 1-800-473-2825 ext 3. We will follow up with you regarding your experience. Thank you."
ChZDSUhNMG9nS0VJQ0FnSURndHZuYWZ3EAE,1.0,0,2026/07/26,2018/07/28,1,Google Maps,,"We're sorry to see your rating, Earline. If you would like, please email with the details and location or call us at 1-800-473-2825 ext 3. We will follow up with you regarding your experience. Thank you."
ChZDSUhNMG9nS0VJQ0FnSUNBM3A3bkdREAE,5.0,0,2026/07/26,2018/07/28,1,Google Maps,Great value,"Thank you for being our customer, Donald!"
ChdDSUhNMG9nS0VJQ0FnSUNncW9mRXlBRRAB,5.0,0,2026/07/26,2018/07/28,1,Google Maps,,Thank you!
ChZDSUhNMG9nS0VJQ0FnSUNBaXFXeGVREAE,5.0,0,2026/07/26,2018/07/28,1,Google Maps,,Thank you!
ChZDSUhNMG9nS0VJQ0FnSUNBeExIVUZnEAE,4.0,0,2026/07/26,2018/07/28,1,Google Maps,Bit costly but not much of crowd,Thank you for being our customer! We appreciate your feedback.
ChdDSUhNMG9nS0VJQ0FnSUNRdWZ1Yl9nRRAB,3.0,0,2026/07/26,2018/07/28,1,Google Maps,,"We appreciate your feedback, Sindhu. If you would like follow up, please email with the details and salon location, or call us at 1-800-473-2825 ext 3 so we can best assist you and contact you. Thank you."
ChZDSUhNMG9nS0VJQ0FnSURBNjh6TFJnEAE,5.0,0,2026/07/26,2018/07/28,1,Google Maps,Affordable salon,Thank you! We are happy to help you!
ChdDSUhNMG9nS0VJQ0FnSUN3bzZ6SHhBRRAB,1.0,2,2026/07/26,2018/07/28,1,Google Maps,Horrible! Do NOT do it!!!!!,"We're sorry to see this. If you would like follow up, please email with the details and salon location, or call us at 1-800-473-2825 ext 3 so we can best assist you and contact you. Thank you."
ChZDSUhNMG9nS0VJQ0FnSURBN0s2eU5nEAE,1.0,0,2026/07/26,2018/07/28,1,Google Maps,,"We're sorry to see your rating. If you'd like, please email with the details and location or call us at 1-800-473-2825 ext 3. We will follow up with you regarding your experience. Thank you for reaching out to us."
ChZDSUhNMG9nS0VJQ0FnSUNROVlqUFZREAE,1.0,1,2026/07/26,2018/07/28,1,Google Maps,"Never been there, I'm bald.",
ChdDSUhNMG9nS0VJQ0FnSUNnc1lybzBRRRAB,4.0,0,2026/07/26,2018/07/28,1,Google Maps,,Thank you!
ChdDSUhNMG9nS0VJQ0FnSUN3NE1EdWxRRRAB,5.0,0,2026/07/26,2018/07/28,1,Google Maps,,Thank you!
ChZDSUhNMG9nS0VJQ0FnSUN3cmVxOUdREAE,4.0,0,2026/07/26,2018/07/28,1,Google Maps,They did great cuts on my girls look great,Thank you! We appreciate you being our customers!
ChZDSUhNMG9nS0VJQ0FnSUNRdDQyakV3EAE,4.0,0,2026/07/26,2018/07/28,1,Google Maps,Worth every penny,"Thank you, Pradeep! We are happy to help you!"
ChZDSUhNMG9nS0VJQ0FnSUNnaE1qOVd3EAE,5.0,0,2026/07/26,2018/07/28,1,Google Maps,,Thank you!
ChdDSUhNMG9nS0VJQ0FnSUNROXBMSnRRRRAB,4.0,0,2026/07/26,2018/07/28,1,Google Maps,,
ChdDSUhNMG9nS0VJQ0FnSUNBeFlfVjFRRRAB,4.0,0,2026/07/26,2018/07/28,1,Google Maps,,Thank you!
ChZDSUhNMG9nS0VJQ0FnSUNnaExqNVNBEAE,5.0,0,2026/07/26,2018/07/28,1,Google Maps,You can't beat the price here! I have short hair so I get mine cut every 6 to 8 weeks. All the stylists cut hair really well and they do what I ask!,"Thank you for being a loyal customer, Dianna! We appreciate you!"
ChdDSUhNMG9nS0VJQ0FnSURnckktb3BnRRAB,1.0,2,2026/07/26,2018/07/28,1,Google Maps,Not a good place,"We're sorry to read this, Yvette. If you'd like follow up, please email with the details and location or call us at 1-800-473-2825 ext 3 so we can best assist you and contact you. Thank you."
ChdDSUhNMG9nS0VJQ0FnSURReTZhS193RRAB,5.0,0,2026/07/26,2018/07/28,1,Google Maps,,Thank you!
ChZDSUhNMG9nS0VJQ0FnSUNReUpLa1VBEAE,5.0,0,2026/07/26,2018/07/28,1,Google Maps,"Moving to a new town and finding someone to trust to cut your hair can be scary right? But, not at this place. Everyone there does a great job and are top quality. Nice, and friendly service with faces you'll remember as they don't have really any turnover. Go check it out folks!",Thank you for your review! We are always happy to help you!
ChdDSUhNMG9nS0VJQ0FnSUNnNjRieHJ3RRAB,3.0,0,2026/07/26,2018/07/28,1,Google Maps,,"We appreciate your feedback, Paul. If you'd like follow up, please email with the details and location or call us at 1-800-473-2825 ext 3. We will contact you regarding your visit from there. Thank you for reaching out to us."
ChZDSUhNMG9nS0VJQ0FnSURRbThyVFdREAE,1.0,0,2026/07/26,2018/07/28,1,Google Maps,,"We're sorry to see your rating, Lori. If you would like, please email with the details and location so we can best assist you and follow up with you. Thank you."
ChZDSUhNMG9nS0VJQ0FnSUNBLU9mN01REAE,5.0,0,2026/07/26,2018/07/28,1,Google Maps,Ok,"Thank you for being our customer, Rhonda. If you would like to share more, please email with the details and location so we can best assist you and follow up with you. Thank you."
ChZDSUhNMG9nS0VJQ0FnSUNRODhTZEtBEAE,5.0,0,2026/07/26,2018/07/28,1,Google Maps,👍👍👍 …,Thank you!!
ChZDSUhNMG9nS0VJQ0FnSURnX19ySUx3EAE,5.0,0,2026/07/26,2018/07/28,1,Google Maps,,Thank you!
ChdDSUhNMG9nS0VJQ0FnSUN3MjRic253RRAB,1.0,2,2026/07/26,2018/07/28,1,Google Maps,"My hair was cuted more than expected, too short from the top and the guy who did it wanted to invent a new looking way for my hair????? unbelievable!!!","We're sorry this was your experience, Bernardo. If you would like, please email with the salon location and details, or call 800-473-2825, ext 3. We will follow up with you from there. Thank you."
ChdDSUhNMG9nS0VJQ0FnSUN3d19tbDN3RRAB,5.0,0,2026/07/26,2018/07/28,1,Google Maps,They cut the style I like the right way.,"Thank you for being our customer, Joan! We are happy to help you!"
ChZDSUhNMG9nS0VJQ0FnSURnbGQ2VUNnEAE,5.0,0,2026/07/26,2018/07/28,1,Google Maps,,Thank you!
ChZDSUhNMG9nS0VJQ0FnSURnNnNycGRnEAE,4.0,0,2026/07/26,2018/07/28,1,Google Maps,,Thank you!
ChdDSUhNMG9nS0VJQ0FnSUNBcmRxNzFnRRAB,5.0,0,2026/07/26,2018/07/28,1,Google Maps,,Thank you!
ChZDSUhNMG9nS0VJQ0FnSUNnM0tfdGNBEAE,1.0,1,2026/07/26,2018/07/28,1,Google Maps,"Food was ok, service was terrible, waitress was cranky, won't go back.",
ChZDSUhNMG9nS0VJQ0FnSUN3M295X1BnEAE,5.0,0,2026/07/26,2018/07/28,1,Google Maps,Great service every time I go in. The pizza is amazing and worth the wait for it to cook at home.,
ChdDSUhNMG9nS0VJQ0FnSUNROElQNHBnRRAB,5.0,0,2026/07/26,2018/07/28,1,Google Maps,Courteous staff,Thank you!
ChZDSUhNMG9nS0VJQ0FnSUNBcHQ3bWN3EAE,4.0,0,2026/07/26,2018/07/28,1,Google Maps,,Thank you!
ChdDSUhNMG9nS0VJQ0FnSURRc2RfamdRRRAB,5.0,0,2026/07/26,2018/07/28,1,Google Maps,,Thank you!
ChdDSUhNMG9nS0VJQ0FnSUNRMk52OG1RRRAB,5.0,0,2026/07/26,2018/07/28,1,Google Maps,,Thank you!
ChZDSUhNMG9nS0VJQ0FnSUNnMDlxY2JnEAE,5.0,0,2026/07/26,2018/07/28,1,Google Maps,Good staff and good haircut,Thank you! We look forward to your next visit!
ChdDSUhNMG9nS0VJQ0FnSURBblBmN3NBRRAB,5.0,0,2026/07/26,2018/07/28,1,Google Maps,,Thank you!
ChZDSUhNMG9nS0VJQ0FnSUNBNjlydEdnEAE,5.0,0,2026/07/26,2018/07/28,1,Google Maps,Quick and professional.,Thank you! We are happy to help you!
ChdDSUhNMG9nS0VJQ0FnSUNRb0pxbS1nRRAB,5.0,0,2026/07/26,2018/07/28,1,Google Maps,,Thank you!
ChdDSUhNMG9nS0VJQ0FnSURRcUwyWTV3RRAB,1.0,2,2026/07/26,2018/07/28,1,Google Maps,"I had a terrible experience today. The hairstylist name is Stephani!!! I have been going there for more than 2 years. But today it was terrible. It seemed like the lady was thinking that my head is some wood or concrete - such a rough handling of comb and the trimmer on my head. I told her to be gentle, she wasn't even listening to me. My head, neck and ears are all messed up with red marks.","We're sorry to see this. If you'd like, please email with the details and location so we can best assist you and contact you. Thank you."
ChZDSUhNMG9nS0VJQ0FnSURBaG91QWNnEAE,3.0,0,2026/07/26,2018/07/28,1,Google Maps,,"We appreciate your feedback, Mary. If you'd like, please email with the details and location or call us at 1-800-473-2825 ext 3. We will follow up with you from there. Thank you."
ChdDSUhNMG9nS0VJQ0FnSUNneWNXaG5BRRAB,4.0,0,2026/07/26,2018/07/28,1,Google Maps,,Thank you!
ChdDSUhNMG9nS0VJQ0FnSURnMUtXZW13RRAB,4.0,0,2026/07/26,2018/07/28,1,Google Maps,,Thank you!
ChZDSUhNMG9nS0VJQ0FnSURRM0l6LWJ3EAE,4.0,0,2026/07/26,2018/07/28,1,Google Maps,,Thank you!
ChdDSUhNMG9nS0VJQ0FnSURRaHJxVG53RRAB,4.0,0,2026/07/26,2018/07/28,1,Google Maps,"Everytime I come here I get a different person it seems and my experience has been great no matter who is cutting my hair. I've honestly gone to more expensive barber's and I really don't see a difference. Get my hair cut here, a bottle from Twin Liquors next door, and grab my groceries at HEB across the shopping center. Very convenient location and friendly staff.","Thank you, Jesse! We look forward to seeing you next time!"
ChdDSUhNMG9nS0VJQ0FnSURRbi0tQWpBRRAB,3.0,0,2026/07/26,2018/07/28,1,Google Maps,"If you're a white guy and don't speak spanish, don't go to this place. I had to go back and get mine fixed due to lack of communication.","We're sorry this was your experience, John. If you'd like, please email with the details and location or call us at 1-800-473-2825 ext 3. We will follow up with you. Thank you."
ChZDSUhNMG9nS0VJQ0FnSUNnb3VmZ1d3EAE,1.0,2,2026/07/26,2018/07/28,1,Google Maps,They have a new Chinese barber who doesn’t know how to do anything on the register and tried to lie saying that kids that are 10 have to pay for adult price. They used to have Tuesday discounts but they stopped doing it and after all that BS I was asked to give a tip. YOU SUCK GREAT CLIPS!,"If you would like follow up, please email with the details and location or call us at 1-800-473-2825 ext 3. Thank you."
ChdDSUhNMG9nS0VJQ0FnSUNBcnZqbi13RRAB,4.0,0,2026/07/26,2018/07/28,1,Google Maps,,Thank you!
ChZDSUhNMG9nS0VJQ0FnSUNBcmZXX1JREAE,5.0,0,2026/07/26,2018/07/28,1,Google Maps,,Thank you!
ChdDSUhNMG9nS0VJQ0FnSUNneS1MM3hRRRAB,1.0,0,2026/07/26,2018/07/28,1,Google Maps,,"If you'd like to share more, please email with the details and location or call us at 1-800-473-2825 ext 3. We will follow up with you regarding your experience. Thank you."
ChZDSUhNMG9nS0VJQ0FnSUNnd2V6TktnEAE,1.0,0,2026/07/26,2018/07/28,1,Google Maps,,"We value your feedback. If you'd like to share more, please email with the details and location. We will be happy to help you. Thank you."
ChZDSUhNMG9nS0VJQ0FnSUNBZzlUb1J3EAE,4.0,0,2026/07/26,2018/07/28,1,Google Maps,Good deals,Thank you for being our customer!
ChZDSUhNMG9nS0VJQ0FnSURndjQzYlJnEAE,5.0,0,2026/07/26,2018/07/28,1,Google Maps,Nice ladies to receive a cut from,"Thank you, Michael! We're always happy to help you!"
ChZDSUhNMG9nS0VJQ0FnSURnLTRHN1BBEAE,4.0,0,2026/07/26,2018/07/28,1,Google Maps,,Thank you!
ChdDSUhNMG9nS0VJQ0FnSUNnMkkzajd3RRAB,5.0,0,2026/07/26,2018/07/28,1,Google Maps,,Thank you!
ChZDSUhNMG9nS0VJQ0FnSURnNDhhb2ZnEAE,4.0,0,2026/07/26,2018/07/28,1,Google Maps,,Thank you!
ChdDSUhNMG9nS0VJQ0FnSUNBckkyQnpRRRAB,2.0,0,2026/07/26,2018/07/28,1,Google Maps,,"If you'd like to share more regarding your review, please email with the details and location. We will be happy to help you. Thank you."
ChdDSUhNMG9nS0VJQ0FnSURRcEk2SzVRRRAB,5.0,0,2026/07/26,2018/07/28,1,Google Maps,,Thank you!
ChZDSUhNMG9nS0VJQ0FnSUN3cElENlp3EAE,3.0,1,2026/07/26,2018/07/28,1,Google Maps,This review is for the HEB grocery store not Great Clips. Nice clean store but it is small with limited selection. I especially dislike having to get my shopping cart out doors and having it soaking wet from the rain.,
ChZDSUhNMG9nS0VJQ0FnSURnc3IzSlFREAE,3.0,0,2026/07/26,2018/07/28,1,Google Maps,,"We value your feedback. If you'd like to share more, please email with the details and location. Thank you."
ChZDSUhNMG9nS0VJQ0FnSURneWJhN2N3EAE,3.0,0,2026/07/26,2018/07/28,1,Google Maps,,"We appreciate your feedback, Jonathan. If you'd like to share more, please email with the details and location. Thank you."
ChdDSUhNMG9nS0VJQ0FnSUNBLU5IcTNBRRAB,3.0,0,2026/07/26,2018/07/28,1,Google Maps,,"We value your feedback. If you'd like follow up, please email with the details and location or call us at 1-800-473-2825 ext 3 so we can best assist you and contact you. Thank you."
ChZDSUhNMG9nS0VJQ0FnSURBaF9tbFBREAE,3.0,0,2026/07/26,2018/07/28,1,Google Maps,Ok,Thank you!
ChdDSUhNMG9nS0VJQ0FnSURnOG9fSm53RRAB,5.0,0,2026/07/26,2018/07/28,1,Google Maps,Jenny Ramirez cut my hair. She's awesome and did a great job,We appreciate you being our customer! Thank you for your review!
ChZDSUhNMG9nS0VJQ0FnSURnekptSEZnEAE,4.0,0,2026/07/26,2018/07/28,1,Google Maps,,Thank you!
ChdDSUhNMG9nS0VJQ0FnSUN3bWJ1Z3ZnRRAB,5.0,0,2026/07/26,2018/07/28,1,Google Maps,,Thank you!
ChdDSUhNMG9nS0VJQ0FnSUN3dlllOS1nRRAB,5.0,0,2026/07/26,2018/07/28,1,Google Maps,Excellent service,Thank you for being our customer! See you next time!
ChZDSUhNMG9nS0VJQ0FnSUNncHFuTldnEAE,4.0,0,2026/07/26,2018/07/28,1,Google Maps,,Thank you!
ChdDSUhNMG9nS0VJQ0FnSUNRMXFyYnpRRRAB,5.0,0,2026/07/26,2018/07/28,1,Google Maps,,Thank you!
ChdDSUhNMG9nS0VJQ0FnSUNBX3NySmpBRRAB,4.0,0,2026/07/26,2018/07/28,1,Google Maps,,Thank you!
ChdDSUhNMG9nS0VJQ0FnSURBbFlhUzl3RRAB,4.0,0,2026/07/26,2018/07/28,1,Google Maps,,Thank you!
ChZDSUhNMG9nS0VJQ0FnSURRaFllaVVnEAE,3.0,0,2026/07/26,2018/07/28,1,Google Maps,,"If you would like follow up, please email with the details and location or call us at 1-800-473-2825 ext 3 so we can best assist you. Thank you, Nolan."
ChZDSUhNMG9nS0VJQ0FnSUNna01EdlFBEAE,4.0,0,2026/07/26,2018/07/28,1,Google Maps,,Thank you!
ChZDSUhNMG9nS0VJQ0FnSUNBbk9PWVVBEAE,4.0,0,2026/07/26,2018/07/28,1,Google Maps,,Thank you!
ChZDSUhNMG9nS0VJQ0FnSUNRdWRmY1B3EAE,5.0,0,2026/07/26,2018/07/28,1,Google Maps,,Thank you!
ChZDSUhNMG9nS0VJQ0FnSURRZzYtOWJREAE,3.0,0,2026/07/26,2018/07/28,1,Google Maps,,"We value your feedback, Dean. If you'd like, please call us at 1-800-473-2825 ext 3 or email with the details and location so we can best assist you and contact you. Thank you."
ChdDSUhNMG9nS0VJQ0FnSUNBNktxdWpBRRAB,1.0,0,2026/07/26,2018/07/28,1,Google Maps,,"We're sorry to see your rating, Ryan. If you'd like, please email with the details and location or call us at 1-800-473-2825 ext 3. We will get in touch with you from there. Thank you for reaching out."
ChZDSUhNMG9nS0VJQ0FnSUNBMWJPUldnEAE,3.0,0,2026/07/26,2018/07/28,1,Google Maps,Prepare to wait long time.,"You're always welcome to check-in online at If you'd like follow up or have questions, please call us at 1-800-473-2825 ext 3 or email with the salon location and details. Thank you, Suresh."
ChdDSUhNMG9nS0VJQ0FnSURROV9Yc3JRRRAB,3.0,0,2026/07/26,2018/07/28,1,Google Maps,Mediocre rating for medicore service,"We're sorry to see your review, Kegan. If you would like to share more, please email with the salon location and details, or call 800-473-2825, ext 3. We will follow up with you from there. Thank you."
ChdDSUhNMG9nS0VJQ0FnSURBN2ZucHZnRRAB,2.0,0,2026/07/26,2018/07/28,1,Google Maps,,"We're sorry to see your review, Derek. If you would like to share more, please email with the salon location and details, or call 800-473-2825, ext 3. We will follow up with you from there. Thank you."
ChZDSUhNMG9nS0VJQ0FnSUN3eUttbUJnEAE,3.0,0,2026/07/26,2018/07/28,1,Google Maps,,"If you'd like to share more regarding your review, please email with the details and location or call us at 1-800-473-2825 ext 3. We will be happy to help you. Thank you."
ChZDSUhNMG9nS0VJQ0FnSUNBeU1DNE5REAE,4.0,0,2026/07/26,2018/07/28,1,Google Maps,,Thank you for your rating! We're happy to have you as our customer!
ChZDSUhNMG9nS0VJQ0FnSURRMV9xN1dnEAE,4.0,0,2026/07/26,2018/07/28,1,Google Maps,,"Thank you, Amanda!"
ChdDSUhNMG9nS0VJQ0FnSUN3b1lLTHRRRRAB,4.0,0,2026/07/26,2018/07/28,1,Google Maps,Very clean and inviting,We are always happy to help you! See you next time!
ChdDSUhNMG9nS0VJQ0FnSUNnZ082OG9RRRAB,5.0,0,2026/07/26,2018/07/28,1,Google Maps,,"Thank you, Wade!"
ChZDSUhNMG9nS0VJQ0FnSUNBdnFYSVpBEAE,5.0,0,2026/07/26,2018/07/28,1,Google Maps,Friendly staff. Wait time can be avoided with online checkin,Thank you for being our customer! See you next time!
ChdDSUhNMG9nS0VJQ0FnSURBcWNtZnJ3RRAB,3.0,0,2026/07/26,2018/07/28,1,Google Maps,,"If you'd like to share more or would like follow up, please call us at 1-800-473-2825 ext 3 or email with the details and salon location. We will be happy to help you. Thank you."
ChZDSUhNMG9nS0VJQ0FnSUNnM2RhN2ZnEAE,3.0,0,2026/07/26,2018/07/28,1,Google Maps,Ok,"We value your feedback, Dori. If you'd like follow up, please call us at 1-800-473-2825 ext 3 or email with the details and location so we can best assist you and contact you. Thank you."
ChdDSUhNMG9nS0VJQ0FnSUNndjhUWjhBRRAB,2.0,0,2026/07/26,2018/07/28,1,Google Maps,,"If you'd like follow up or would like to share more, please call us at 1-800-473-2825 ext 3 or email with the details and location. Thank you!"
ChZDSUhNMG9nS0VJQ0FnSURRNG9qZk9BEAE,1.0,2,2026/07/26,2018/07/28,1,Google Maps,Worst place ever,"If you would like to share more, please email with the details and location. We will be happy to help you. Thank you."
ChZDSUhNMG9nS0VJQ0FnSURBMlBpU0RREAE,2.0,2,2026/07/26,2018/07/28,1,Google Maps,Not a suitable place for toddler haircuts,"We're sorry to read this, Ritesh. If you'd like, please call us at 1-800-473-2825 ext 3 or email with the details and location. We will follow up with you regarding your experience. Thank you for reaching out to us."
ChZDSUhNMG9nS0VJQ0FnSUN3OUtqR0JREAE,3.0,0,2026/07/26,2018/07/28,1,Google Maps,It was an ok haircut,"We value your feedback, Harvey. If you'd like, please call us at 1-800-473-2825 ext 3 or email with the details and location. We will follow up with you regarding your experience. Thank you for reaching out to us."
ChdDSUhNMG9nS0VJQ0FnSUNRNk1hZWlRRRAB,1.0,0,2026/07/26,2018/07/28,1,Google Maps,,"We're sorry to see your rating, Adam. If you'd like, please call us at 1-800-473-2825 ext 3 or email with the details and location. We will get in touch with you from there. Thank you."
ChZDSUhNMG9nS0VJQ0FnSUNBNk5MRmVBEAE,2.0,0,2026/07/26,2018/07/28,1,Google Maps,To long of a wait,"We're sorry about your wait, Joe. If you'd like follow up, please call us at 1-800-473-2825 ext 3 or email with the details and location. We will get in touch with you from there. Thank you."
ChZDSUhNMG9nS0VJQ0FnSUNnbVAzaU9REAE,4.0,0,2026/07/26,2018/07/28,1,Google Maps,"Good service and best if you schedule online and then go to the salon. I have been on and off using this place for the past 3 or so years, there are a few great employees who you get used to and then they leave. The new folks are good but miss the familiarity. Reliable and quick. Prices are good and make sure you tip them well. They do a good job.",Thank you for your rating!
ChZDSUhNMG9nS0VJQ0FnSUN3ODRTT0ZBEAE,3.0,0,2026/07/26,2018/07/28,1,Google Maps,,"If you would like to share more regarding your review, please email with the salon location and details, or call 800-473-2825, ext 3. We will follow up with you from there. Thank you, Martha."
ChZDSUhNMG9nS0VJQ0FnSUNBMWZLZkpnEAE,2.0,0,2026/07/26,2018/07/28,1,Google Maps,,"We're sorry to see your rating, Erin. If you'd like, please call us at 1-800-473-2825 ext 3 or email with the details and location. We will get in touch with you from there. Thank you."
ChZDSUhNMG9nS0VJQ0FnSURBa09YSkt3EAE,4.0,0,2026/07/26,2018/07/28,1,Google Maps,Very good,Thank you for being our customer! We're happy to help you!
ChZDSUhNMG9nS0VJQ0FnSUNRcHVHYlFBEAE,3.0,0,2026/07/26,2018/07/28,1,Google Maps,,"We value your feedback. If you'd like, please call us at 1-800-473-2825 ext 3 or email with the details and location. We will get in touch with you from there. Thank you."
ChZDSUhNMG9nS0VJQ0FnSURnMm8tdWVBEAE,3.0,0,2026/07/26,2018/07/28,1,Google Maps,,"We appreciate your feedback. If you'd like to share more, please call us at 1-800-473-2825 ext 3 or email with the details and location. Thank you!"
ChZDSUhNMG9nS0VJQ0FnSUNnc0otTERBEAE,3.0,2,2026/07/26,2018/07/28,1,Google Maps,They were running discounts for all customers and I went there when they are about to close in 15 minutes. The lady who did my hair cut didn't do it properly and I am not at all satisfied.,"We're sorry to hear this was your experience, Hemanth. If you'd like, please call us at 1-800-473-2825 ext 3 or email with the details and location. We will get in touch with you from there. Thank you."
ChZDSUhNMG9nS0VJQ0FnSURnbnVtc0FREAE,4.0,0,2026/07/26,2018/07/28,1,Google Maps,Courteous And experienced artist,"We're always happy to help you, Syed! Thank you for your feedback!"
ChdDSUhNMG9nS0VJQ0FnSUNBbUptbHpRRRAB,2.0,2,2026/07/26,2018/07/28,1,Google Maps,The person I was using is no longer there. I wasn't impressed with my last visit.,"We're sorry to see this, Janet. If you'd like follow up, please call us at 1-800-473-2825 ext 3 or email with the details and location so we can best assist you and contact you. Thank you."
ChdDSUhNMG9nS0VJQ0FnSURBcnA2QXFBRRAB,5.0,0,2026/07/26,2018/07/28,1,Google Maps,Service there was great I loved it and I got a good haircut in the end,"We love to hear this, Holly! Thank you for coming in!"
ChZDSUhNMG9nS0VJQ0FnSURBb2FhelFREAE,3.0,0,2026/07/26,2018/07/28,1,Google Maps,,"If you'd like to share more, please email with the details and location so we can best assist you and follow up with you. Thank you for reaching out."
ChRDSUhNMG9nS0VJQ0FnSUN3aW9NMBAB,1.0,0,2026/07/26,2018/07/28,1,Google Maps,,"If you'd like to share more, please email with the details and location so we can best assist you and follow up with you. Thank you for reaching out."
ChZDSUhNMG9nS0VJQ0FnSUN3MklxdkNnEAE,5.0,0,2026/07/26,2018/07/28,1,Google Maps,,We appreciate your review!
ChdDSUhNMG9nS0VJQ0FnSURBMDdTVmt3RRAB,4.0,0,2026/07/26,2018/07/28,1,Google Maps,Excellent haircut,Thank you for coming in! We're always happy to help you!
ChZDSUhNMG9nS0VJQ0FnSUN3d2I3a0FREAE,5.0,0,2026/07/26,2018/07/28,1,Google Maps,,We appreciate your review!
ChdDSUhNMG9nS0VJQ0FnSUNnMDRfOTVBRRAB,3.0,0,2026/07/26,2018/07/28,1,Google Maps,,"If you'd like to share more, please call us at 1-800-473-2825 ext 3 or email with the details and location. We will be happy to help you. Thank you."
ChZDSUhNMG9nS0VJQ0FnSURRNmZxMkhnEAE,4.0,1,2026/07/26,2018/07/28,1,Google Maps,"Decent straight razor shave. Perfect place for a ""dude"" day out.","Thank you for being our customer, Jon!"
ChdDSUhNMG9nS0VJQ0FnSUNBM0oySzlnRRAB,5.0,0,2026/07/26,2018/07/28,1,Google Maps,"Great place, and you get a Dell discount","Thank you for coming in, Charlie! We hope to see you again next time!"
ChZDSUhNMG9nS0VJQ0FnSUNBdjZfNVFBEAE,4.0,0,2026/07/26,2018/07/28,1,Google Maps,I Liked it,"Thank you for coming in, Rajeev! We hope to see you again!"
ChZDSUhNMG9nS0VJQ0FnSURBMWZDbmNBEAE,5.0,0,2026/07/26,2018/07/28,1,Google Maps,,We appreciate your review! Thank you!
ChdDSUhNMG9nS0VJQ0FnSUNnNHRfTzlRRRAB,2.0,0,2026/07/26,2018/07/28,1,Google Maps,,Thank you!
ChdDSUhNMG9nS0VJQ0FnSURnM3MzdTBRRRAB,4.0,0,2026/07/26,2018/07/28,1,Google Maps,,Thank you for your review!
ChdDSUhNMG9nS0VJQ0FnSUN3NzlXNmp3RRAB,4.0,0,2026/07/26,2018/07/28,1,Google Maps,,Thank you!
ChZDSUhNMG9nS0VJQ0FnSURneTdXOUxBEAE,5.0,0,2026/07/26,2018/07/28,1,Google Maps,Nice people. Excellent work!,"Thank you for your review, Daniel! We appreciate you being our customer!"
ChdDSUhNMG9nS0VJQ0FnSURBaWU3ZzB3RRAB,3.0,0,2026/07/26,2018/07/28,1,Google Maps,,"We value your feedback, Nguyen. If you'd like, please call us at 1-800-473-2825 ext 3 or email with the details and location so we can best assist you and follow up with you. Thank you."
ChZDSUhNMG9nS0VJQ0FnSUNneGFyMFdBEAE,5.0,0,2026/07/26,2018/07/28,1,Google Maps,Got the haircut I asked for.,"Thank you for coming in, Scott! We hope to see you again!"
ChdDSUhNMG9nS0VJQ0FnSUNnX2RLeG5BRRAB,3.0,0,2026/07/26,2018/07/28,1,Google Maps,,"If you would like to share more regarding your review, please email with the salon location and details, or call 800-473-2825, ext 3. We will follow up with you from there. Thank you."
ChdDSUhNMG9nS0VJQ0FnSUN3amU3bnF3RRAB,3.0,1,2026/07/26,2018/07/28,1,Google Maps,Only two people cutting hair and long waiting list. Understaffed,"We're sorry this was your experience, Kevin. If you would like, please email with the salon location and details, or call 800-473-2825, ext 3. We will follow up with you from there. Thank you."
ChdDSUhNMG9nS0VJQ0FnSUNROFkyaS1BRRAB,5.0,0,2026/07/26,2018/07/28,1,Google Maps,,Thank you!
ChZDSUhNMG9nS0VJQ0FnSURBdU5tcGJnEAE,3.0,0,2026/07/26,2018/07/28,1,Google Maps,,"We appreciate your feedback, Xavier. If you'd like, please call us at 1-800-473-2825 ext 3 or email with the details and location so we can best assist you and follow up with you. Thank you."
ChdDSUhNMG9nS0VJQ0FnSURnanBieHRRRRAB,4.0,0,2026/07/26,2018/07/28,1,Google Maps,,"Thank you, John!"
ChZDSUhNMG9nS0VJQ0FnSURRZ3Y3WlVREAE,5.0,0,2026/07/26,2018/07/28,1,Google Maps,,"Thank you, Phillip!"
ChdDSUhNMG9nS0VJQ0FnSUN3MjhmQTFRRRAB,2.0,2,2026/07/26,2018/07/28,1,Google Maps,Not a place i would go again,"If you'd like follow up or would like to share more, please email with the details and location or call us at 1-800-473-2825 ext 3. We will get in touch with you from there. Thank you."
ChZDSUhNMG9nS0VJQ0FnSURRLU5qcExBEAE,4.0,0,2026/07/26,2018/07/28,1,Google Maps,This is a great place to visit .,Thank you!
ChZDSUhNMG9nS0VJQ0FnSUNndV9XZ2JREAE,3.0,0,2026/07/26,2018/07/28,1,Google Maps,Birds is better.,"If you'd like follow up regarding a visit, please email with the details and location or call us at 1-800-473-2825 ext 3. Thank you, Jacob."
ChZDSUhNMG9nS0VJQ0FnSUNnaFlhT1lBEAE,2.0,0,2026/07/26,2018/07/28,1,Google Maps,,"If you'd like to share more, please email with the details and location or call us at 1-800-473-2825 ext 3 so we can best assist you and follow up with you. Thank you."
ChZDSUhNMG9nS0VJQ0FnSURnX3Z1NkZREAE,5.0,0,2026/07/26,2018/07/28,1,Google Maps,Great haircut. Friendly service,"Thank you, Dale! We're always happy to help!"
ChZDSUhNMG9nS0VJQ0FnSUNRcXRxSWFBEAE,5.0,0,2026/07/26,2018/07/28,1,Google Maps,I really like this idea that having a lot of special picture shows that I forget,Thank you for being our customer! We are happy to help you!
ChdDSUhNMG9nS0VJQ0FnSURRcklDSHZRRRAB,1.0,0,2026/07/26,2018/07/28,1,Google Maps,,"We are sorry to see your review, Fran. If you would like to share more, please email with the salon location and details, or call 800-473-2825, ext 3. We will follow up with you from there. Thank you."
ChdDSUhNMG9nS0VJQ0FnSURnNzVEam9BRRAB,2.0,0,2026/07/26,2018/07/28,1,Google Maps,,"We're sorry to see your rating, Roylee. If you'd like, please email with the details and location or call us at 1-800-473-2825 ext 3 so we can best assist you and follow up with you. Thank you."
ChZDSUhNMG9nS0VJQ0FnSUNneHRyUVF3EAE,2.0,0,2026/07/26,2018/07/28,1,Google Maps,,"If you'd like to share more, please email with the details and location or call us at 1-800-473-2825 ext 3. We will be happy to help you. Thank you."
ChZDSUhNMG9nS0VJQ0FnSUNBeXFQWWJnEAE,2.0,0,2026/07/26,2018/07/28,1,Google Maps,,"If you'd like to share more, please email with the details and location or call us at 1-800-473-2825 ext 3. We will be happy to help you. Thank you."
ChZDSUhNMG9nS0VJQ0FnSURnNTlqYUVnEAE,5.0,0,2026/07/26,2018/07/28,1,Google Maps,,Thank you!
ChZDSUhNMG9nS0VJQ0FnSUNRZzVpRklBEAE,3.0,0,2026/07/26,2018/07/28,1,Google Maps,Nice ✂ cuts!!!!,"Thank you, Keisha!"
ChZDSUhNMG9nS0VJQ0FnSUNnanNEakRBEAE,5.0,0,2026/07/26,2018/07/28,1,Google Maps,,Thank you!
ChdDSUhNMG9nS0VJQ0FnSUN3cy1QcG5nRRAB,3.0,0,2026/07/26,2018/07/28,1,Google Maps,Nice spot,"Thanks for being our customer, Tarranrte!"
ChdDSUhNMG9nS0VJQ0FnSURBd2NiWmpBRRAB,3.0,0,2026/07/26,2018/07/28,1,Google Maps,,"We appreciate your feedback, Brittany. If you'd like, please email with the details and location or call us at 1-800-473-2825 ext 3 so we can best assist you and follow up with you. Thank you."
ChdDSUhNMG9nS0VJQ0FnSURBaktyc3p3RRAB,5.0,0,2026/07/26,2018/07/28,1,Google Maps,,"Thank you, Shawna! We appreciate your review!"
ChdDSUhNMG9nS0VJQ0FnSUNBeGRmN3NRRRAB,5.0,0,2026/07/26,2018/07/28,1,Google Maps,Nice place and people,"Thank you, Siva!"
ChZDSUhNMG9nS0VJQ0FnSUN3eTRUNWJ3EAE,4.0,0,2026/07/26,2018/07/28,1,Google Maps,Very pleasant and nice barber,"Thank you, Tapan!"
ChdDSUhNMG9nS0VJQ0FnSUNRdGRmcGt3RRAB,5.0,0,2026/07/26,2018/07/28,1,Google Maps,,"Thank you, Jackie!"
ChdDSUhNMG9nS0VJQ0FnSUNRX0lLcS13RRAB,5.0,0,2026/07/26,2018/07/28,1,Google Maps,They keep notes on which style haircut you had previously so I don't have to explain what I want each time. I love the style.,"Thank you for being our customer, Karen! We appreciate you!"
ChdDSUhNMG9nS0VJQ0FnSURBOFp5QTJBRRAB,3.0,0,2026/07/26,2018/07/28,1,Google Maps,Ok for the price.,"We appreciate your feedback, Judith. If you'd like follow up, please email with the details and location or call us at 1-800-473-2825 ext 3. We will contact you regarding your experience from there. Thank you."
ChdDSUhNMG9nS0VJQ0FnSURnakxQUDJBRRAB,1.0,2,2026/07/26,2018/07/28,1,Google Maps,The worst haircut in my life!!,"We're sorry to hear this was your experience, Marian. If you'd like, please email with the details and location or call us at 1-800-473-2825 ext 3. We will follow up with you from there. Thank you for reaching out."
ChZDSUhNMG9nS0VJQ0FnSURRdXVhSFpBEAE,1.0,0,2026/07/26,2018/07/28,1,Google Maps,,"We're sorry to see your rating, Derrick. If you'd like, please email with the details and location or call us at 1-800-473-2825 ext 3. We will follow up with you from there. Thank you for reaching out."
ChZDSUhNMG9nS0VJQ0FnSUNBZzZfYlZBEAE,5.0,0,2026/07/26,2018/07/28,1,Google Maps,,"Thank you, Ragini!"
ChdDSUhNMG9nS0VJQ0FnSURRLTR1MGlnRRAB,2.0,0,2026/07/26,2018/07/28,1,Google Maps,,"If you'd like to share more, please email with the details and location or call us at 1-800-473-2825 ext 3. We will be happy to help you. Thank you!"
ChdDSUhNMG9nS0VJQ0FnSURBbFpXMzFRRRAB,4.0,0,2026/07/26,2018/07/28,1,Google Maps,,"Thank you, Khurram!"
ChZDSUhNMG9nS0VJQ0FnSURnd1kzREpREAE,4.0,0,2026/07/26,2018/07/28,1,Google Maps,,Thank you!
ChZDSUhNMG9nS0VJQ0FnSUNBMUlpN1lREAE,5.0,0,2026/07/26,2018/07/28,1,Google Maps,,Thank you for your rating! See you next time!
ChdDSUhNMG9nS0VJQ0FnSURnei1YOHlnRRAB,4.0,0,2026/07/26,2018/07/28,1,Google Maps,,Thank you for your review! We look forward to your next visit!
ChdDSUhNMG9nS0VJQ0FnSURReVAtTjl3RRAB,3.0,0,2026/07/26,2018/07/28,1,Google Maps,,"If you would like to share more regarding your review, please email with the salon location and details, or call 800-473-2825, ext 3. We will follow up with you from there. Thank you."
ChdDSUhNMG9nS0VJQ0FnSUNnNDVUZGhnRRAB,1.0,3,2026/07/26,2018/07/28,1,Google Maps,"I have long,thick hair I asked for a trim and style I showed her a photo of the bangs but not the rest just bangs..she cut the back of my hair so uneven and the bangs are chin level the photo was just at eye level..when she finished blow drying I asked her to curl and style muy hair her reply was no!! Do I want to return here? No!! Will I tell my friends about the poor service? Yes!! She acted as if she knew nothing about hairstyling..","We're sorry this was your experience. If you would like follow up, please email with the details and location or call us at 1-800-473-2825 ext 3 so we can best assist you and get in touch with you. Thank you for reaching out."
ChdDSUhNMG9nS0VJQ0FnSURROHJHanR3RRAB,1.0,0,2026/07/26,2018/07/28,1,Google Maps,,"We’re sorry to see your rating, Tammy. If you'd like follow up, please call us at 1-800-473-2825 ext 3 or email with the details and location so we can best assist you and contact you. Thank you."
ChZDSUhNMG9nS0VJQ0FnSURRM1ktbGJnEAE,1.0,2,2026/07/26,2018/07/28,1,Google Maps,Asked for a fade on all 3 of my boys and ended up with patches in there hair had to go to sports clip to have them fix please hire girls or men who know what they are doing,"We're sorry to hear this. If you'd like, please call us at 1-800-473-2825 ext 3 or email with the details and location so we can best assist you and follow up with you. Thank you for reaching out."
ChZDSUhNMG9nS0VJQ0FnSURndDRuZGJ3EAE,4.0,0,2026/07/26,2018/07/28,1,Google Maps,Good service,Thank you for being our customer! See you next time!
ChZDSUhNMG9nS0VJQ0FnSUN3M3FqTWJ3EAE,4.0,0,2026/07/26,2018/07/28,1,Google Maps,,Thank you!
ChdDSUhNMG9nS0VJQ0FnSUN3OXJMV3hnRRAB,4.0,0,2026/07/26,2018/07/28,1,Google Maps,"The stylists are experienced and put me at ease. Tip: ask for a rinse after you get your hair cut. It's free (a shampoo costs $5, and the $ you save you can use for the tip). I leave a $5 tip every time and the service has always been great. Another tip: sign in online and beat the wait.","We appreciate you being our customer, Stephen!"
ChZDSUhNMG9nS0VJQ0FnSURRa2J1VVpBEAE,5.0,0,2026/07/26,2018/07/28,1,Google Maps,"Stylist was patient and accommodating with our 6 year old son while trimming his hair. Great experience, will definitely go back again!","Thank you, Tamara! We're always happy to help you and your family!"
ChZDSUhNMG9nS0VJQ0FnSUNROXU2T2VREAE,4.0,0,2026/07/26,2018/07/28,1,Google Maps,,Thank you!
ChdDSUhNMG9nS0VJQ0FnSUNRci1pYWpnRRAB,3.0,0,2026/07/26,2018/07/28,1,Google Maps,,"If you would like to share more regarding your review, please email with the salon location and details, or call 800-473-2825, ext 3. We will follow up with you from there. Thank you."
ChZDSUhNMG9nS0VJQ0FnSURBdGIzSGZ3EAE,4.0,0,2026/07/26,2018/07/28,1,Google Maps,,Thank you!
ChdDSUhNMG9nS0VJQ0FnSUN3N1B2dWp3RRAB,3.0,0,2026/07/26,2018/07/28,1,Google Maps,,"We value your feedback. If you would like, please email with the details and location or call us at 1-800-473-2825 ext 3 so we can best assist you and contact you. Thank you."
ChdDSUhNMG9nS0VJQ0FnSUNneDdPOTdRRRAB,3.0,0,2026/07/26,2018/07/28,1,Google Maps,Great,Thank you for being our customer!
ChdDSUhNMG9nS0VJQ0FnSUNBbmNDUXNnRRAB,5.0,0,2026/07/26,2018/07/28,1,Google Maps,,Thank you Jenil!
ChZDSUhNMG9nS0VJQ0FnSUNnOFB6NU9BEAE,4.0,0,2026/07/26,2018/07/28,1,Google Maps,,Thank you for your review!
ChdDSUhNMG9nS0VJQ0FnSUNRaDl6bThBRRAB,1.0,2,2026/07/26,2018/07/28,1,Google Maps,I had worst hair cut here. She don’t listen to what I say she just keeps going and make my hair shorter!!She is very dumb. I suggest nobody should go there.,"We're sorry to read this. If you'd like, please email with the details and location or call us at 1-800-473-2825 ext 3. We will follow up with you from there. Thank you."
ChRDSUhNMG9nS0VJQ0FnSURnb004UBAB,3.0,0,2026/07/26,2018/07/28,1,Google Maps,The best,"Thank you, Donna!"
ChZDSUhNMG9nS0VJQ0FnSURBNW92V1FnEAE,5.0,0,2026/07/26,2018/07/28,1,Google Maps,"Arbor walk, not far from us. Have good selections.",Thank you!!!
ChZDSUhNMG9nS0VJQ0FnSUNndkx5VkZREAE,5.0,0,2026/07/26,2018/07/28,1,Google Maps,,Thank you for being our customer!
ChdDSUhNMG9nS0VJQ0FnSUNBMl9tN2xRRRAB,1.0,0,2026/07/26,2018/07/28,1,Google Maps,,"If you would like to share more or would like follow up, please call us at 1-800-473-2825 ext 3 or email with the salon location and details. We will be happy to assist you. Thank you."
ChZDSUhNMG9nS0VJQ0FnSUN3ZzdTcllnEAE,1.0,2,2026/07/26,2018/07/28,1,Google Maps,The worst stylist that i ever see. I walked in to the store at 8:30pm yesterday and that lady did cut for 5 min here and there and said its done. she wouldnt even ask me how i need my hair cut. even after i say cut it carefully she was just a lazy ass and did not listen to me. dont go here. worst haircut saloon i ever saw in my life,"We're sorry to see this, Ajay. If you'd like, please email with the details and location or call us at 1-800-473-2825 ext 3. We will follow up with you from there. Thank you."
ChZDSUhNMG9nS0VJQ0FnSURRNE9YaGVBEAE,4.0,0,2026/07/26,2018/07/28,1,Google Maps,,Thank you!
ChZDSUhNMG9nS0VJQ0FnSUN3OGZUVWVnEAE,1.0,2,2026/07/26,2018/07/28,1,Google Maps,Sucks,"We're sorry to see your rating, Jason. If you'd like follow up, please email with the details and location or call us at 1-800-473-2825 ext 3. We will contact you regarding your experience from there. Thank you."
ChZDSUhNMG9nS0VJQ0FnSUNBeTZ1S2NREAE,3.0,0,2026/07/26,2018/07/28,1,Google Maps,,"If you would like follow up, please email with the details and location or call us at 1-800-473-2825 ext 3. We will get in touch with you regarding your experience from there. Thank you."
ChdDSUhNMG9nS0VJQ0FnSUN3M3VxOTJnRRAB,5.0,0,2026/07/26,2018/07/28,1,Google Maps,,Thank you!
ChZDSUhNMG9nS0VJQ0FnSURBa2ZmR0J3EAE,1.0,2,2026/07/26,2018/07/28,1,Google Maps,"Haircut was good, but service was awful. They talked trash about a customer that was leaving, while I sat there. Then, when I told her it wasn't as short as I asked for she became rude and opened the back of my smock, continued to cut, and spilled hair down my dress. Horrid service...will never return.","We're sorry to hear this was your experience, Hillary. If you would like, please email with the details and location, or call us at 1-800-473-2825 ext 3. We will contact you regarding your visit. Thank you."
ChdDSUhNMG9nS0VJQ0FnSUNBeHIyRGlnRRAB,5.0,0,2026/07/26,2018/07/28,1,Google Maps,,Thank you!
ChdDSUhNMG9nS0VJQ0FnSURBbXZEVXJnRRAB,3.0,2,2026/07/26,2018/07/28,1,Google Maps,Not that great experience,"If you would like to share more regarding your review, please email with the salon location and details, or call 800-473-2825, ext 3. We will follow up with you from there. Thank you."
ChZDSUhNMG9nS0VJQ0FnSUN3LXNqSWZBEAE,2.0,0,2026/07/26,2018/07/28,1,Google Maps,,"If you would like to share more regarding your review, please email with the details and location or call us at 1-800-473-2825 ext 3. Thank you."
ChdDSUhNMG9nS0VJQ0FnSURBZ3RLendBRRAB,1.0,2,2026/07/26,2018/07/28,1,Google Maps,Very bad service I had to walk out,"We're sorry to read this, Domingo. If you would like, please email with the salon location and details, or call 800-473-2825, ext 3. We will follow up with you from there. Thank you."
ChdDSUhNMG9nS0VJQ0FnSUNBMzU2My13RRAB,5.0,0,2026/07/26,2018/07/28,1,Google Maps,"Good haircut at a good price, especially on Tuesday or Thursday.","Thank you, Thomas! We look forward to seeing you next time!"
ChZDSUhNMG9nS0VJQ0FnSUNncTY3Z1h3EAE,5.0,0,2026/07/26,2018/07/28,1,Google Maps,They do a great job with hair,We appreciate you being a Great Clips customer!
ChdDSUhNMG9nS0VJQ0FnSURRa2N6MzJRRRAB,2.0,0,2026/07/26,2018/07/28,1,Google Maps,,"We're sorry to see your rating. If you'd like follow up, please email with the details and location or call us at 1-800-473-2825 ext 3 so we can best assist you and contact you. Thank you."
ChZDSUhNMG9nS0VJQ0FnSUNnMWFHY2NREAE,5.0,0,2026/07/26,2018/07/28,1,Google Maps,,Thank you! We look forward to your next stop in!
ChZDSUhNMG9nS0VJQ0FnSUNRMWR6Z1JREAE,3.0,1,2026/07/26,2018/07/28,1,Google Maps,"It's hit or miss at Great Clips. And they act put out that I didn't make a reservation online. If I were that organized, I wouldn't be getting a haircut at Great Clips.","We appreciate the feedback, Daniel! If you'd like follow up, please call us at 1-800-473-2825 ext 3 or email with the details and location so we can best assist you and contact you. Thank you."
ChdDSUhNMG9nS0VJQ0FnSUNneTZDd3Z3RRAB,3.0,0,2026/07/26,2018/07/28,1,Google Maps,,"If you'd like follow up or would like to share more, please email with the details and location or call us at 1-800-473-2825 ext 3. Thank you."
ChZDSUhNMG9nS0VJQ0FnSUN3Zy1lcVhREAE,5.0,0,2026/07/26,2018/07/28,1,Google Maps,,"Thanks, Sherron! We love to see this!"
ChdDSUhNMG9nS0VJQ0FnSURBelpMNHpBRRAB,4.0,0,2026/07/26,2018/07/28,1,Google Maps,,Thank you for your rating! We appreciate you!
ChZDSUhNMG9nS0VJQ0FnSURBdDdTdE9nEAE,1.0,2,2026/07/26,2018/07/28,1,Google Maps,"I had very bad experience with stephani, she is the worst stylist and i had bad experience with her sometime back. she doesn't have patience and doesn't care about customer needs. i got uneven hair cut and its all done in 5 mins. this is not a good place for hair cut unless you get really lucky.","We're sorry to hear this. If you'd like, please call us at 1-800-473-2825 ext 3 or email with the details and location so we can best assist you and follow up with you. Thank you."
ChdDSUhNMG9nS0VJQ0FnSUNBX3JhcXJBRRAB,4.0,0,2026/07/26,2018/07/28,1,Google Maps,,"Thanks for the rating, Sandip!"
ChdDSUhNMG9nS0VJQ0FnSURRb3EyQnRRRRAB,5.0,0,2026/07/26,2018/07/28,1,Google Maps,She did a fabulous job! And the prices are great! Will definitely be coming back.,"Thank you, Erica! We look forward to seeing you next time!"
ChdDSUhNMG9nS0VJQ0FnSURBc1pyR2tRRRAB,3.0,0,2026/07/26,2018/07/28,1,Google Maps,,"If you'd like to share more, please email with the details and location or call us at 1-800-473-2825 ext 3. We will get in touch with you from there. Thank you!"
ChZDSUhNMG9nS0VJQ0FnSUN3bW92ZGVnEAE,1.0,2,2026/07/26,2018/07/28,1,Google Maps,Just stay away.,"We are sorry to read this, Wayne. If you would like, please email with the salon location & details. We will contact you & forward it to the franchisee as well. Thank you."
ChZDSUhNMG9nS0VJQ0FnSUNnemYyaFpREAE,1.0,2,2026/07/26,2018/07/28,1,Google Maps,Very bad experience!! I will not suggest to any one!,"We are sorry to read this, Chinmay. If you would like, please email with the salon location & details. We will contact you & forward it to the franchisee as well. Thank you."
ChdDSUhNMG9nS0VJQ0FnSUN3NGNpTzBRRRAB,5.0,0,2026/07/26,2018/07/28,1,Google Maps,,Thank you for your rating!
ChZDSUhNMG9nS0VJQ0FnSUNReGNxVUJ3EAE,5.0,0,2026/07/26,2018/07/28,1,Google Maps,"Great Clips is very nice in clean. Ms. Stephanie makes my son and daughter's hair look very nice and they're very pleased with their style. Ms.Stephanie has been cutting my children's hair for 12 years. She is always professional and she's very talented. Every staff member are very outgoing and polite and they pretty much make you feel at home when your getting your hair done. We normally don't check in online but when we walk in great clips, they always welcome anybody with open arms.","Thank you for the positive feedback, Kevin! We look forward to serving you in the future!"
ChZDSUhNMG9nS0VJQ0FnSUNBNGF2V09BEAE,5.0,0,2026/07/26,2018/07/28,1,Google Maps,I always take my son to Great Clips for a haircut. The location is accessible and always clean. I’ve never had a problem here. Stephanie cuts my sons hair and she is the absolute BEST she is very professional and always treats my son like family. We love going here and my son likes to get his haircut here!!!!!,"Thank you for the feedback, Nicole! Its always a pleasure to serve such amazing customers!"
ChdDSUhNMG9nS0VJQ0FnSUNRaGZIT2lRRRAB,4.0,0,2026/07/26,2018/07/28,1,Google Maps,,"Thank you, Mohammed!"
ChZDSUhNMG9nS0VJQ0FnSUNBMzQ3M1FnEAE,5.0,0,2026/07/26,2018/07/28,1,Google Maps,,"Thank you for the feedback, Kathy!"
ChdDSUhNMG9nS0VJQ0FnSURBN3UtN3BnRRAB,5.0,0,2026/07/26,2018/07/28,1,Google Maps,,"Thank you for the feedback, Marla!"
ChZDSUhNMG9nS0VJQ0FnSUNBbktPYkJ3EAE,5.0,0,2026/07/26,2018/07/28,1,Google Maps,Took in my toddlers and myself for a cut. They were really quick and detailed about it. For our next cut well be going back.,"Thank you, Danny! We're always happy to help you and your family!"
ChdDSUhNMG9nS0VJQ0FnSURBcXZmZW13RRAB,3.0,0,2026/07/26,2018/07/28,1,Google Maps,,"If you'd like to share more regarding your review, please email with the details and location or call us at 1-800-473-2825 ext 3. We're always happy to help. Thank you!"
ChdDSUhNMG9nS0VJQ0FnSUNnd1pXS3V3RRAB,2.0,2,2026/07/26,2018/07/28,1,Google Maps,Bad hair cut.,"We are sorry to read this, Robert. If you would like, please email with the salon location & details. We will contact you & forward it to the franchisee as well. Thank you."
ChZDSUhNMG9nS0VJQ0FnSUNnOE8tR0dBEAE,4.0,0,2026/07/26,2018/07/28,1,Google Maps,Good service,"Thank you, Jay! We love to see this!"
ChZDSUhNMG9nS0VJQ0FnSURReTRPdEZnEAE,1.0,0,2026/07/26,2019/07/28,1,Google Maps,,"We're sorry to see your rating, Sam. If you'd like to share more, please email with the details and location or call us at 1-800-473-2825 ext 3. We will get in touch with you from there. Thank you."
ChZDSUhNMG9nS0VJQ0FnSUN3bk9UbFdREAE,5.0,0,2026/07/26,2019/07/28,1,Google Maps,Nastasia gave me a great haircut. Good price. Clean salon. I will come back.,Thank you!
ChZDSUhNMG9nS0VJQ0FnSUN3d19uekNBEAE,5.0,0,2026/07/26,2019/07/28,1,Google Maps,Good hair cut,"We're always happy to help you, Nikki! Thank you!"
ChdDSUhNMG9nS0VJQ0FnSUNBekxlb3B3RRAB,2.0,2,2026/07/26,2019/07/28,1,Google Maps,Did not get my hair anything like I asked for. Not even close,"We're sorry to read this, Allahna. If you would like, please email with the salon location and details, or call 800-473-2825, ext 3. We will follow up with you from there. Thank you."
ChdDSUhNMG9nS0VJQ0FnSURnc2FYMmxRRRAB,4.0,0,2026/07/26,2019/07/28,1,Google Maps,,"Thank you for your rating, Brandon!"
ChZDSUhNMG9nS0VJQ0FnSURnX05QTElREAE,5.0,0,2026/07/26,2019/07/28,1,Google Maps,Good professional service. Loved my hair cut and the price,
ChdDSUhNMG9nS0VJQ0FnSURBeFA2UjdBRRAB,1.0,3,2026/07/26,2019/07/28,1,Google Maps,"Ugly location, the had like 4 parking spaces but the owner put orange cones on them so we couldn't park there even do my husband was going to get a hair cut. The owner ,a hispanic lady, was mean and l wouldn't go back there even if they offered to pay me.","We're sorry to hear this was your experience, Martha. If you'd like, please email with the details and location or call us at 1-800-473-2825 ext 3. We will follow up with you from there. Thank you for reaching out."
ChdDSUhNMG9nS0VJQ0FnSURRa2VlNWt3RRAB,5.0,0,2026/07/26,2019/07/28,1,Google Maps,,"We appreciate your feedback, Yonas!"
ChdDSUhNMG9nS0VJQ0FnSURnLXRLNG1BRRAB,4.0,0,2026/07/26,2019/07/28,1,Google Maps,,"Thank you for your rating, Viswanathan!"
ChZDSUhNMG9nS0VJQ0FnSURnOXFMY0VnEAE,2.0,2,2026/07/26,2019/07/28,1,Google Maps,Haircut wasn't straight at all. Nice people but when you don't get a good haircut it's hard to rate it with 5 stars.,"We're sorry to hear this, Taylor. If you'd like, please email with the details and location or call us at 1-800-473-2825 ext 3. We will follow up with you from there. Thank you for reaching out."
ChdDSUhNMG9nS0VJQ0FnSUNnby1maDhnRRAB,5.0,0,2026/07/26,2019/07/28,1,Google Maps,Good place,"Thanks for being our customer, Nirupam!"
ChdDSUhNMG9nS0VJQ0FnSUN3bXNtaXlnRRAB,5.0,0,2026/07/26,2019/07/28,1,Google Maps,,"Thank you, Sasi!"
ChdDSUhNMG9nS0VJQ0FnSURBOU5lNHlBRRAB,4.0,0,2026/07/26,2019/07/28,1,Google Maps,"Good price, good experience.",Thank you!
ChZDSUhNMG9nS0VJQ0FnSUNndEsyYVl3EAE,2.0,2,2026/07/26,2019/07/28,1,Google Maps,She forget to cut the back of my hair had to go somewhere else to fix it didn’t wanna risk more mess up,"We're sorry to hear this was your experience, Omar. If you'd like, please email with the details and location or call us at 1-800-473-2825 ext 3. We will follow up with you from there. Thank you for reaching out."
ChZDSUhNMG9nS0VJQ0FnSUNRMjVESEhnEAE,5.0,0,2026/07/26,2019/07/28,1,Google Maps,,"Thank you, Mando! We value your feedback!"
ChdDSUhNMG9nS0VJQ0FnSURBenMyR2pBRRAB,1.0,3,2026/07/26,2019/07/28,1,Google Maps,"really bad experience, felt rushed even though i went early morning, and the barber didnt talk to me, just told me to sit down, and said you want a 3 right, i said yes?? and she started, and never asked about what i want....Finished my haircut in 5 min, forgot to cut my top until i reminded her, and didn't use a mirror to show me my back , , didnt' cut my front now that i think back, i rushed out thinking its not that bad, but i was wrong. .worst experience so far at great clips. Update: no response or action taken by great clips after I called and emailed mgmt. Last week.","We're sorry to hear this was your experience, Raiyan. If you'd like, please email with the details and location or call us at 1-800-473-2825 ext 3. We will follow up with you from there. Thank you for reaching out."
ChZDSUhNMG9nS0VJQ0FnSUN3MjhfRk5BEAE,1.0,0,2026/07/26,2019/07/28,1,Google Maps,,"We're sorry to see your rating, Taylor. If you'd like to share more, please email with the details and location or call us at 1-800-473-2825 ext 3. We will get in touch with you from there. Thank you."
ChdDSUhNMG9nS0VJQ0FnSUNnM2Y3ZnpBRRAB,1.0,3,2026/07/26,2019/07/28,1,Google Maps,"Binh Nyugen the worst hairdresser at this store. ""Simple beware of this hairdresser"". Was hurting my head while applying trimmer on hair..cutting my hair as if contesting in a fastest hair cut competition..this guy dont even have the basic etiquette ..manners to listen to the customer.. Finished my haircut literally in 5mins...completely uneven hair cut on both sides..intentionally keeping the chair away from the mirror so customer should not catch minute details of haircut..was reluctant to provide mirror too. Simply avoid this saloon..or atleast this guy..I bet you will get better haircut at any nearby saloon.","We're sorry to hear this was your experience, Viru. If you'd like, please email with the details and location or call us at 1-800-473-2825 ext 3. We will follow up with you from there. Thank you for reaching out."
ChdDSUhNMG9nS0VJQ0FnSUR3cE1uNDFBRRAB,3.0,0,2026/07/26,2019/07/28,1,Google Maps,,"If you would like to share more regarding your review, please email with the salon location and details, or call 800-473-2825, ext 3. We will follow up with you from there. Thank you, Matt."
ChdDSUhNMG9nS0VJQ0FnSUR3cE5QTW93RRAB,3.0,0,2026/07/26,2019/07/28,1,Google Maps,,"We value your feedback. If you'd like follow up, please email with the details and location or call us at 1-800-473-2825 ext 3 so we can best assist you and contact you. Thank you."
ChdDSUhNMG9nS0VJQ0FnSUR3dXEyT3JBRRAB,4.0,0,2026/07/26,2019/07/28,1,Google Maps,,"Thank you, Geovanni!"
ChdDSUhNMG9nS0VJQ0FnSUR3bXVMc2pnRRAB,3.0,0,2026/07/26,2019/07/28,1,Google Maps,,"We're sorry to hear this, Eric. Please email with the details and location, or call us at 1-800-473-2825 ext 3. We will follow up with you regarding your experience. Thank you."
ChZDSUhNMG9nS0VJQ0FnSUNvLWNDbGN3EAE,5.0,0,2026/07/26,2019/07/28,1,Google Maps,Always awesome,"Thanks for being our customer, Mike!"
ChdDSUhNMG9nS0VJQ0FnSUNJbnRLdG1RRRAB,1.0,0,2026/07/26,2019/07/28,1,Google Maps,,"We're sorry to see your rating, Xiomara. If you'd like to share more, please email with the details and location or call us at 1-800-473-2825 ext 3. We will get in touch with you from there. Thank you."
ChZDSUhNMG9nS0VJQ0FnSUNJcWZLTFdBEAE,3.0,0,2026/07/26,2019/07/28,1,Google Maps,Decent service,Thanks for coming in!
ChdDSUhNMG9nS0VJQ0FnSUNJN2JuWXZBRRAB,4.0,0,2026/07/26,2019/07/28,1,Google Maps,,Thank you!
ChZDSUhNMG9nS0VJQ0FnSUNJZy1meFJREAE,1.0,0,2026/07/26,2019/07/28,1,Google Maps,,"We’re sorry to see your rating. If you’d like to share more, please email with the details and location or call us at 1-800-473-2825 ext 3. We will get in touch with you from there. Thank you."
ChZDSUhNMG9nS0VJQ0FnSUNJcDcyV0lnEAE,5.0,0,2026/07/26,2019/07/28,1,Google Maps,,We are happy to be there for you! Look forward to seeing you next time!
ChdDSUhNMG9nS0VJQ0FnSUNJcDhmWXNRRRAB,1.0,0,2026/07/26,2019/07/28,1,Google Maps,,"We're sorry to see your rating. If you'd like follow up, please email with the details and location or call us at 1-800-473-2825 ext 3 so we can best assist you and contact you. Thank you."
ChdDSUhNMG9nS0VJQ0FnSUNJbF9PX3VRRRAB,5.0,0,2026/07/26,2019/07/28,1,Google Maps,,Thank you! We love to see this!
ChZDSUhNMG9nS0VJQ0FnSUNJMTdlLVB3EAE,5.0,0,2026/07/26,2019/07/28,1,Google Maps,,"Thank you, Maria! We are always happy to help!"
ChZDSUhNMG9nS0VJQ0FnSUNJajVXc1VBEAE,4.0,0,2026/07/26,2019/07/28,1,Google Maps,,"Thank you, Chander!"
ChdDSUhNMG9nS0VJQ0FnSUNJajcyRGh3RRAB,4.0,0,2026/07/26,2019/07/28,1,Google Maps,"Nice and quick, friendly and competent employees.","Thank you for the positive review, Eddie! We love having you as our customer!"
ChZDSUhNMG9nS0VJQ0FnSURJa0tqTE9BEAE,5.0,0,2026/07/26,2019/07/28,1,Google Maps,I got a nice trim w layers. I'd go back,"Thank you, Lisa! We look forward to seeing you again!"
ChdDSUhNMG9nS0VJQ0FnSURJNk9LeDZBRRAB,5.0,0,2026/07/26,2019/07/28,1,Google Maps,My go to for a quick hair cut. Great prices and friendly staff!,"Thank you for being our loyal customer, Kevin! We appreciate you!"
ChdDSUhNMG9nS0VJQ0FnSURJbFBLM3hRRRAB,5.0,0,2026/07/26,2019/07/28,1,Google Maps,,Thank you! We look forward to serving you in the future!
ChdDSUhNMG9nS0VJQ0FnSURJa29iSm1nRRAB,1.0,2,2026/07/26,2019/07/28,1,Google Maps,Bad hair cuts,"We're sorry to read this, Lisa. If you'd like, please email with the details and location or call us at 1-800-473-2825 ext 3 so we can best assist you and follow up with you. Thank you."
ChZDSUhNMG9nS0VJQ0FnSURJbXR5ZVd3EAE,4.0,0,2026/07/26,2019/07/28,1,Google Maps,,"Thank you for your rating, Pat!"
ChdDSUhNMG9nS0VJQ0FnSURJa2JuSHlRRRAB,4.0,0,2026/07/26,2019/07/28,1,Google Maps,,"Thank you, Scott!"
ChZDSUhNMG9nS0VJQ0FnSURJNWNLd0xnEAE,5.0,0,2026/07/26,2019/07/28,1,Google Maps,,"Thank you for your rating, Slobodan!"
ChZDSUhNMG9nS0VJQ0FnSURJdy11MExREAE,5.0,0,2026/07/26,2019/07/28,1,Google Maps,,"Thank you, Brendon!"
ChZDSUhNMG9nS0VJQ0FnSURJcDgybUxBEAE,5.0,0,2026/07/26,2019/07/28,1,Google Maps,Perfect hair cut place,"Thanks for being our customer, Pavan!"
ChZDSUhNMG9nS0VJQ0FnSURJXzlmcVRnEAE,5.0,0,2026/07/26,2019/07/28,1,Google Maps,,"Thank you, Tessa!"
ChZDSUhNMG9nS0VJQ0FnSUNvd0wzekF3EAE,5.0,0,2026/07/26,2019/07/28,1,Google Maps,,"Thank you, Jeff!"
ChZDSUhNMG9nS0VJQ0FnSUNvbk9fb0l3EAE,1.0,4,2026/07/26,2019/07/28,1,Google Maps,Botched haircut due to a staff member who barely understood English or what I was saying. I had long hairs all throughout my head when I requested a simple clipper cut.,"We're sorry to read this, Nathan. If you'd like, please email with the details and location or call us at 1-800-473-2825 ext 3 so we can best assist you and follow up with you. Thank you."
ChdDSUhNMG9nS0VJQ0FnSUNvd29fdTR3RRAB,5.0,0,2026/07/26,2019/07/28,1,Google Maps,Quick hair cut services,We love to hear this! Thank you!
ChdDSUhNMG9nS0VJQ0FnSUNvb3V6QmxBRRAB,5.0,0,2026/07/26,2019/07/28,1,Google Maps,,"Thank you, Wilmer!"
ChdDSUhNMG9nS0VJQ0FnSUNvcHRpZmh3RRAB,4.0,0,2026/07/26,2019/07/28,1,Google Maps,,Thank you! See you next time!
ChZDSUhNMG9nS0VJQ0FnSUNvd2FISU5REAE,5.0,0,2026/07/26,2019/07/28,1,Google Maps,I'm bald I shave myself,"Thanks for leaving us a review, Joseph! We appreciate you being our customer!"
ChZDSUhNMG9nS0VJQ0FnSUNvb2ZMcEJREAE,3.0,0,2026/07/26,2019/07/28,1,Google Maps,,"We appreciate your feedback, Sherrl. If you'd like to share more regarding your review, please email with the details and location or call us at 1-800-473-2825 ext 3. We're always happy to help. Thank you!"
ChdDSUhNMG9nS0VJQ0FnSUNvaVp2djZnRRAB,2.0,4,2026/07/26,2019/07/28,1,Google Maps,The staff was rude..I didnt understand the new log in process and the cashier or salonist I'm not sure of her title. She was short with me and made me feel unappreciated and tbh dumb. I couldn't hear her or understand her and was kindly saying excuse me I couldn't hear you and yet she came back with a nasty tone..,"We're sorry to read this, Caleb. If you'd like, please email with the details and location or call us at 1-800-473-2825 ext 3 so we can best assist you and follow up with you. Thank you."
ChdDSUhNMG9nS0VJQ0FnSUNveS1fWjFBRRAB,5.0,0,2026/07/26,2019/07/28,1,Google Maps,,"Thank you for your rating, Matt!"
ChdDSUhNMG9nS0VJQ0FnSUNneU1LMHN3RRAB,4.0,0,2026/07/26,2019/07/28,1,Google Maps,They do good haircuts,Thank you for your feedback!
ChdDSUhNMG9nS0VJQ0FnSUNvajlIQ2lRRRAB,4.0,0,2026/07/26,2019/07/28,1,Google Maps,Always got a good haircut and everything was pretty timely,"Thank you, Patrick! We look forward to serving you in the future!"
ChdDSUhNMG9nS0VJQ0FnSURvN3J1T3p3RRAB,1.0,2,2026/07/26,2019/07/28,1,Google Maps,The Hispanic lady who cut my hair barely spoke any English (I mention this because it is the only reasonable explanation for how badly she messed up this haircut). I asked for a low fade after which she proceeded to give me an uneven high fade with a shoddy attempt at a part near the top. This “hair stylist” should not be allowed to cut hair.,"We're sorry to hear this was your experience, Michael. If you'd like, please email with the details and location or call us at 1-800-473-2825 ext 3. We will follow up with you from there. Thank you for reaching out."
ChZDSUhNMG9nS0VJQ0FnSURveDdPaEh3EAE,3.0,0,2026/07/26,2019/07/28,1,Google Maps,,"We appreciate your feedback. If you'd like to share more regarding your review, please email with the details and location or call us at 1-800-473-2825 ext 3. We're always happy to help."
ChZDSUhNMG9nS0VJQ0FnSURvMTh2UFdREAE,3.0,0,2026/07/26,2019/07/28,1,Google Maps,,"We appreciate your feedback, Arun. If you'd like to share more regarding your review, please email with the details and location or call us at 1-800-473-2825 ext 3. We're always happy to help. Thank you!"
ChZDSUhNMG9nS0VJQ0FnSURvNzQ2cFBBEAE,5.0,0,2026/07/26,2019/07/28,1,Google Maps,"Staff is friendly, and my haircut was wonderfully done. Very little wait time (if you utilize their app), and they provide the best cut for your buck!😉 …","We love to see this, Paul! Thank you for being our customer!"
ChdDSUhNMG9nS0VJQ0FnSURBa2FhODBnRRAB,5.0,0,2026/07/26,2019/07/28,1,Google Maps,"Love getting my hair cut here. Been coming to this one for over a year now. Going on 2years. Friendly staff, fast cuts and not expensive at all.",Thank you!
ChdDSUhNMG9nS0VJQ0FnSUNZMElUNXZnRRAB,3.0,0,2026/07/26,2019/07/28,1,Google Maps,,"We appreciate your feedback, Joy. If you'd like to share more regarding your review, please email with the details and location or call us at 1-800-473-2825 ext 3. We're always happy to help. Thank you!"
ChdDSUhNMG9nS0VJQ0FnSUNZeW9UTjNRRRAB,4.0,0,2026/07/26,2019/07/28,1,Google Maps,,"Thank you for your feedback, John!"
ChdDSUhNMG9nS0VJQ0FnSUNZcXZIZ29nRRAB,3.0,0,2026/07/26,2019/07/28,1,Google Maps,,"We appreciate your feedback, Gregg. If you'd like to share more regarding your review, please email with the details and location or call us at 1-800-473-2825 ext 3. We're always happy to help. Thank you!"
ChZDSUhNMG9nS0VJQ0FnSUNZMV8tVUtREAE,5.0,0,2026/07/26,2019/07/28,1,Google Maps,Great haircut without the wait,"Thank you for coming in, Patrick! We are always happy to help you!"
ChdDSUhNMG9nS0VJQ0FnSUNZM19IMjlBRRAB,5.0,0,2026/07/26,2019/07/28,1,Google Maps,,"Thank you, Angel!"
ChZDSUhNMG9nS0VJQ0FnSURZNnN5b0dBEAE,1.0,5,2026/07/26,2019/07/28,1,Google Maps,"This used to be my to go spot for a quick, cheap, just take a tiny bit off my long straight all one length hair. Prior to my last two visits, various women have cut my hair and have all done a great job. This visit and the previous, two different men did the cutting and they didn't do a very good job. One used clippers and my hair was all chewed up on the bottom. And today another man there tried to use clippers and I insisted on scissors for the cutting. He whipped through cutting my hair in about 30 seconds and left me with one side of the hair on my head noticeable longer. So my advice, stay away from the men there!","We’re sorry to see this, Diane. If you would like follow up, please email with the details and location or call us at 1-800-473-2825 ext 3. We will be happy to help you. Thank you."
ChZDSUhNMG9nS0VJQ0FnSURZLXJyZ0ZBEAE,3.0,1,2026/07/26,2019/07/28,1,Google Maps,Quick cheap haircut.,"We appreciate your feedback, Clint! If you'd ever like follow up regarding a visit, please email with the details and location or call us at 1-800-473-2825 ext 3. We're always happy to help. Thank you!"
ChZDSUhNMG9nS0VJQ0FnSURZczhLUFVBEAE,2.0,0,2026/07/26,2019/07/28,1,Google Maps,,"If you would like follow up, please email with the details and location or call us at 1-800-473-2825 ext 3. We will be happy to help you. Thank you."
ChdDSUhNMG9nS0VJQ0FnSURZaTRPbjh3RRAB,5.0,0,2026/07/26,2019/07/28,1,Google Maps,Nice people,We're always happy to help you! See you next time!
ChZDSUhNMG9nS0VJQ0FnSURZdDlTd1NREAE,5.0,0,2026/07/26,2019/07/28,1,Google Maps,,Thank you for the feedback!
ChdDSUhNMG9nS0VJQ0FnSUM0NFBxMi1nRRAB,4.0,0,2026/07/26,2019/07/28,1,Google Maps,,Thank you for your feedback!
ChZDSUhNMG9nS0VJQ0FnSUM0MklTQUJBEAE,2.0,2,2026/07/26,2019/07/28,1,Google Maps,The store hours on google said they open at 9. They don’t. So I get to waste an hour of my Saturday in the parking lot of great clips.,"We're sorry to read this. If you'd like, please email with the details and location or call us at 1-800-473-2825 ext 3 so we can best assist you and follow up with you. Thank you."
ChdDSUhNMG9nS0VJQ0FnSUM0LVBURmpBRRAB,5.0,0,2026/07/26,2019/07/28,1,Google Maps,"Reasonably priced for haircuts, staff is so patient and pleasant. My grandsons get great haircuts every time!","Thank you, Molly! We're always happy to help you and your family!"
ChZDSUhNMG9nS0VJQ0FnSUM0Mm9UcUpREAE,2.0,0,2026/07/26,2019/07/28,1,Google Maps,,"If you'd like to share more regarding your review, please email with the details and location or call us at 1-800-473-2825 ext 3. We're always happy to help. Thank you, Mary."
ChdDSUhNMG9nS0VJQ0FnSUM0MmRxdmx3RRAB,2.0,2,2026/07/26,2019/07/28,1,Google Maps,The Slaughter and Manchaca store let the cutter go that did the best job and cut the way I like it. They have not been the same since. Guess I'll try the one up north near my office near Parmer Lane. And this is Sam NOT Debbie.......,"We’re sorry to see this, Debbie. If you would like follow up, please email with the details and location or call us at 1-800-473-2825 ext 3. We will be happy to help you. Thank you."
ChZDSUhNMG9nS0VJQ0FnSUQ0MXI2YUZ3EAE,1.0,2,2026/07/26,2019/07/28,1,Google Maps,"No,just no.",
ChZDSUhNMG9nS0VJQ0FnSUNFNzRfLUhnEAE,1.0,0,2026/07/26,2019/07/28,1,Google Maps,,"We're sorry to see your rating, Joe. If you'd like to share more, please email with the details and location or call us at 1-800-473-2825 ext 3. We will get in touch with you from there. Thank you."
ChdDSUhNMG9nS0VJQ0FnSUNrc3VXLWxBRRAB,4.0,0,2026/07/26,2019/07/28,1,Google Maps,,"Thank you for your feedback, Stan!"
ChZDSUhNMG9nS0VJQ0FnSURrcGQyX1NnEAE,5.0,0,2026/07/26,2019/07/28,1,Google Maps,Been going here for 7 years. Recommend doing online check in. Friendly talkative staff.,"Thank you for being our customer, Daniel!"
ChZDSUhNMG9nS0VJQ0FnSURrcDlXQ2N3EAE,4.0,0,2026/07/26,2019/07/28,1,Google Maps,,"We appreciate you being our customer, and are glad you enjoyed your experience with us, Jason!"
ChZDSUhNMG9nS0VJQ0FnSURrejYyT0RREAE,5.0,0,2026/07/26,2019/07/28,1,Google Maps,,"Thank you for your rating, Jitendra!"
ChZDSUhNMG9nS0VJQ0FnSUNVNkpPOE13EAE,2.0,0,2026/07/26,2019/07/28,1,Google Maps,,"We're sorry to see your rating, Michael. If you'd like to share more, please email with the details and location or call us at 1-800-473-2825 ext 3. We will get in touch with you from there. Thank you."
ChZDSUhNMG9nS0VJQ0FnSUNVMGI2Z0xREAE,5.0,0,2026/07/26,2020/07/27,1,Google Maps,,"Thank you, Eswar!"
ChdDSUhNMG9nS0VJQ0FnSUNVdVlpdDJnRRAB,5.0,0,2026/07/26,2020/07/27,1,Google Maps,AWESOME!,"Thanks for your positive review, Daniel!"
ChdDSUhNMG9nS0VJQ0FnSUNVdWJqZHV3RRAB,3.0,0,2026/07/26,2020/07/27,1,Google Maps,,"We appreciate your feedback, Rahul. If you'd like to share more regarding your review, please email with the details and location or call us at 1-800-473-2825 ext 3. We're always happy to help. Thank you!"
ChZDSUhNMG9nS0VJQ0FnSUNVemZTSUtnEAE,5.0,0,2026/07/26,2020/07/27,1,Google Maps,"Ive always had good experiences with great clips, if you check in online fast service.",Thank you for being our customer! We look forward to seeing you next time!
ChZDSUhNMG9nS0VJQ0FnSUNVM2JheVdBEAE,5.0,0,2026/07/26,2020/07/27,1,Google Maps,,"Thank you for your rating, Adam!"
ChdDSUhNMG9nS0VJQ0FnSUNVNTc2Vm5RRRAB,4.0,0,2026/07/26,2020/07/27,1,Google Maps,,"Thank you for being our customer! We’re always happy to help you, Heidi!"
ChZDSUhNMG9nS0VJQ0FnSUNVM19DQ1lnEAE,1.0,2,2026/07/26,2020/07/27,1,Google Maps,Worst Haircut I ever had,"We're sorry to hear this was your experience. If you'd like, please email with the details and location or call us at 1-800-473-2825 ext 3. We will follow up with you from there. Thank you for reaching out."
ChZDSUhNMG9nS0VJQ0FnSUN3dExycWRREAE,1.0,2,2026/07/26,2020/07/27,1,Google Maps,O Spend money Go to a nice salon.,"Thank you, Sarah!"
ChdDSUhNMG9nS0VJQ0FnSUNVXzlHcTJ3RRAB,4.0,0,2026/07/26,2020/07/27,1,Google Maps,,"Thank you, Mohammed!"
ChZDSUhNMG9nS0VJQ0FnSURVZ0t1NENREAE,1.0,2,2026/07/26,2020/07/27,1,Google Maps,"The worst saloon I have ever visited. Please don't go to this place, the barber can't understand what I'm saying. I clearly said, I'm trying to grow a long hair please just trim off the edges with the scissors, instead he just started chopping of my hair. I stepped in with long hair and now stepped out with short hair which I didn't ask for. I'm completely disappointed with this service","We're sorry to hear this, Yem. If you would like, please email with the details and location or call us at 1-800-473-2825 ext 3 so we can best assist you and contact you. Thank you for reaching out to us."
ChZDSUhNMG9nS0VJQ0FnSURVcU9qSkZREAE,4.0,0,2026/07/26,2020/07/27,1,Google Maps,,
ChZDSUhNMG9nS0VJQ0FnSURVcVBPb1p3EAE,5.0,0,2026/07/26,2020/07/27,1,Google Maps,,"Thank you for your rating, Shakti!"
ChdDSUhNMG9nS0VJQ0FnSURVaE5HdXVnRRAB,3.0,0,2026/07/26,2020/07/27,1,Google Maps,,"If you would like follow up, please email with the details and location or call us at 1-800-473-2825 ext 3. We will be happy to help you. Thank you."
ChZDSUhNMG9nS0VJQ0FnSURVd3RqUFFnEAE,5.0,0,2026/07/26,2020/07/27,1,Google Maps,"Good location, near to HEB. Online check-in helps reduce wait time.","Thank you for being our customer, Harsh! We appreciate your feedback!"
ChdDSUhNMG9nS0VJQ0FnSURVeXJ2UnR3RRAB,1.0,2,2026/07/26,2020/07/27,1,Google Maps,Worst experience ever,"We're sorry to hear this was your experience. If you'd like, please email with the details and location or call us at 1-800-473-2825 ext 3. We will follow up with you from there. Thank you for reaching out."
ChZDSUhNMG9nS0VJQ0FnSURVN2NTakF3EAE,1.0,3,2026/07/26,2020/07/27,1,Google Maps,Binh Nguyen spoiled my haircut. I showed him a pic of how I wanted the haircut. He just said #5 and went on to complete the session in 5 minutes. I am left with an unevenly cut hair that is nowhere close to the pic I showed him. He even demanded a tip while I paid and kept becoming impatient. I suggest you avoid this person in your visit. You can easily spot him hanging a bag of scissors on his hip. I firmly believe he lacks basic haircutting skills.,"We're sorry to read this. If you'd like, please email with the details and location or call us at 1-800-473-2825 ext 3 so we can best assist you and follow up with you. Thank you, Manoj."
ChdDSUhNMG9nS0VJQ0FnSURVazRLaHlBRRAB,4.0,0,2026/07/26,2020/07/27,1,Google Maps,,Thank you for your loyalty! We look forward to seeing you again next time!
ChZDSUhNMG9nS0VJQ0FnSURVcTkzeE9nEAE,5.0,0,2026/07/26,2020/07/27,1,Google Maps,,"Thank you, Paul!"
ChdDSUhNMG9nS0VJQ0FnSURVaC11ajR3RRAB,4.0,0,2026/07/26,2020/07/27,1,Google Maps,,"Thank you for your feedback, Michael!"
ChZDSUhNMG9nS0VJQ0FnSURVXzlUZE5REAE,4.0,0,2026/07/26,2020/07/27,1,Google Maps,,Thank you for being our customer! We’re always happy to help you!
ChZDSUhNMG9nS0VJQ0FnSUMweU9IS0p3EAE,2.0,0,2026/07/26,2020/07/27,1,Google Maps,,"We're sorry to see your rating, Lucas. If you'd like to share more, please email with the details and location or call us at 1-800-473-2825 ext 3. We will get in touch with you from there. Thank you."
ChZDSUhNMG9nS0VJQ0FnSUMwMUpTcU9REAE,4.0,0,2026/07/26,2020/07/27,1,Google Maps,,Thank you very much!
ChZDSUhNMG9nS0VJQ0FnSUMwOVBlY05nEAE,1.0,2,2026/07/26,2020/07/27,1,Google Maps,"Ok service, and quick. Messed However up my colluch. Does not take great clips coupons (?) I had a 8.99 coupon they didn't even take a dollar off. Won't be coming here again. Complete ripoff am surprised Great Clips accepts them in their franchise.","Each location is independently owned and operated by a franchisee who decides which coupons they offer and accept. If you’d like follow up, please email with the salon location and details. We will forward it onto the franchisee so they can get in touch with you regarding your concerns. Thank you, Jade."
ChdDSUhNMG9nS0VJQ0FnSUMwZ3V1T3hBRRAB,5.0,0,2026/07/26,2020/07/27,1,Google Maps,,"Thank you for your rating, Srinivas!"
ChZDSUhNMG9nS0VJQ0FnSUMwMHNXVUpBEAE,5.0,0,2026/07/26,2020/07/27,1,Google Maps,,"Thank you, Chandu!"
ChZDSUhNMG9nS0VJQ0FnSUMwbG9pRExBEAE,4.0,0,2026/07/26,2020/07/27,1,Google Maps,You get a decent hair cut for a reasonable price here. Most of them I tried are good and listens to customer needs before proceeding with the haircut. It's a great deal if you can get the specials where you get a hair cut for $7.99 sometimes!,Thank you for being our customer! We're always happy to help!
ChdDSUhNMG9nS0VJQ0FnSUMwZ2NfeThBRRAB,1.0,0,2026/07/26,2020/07/27,1,Google Maps,,"We're sorry to see your rating, Cole. If you'd like to share more, please email with the details and location or call us at 1-800-473-2825 ext 3. We will get in touch with you from there. Thank you."
ChZDSUhNMG9nS0VJQ0FnSUMwMmEzbk5BEAE,5.0,0,2026/07/26,2020/07/27,1,Google Maps,"I walked in, helped right away, got good conversation and a great cut with April. See you in a month 😆 …","Thank you for being our customer, Mary!"
ChdDSUhNMG9nS0VJQ0FnSUMwMmFPanRnRRAB,2.0,3,2026/07/26,2020/07/27,1,Google Maps,The stylist seemed like he was using all this flair to impress me but didn’t seem like he was paying attention to how even my hair was. Another stylist came up to me while he was cutting my hair and asked who the lucky guy was? Which was really inappropriate. I’m a paying customer who doesn’t appreciate getting hit on. I will never go here again. I ended up going to Supercuts to check my hair which they said was uneven with the layers.,"We're sorry to hear this was your experience, Kristina. If you'd like, please email with the details and location or call us at 1-800-473-2825 ext 3. We will follow up with you from there. Thank you for reaching out."
ChZDSUhNMG9nS0VJQ0FnSUMweFkzb1Z3EAE,5.0,0,2026/07/26,2020/07/27,1,Google Maps,,
ChZDSUhNMG9nS0VJQ0FnSUMwcF9IOUtnEAE,4.0,0,2026/07/26,2020/07/27,1,Google Maps,,Thank you! We look forward to your next stop in!
ChZDSUhNMG9nS0VJQ0FnSUMwMV83UFlnEAE,5.0,0,2026/07/26,2020/07/27,1,Google Maps,,Thank you! We look forward to your next stop in!
ChdDSUhNMG9nS0VJQ0FnSUMwbi02STNnRRAB,5.0,0,2026/07/26,2020/07/27,1,Google Maps,Best haircut I've ever had! I didn't have to wait and T did a great and quick job! I'll be sure to request him in the future,"Thank you for being our customer, Dawood! We're always happy to help!"
ChZDSUhNMG9nS0VJQ0FnSURZeEt2V1pREAE,2.0,0,2026/07/26,2020/07/27,1,Google Maps,,We love to see this!
ChdDSUhNMG9nS0VJQ0FnSUQwNk91Y2x3RRAB,5.0,0,2026/07/26,2020/07/27,1,Google Maps,,"Thank you, John!"
ChdDSUhNMG9nS0VJQ0FnSUQweXZENnlBRRAB,4.0,0,2026/07/26,2020/07/27,1,Google Maps,,"Thank you, Harry!"
ChZDSUhNMG9nS0VJQ0FnSUQwdm91dlNnEAE,3.0,0,2026/07/26,2020/07/27,1,Google Maps,,"We appreciate your feedback, Jamila. If you'd like to share more regarding your review, please email with the details and location or call us at 1-800-473-2825 ext 3. We're always happy to help. Thank you!"
ChdDSUhNMG9nS0VJQ0FnSUQwM2RyRDZnRRAB,1.0,0,2026/07/26,2020/07/27,1,Google Maps,,"We're sorry to see your rating. If you'd like to share more, please email with the details and location or call us at 1-800-473-2825 ext 3. We will get in touch with you from there. Thank you."
ChZDSUhNMG9nS0VJQ0FnSUQwb19MMUVBEAE,5.0,0,2026/07/26,2020/07/27,1,Google Maps,,"Thank you for your review, Melissa!"
ChdDSUhNMG9nS0VJQ0FnSUNNNGRMbmhnRRAB,5.0,0,2026/07/26,2020/07/27,1,Google Maps,,"We appreciate your feedback, Stefanie. If you'd like to share more regarding your review, please email with the details and location or call us at 1-800-473-2825 ext 3. We're always happy to help. Thank you!"
ChdDSUhNMG9nS0VJQ0FnSUNNOWN2UHRBRRAB,3.0,0,2026/07/26,2020/07/27,1,Google Maps,,"We appreciate your feedback. If you'd like to share more regarding your review, please email with the details and location or call us at 1-800-473-2825 ext 3. We're always happy to help. Thank you, Prashanth!"
ChZDSUhNMG9nS0VJQ0FnSUNNdzgyWlhnEAE,3.0,0,2026/07/26,2020/07/27,1,Google Maps,,"We appreciate your feedback, Roshan. If you'd like to share more regarding your review, please email with the details and location or call us at 1-800-473-2825 ext 3. We're always happy to help. Thank you!"
ChdDSUhNMG9nS0VJQ0FnSURNc05tNTBRRRAB,1.0,0,2026/07/26,2020/07/27,1,Google Maps,,"We're sorry to see your rating. If you'd like to share more, please email with the details and location or call us at 1-800-473-2825 ext 3. We will get in touch with you from there. Thank you."
ChdDSUhNMG9nS0VJQ0FnSURNOU0yQnpRRRAB,1.0,2,2026/07/26,2020/07/27,1,Google Maps,Sarah shaved my entire neckline off when I asked for it rounded. “20 years of experience” don’t get a haircut from her. Awful.,"We're sorry to hear this was your experience, Samuel. If you'd like, please email with the details and location or call us at 1-800-473-2825 ext 3. We will follow up with you from there. Thank you for reaching out."
ChZDSUhNMG9nS0VJQ0FnSUNRNXVLNkZBEAE,1.0,2,2026/07/26,2020/07/27,1,Google Maps,"Stay away. Give no star if I could. The hair stylist have bad attitude & seem fresh out of school. I had long hair & just wanted shorter with layers all over. How can you mess it up. I look like a lopsided French Poodle. The layers are ok on one side & the other side is chopped off in patches. Trying to find another place to fix it. The guy next to me was unhappy too. He came with a full head of hair for just a trim & was shocked when he saw how short the stylist hacked it off. The skin was showing. Then she asked what do you want me to do with the rest? There was no way to fix it except to cut it all short, like military style.. right before Christmas. Smh","We're sorry to hear this. If you would like, please email with the details and salon location. We will follow up with you regarding your experience from there. Thank you."
ChZDSUhNMG9nS0VJQ0FnSURNOXQtb2VBEAE,4.0,0,2026/07/26,2020/07/27,1,Google Maps,,"Thank you for being our customer, Robert!"
ChZDSUhNMG9nS0VJQ0FnSURNanI2VlFnEAE,4.0,1,2026/07/26,2020/07/27,1,Google Maps,It was freat nice hair cut done . And we can use the following code to get 5$ off of regular hair cut until jan 3 2020,"Thank you for being a Great Clips customer, Lavan! We look forward to seeing you again next time!"
ChdDSUhNMG9nS0VJQ0FnSURNdVphYjhBRRAB,1.0,2,2026/07/26,2020/07/27,1,Google Maps,"Apryl messed up my haircut. Throughout the haircut, she would talk to the Salesman for scissors sharpening and selling. She would attend phone calls. She wasn’t focused and left patches of hair on both the sides, behind the ear and back. Pathetic.","We’re sorry to see this, Adnan. If you would like follow up, please email with the details and location or call us at 1-800-473-2825 ext 3. We will be happy to help you. Thank you."
ChdDSUhNMG9nS0VJQ0FnSUNVanEzVnhnRRAB,5.0,0,2026/07/26,2020/07/27,1,Google Maps,,Thank you!
ChZDSUhNMG9nS0VJQ0FnSURNemNXekxREAE,2.0,2,2026/07/26,2020/07/27,1,Google Maps,Dont chance it man......,"We appreciate your feedback, Ron. If you'd like to share more regarding your review, please email with the details and location or call us at 1-800-473-2825 ext 3. We're always happy to help. Thank you!"
ChZDSUhNMG9nS0VJQ0FnSURNemN1UVRBEAE,4.0,0,2026/07/26,2020/07/27,1,Google Maps,,"Thank you, Avinash!"
ChdDSUhNMG9nS0VJQ0FnSURNMC1TT3ZRRRAB,4.0,0,2026/07/26,2020/07/27,1,Google Maps,,"Thank you! We’re always happy to help you, Amanda!"
ChZDSUhNMG9nS0VJQ0FnSURNbTZpZlJBEAE,1.0,4,2026/07/26,2020/07/27,1,Google Maps,The stylist (unfortunately the manager) didn't ask any questions on how I need my hair to be cut. After about 6 to 7 minutes she said she was done and there was nothing more that she could do. Didn't ask if I needed it round or square in the back. Didn't show me how it looked. Didn't ask me if I wanted my side burns to be cut. Didn't blow of all the hair that was cut. No communication whatsoever and was not willing to even offer to correct her mistakes.,"We're sorry to hear this, Harish. If you would like, please email with the details and location or call us at 1-800-473-2825 ext 3 so we can best assist you and contact you. Thank you for reaching out to us."
ChZDSUhNMG9nS0VJQ0FnSURNNzYzN01BEAE,5.0,0,2026/07/26,2020/07/27,1,Google Maps,"Sorry Harish Chandraiah about your experience with our Assistant Manager. We have contacted and spoken with you.. 😁 Lisa, Manager …",
ChZDSUhNMG9nS0VJQ0FnSURNbjhxQklREAE,4.0,0,2026/07/26,2020/07/27,1,Google Maps,,"Thank you for your rating, Rajiv!"
ChZDSUhNMG9nS0VJQ0FnSUNzd3NfSk13EAE,5.0,0,2026/07/26,2020/07/27,1,Google Maps,,"Thank you, Paul!"
ChdDSUhNMG9nS0VJQ0FnSUNzc3JlNWh3RRAB,4.0,0,2026/07/26,2020/07/27,1,Google Maps,Fast. the lady that cuts my hair is really sweet,"Thank you! We’re always happy to help you, Eduardo!"
ChdDSUhNMG9nS0VJQ0FnSUNzbnZXTTZRRRAB,3.0,1,2026/07/26,2020/07/27,1,Google Maps,Typical syndicated place to get a quick trim. Every cut looks the same.,"We appreciate your feedback. If you'd like to share more regarding your review, please email with the details and location or call us at 1-800-473-2825 ext 3. We're always happy to help. Thank you!"
ChZDSUhNMG9nS0VJQ0FnSUNzNGE3VGNBEAE,5.0,0,2026/07/26,2020/07/27,1,Google Maps,Great place to get a haircut!,"Thank you for coming in! We look forward to your next visit, Joelson!"
ChdDSUhNMG9nS0VJQ0FnSUNzNGItaGtBRRAB,4.0,0,2026/07/26,2020/07/27,1,Google Maps,,"Thank you for being a Great Clips customer! See you next time, Brandon!"
ChZDSUhNMG9nS0VJQ0FnSUNzOFl1NGZBEAE,5.0,0,2026/07/26,2020/07/27,1,Google Maps,,Thank you for your review!
ChdDSUhNMG9nS0VJQ0FnSUNzN1l5cjZBRRAB,5.0,0,2026/07/26,2020/07/27,1,Google Maps,,Thank you for your review!
ChdDSUhNMG9nS0VJQ0FnSURNb3VpYjFBRRAB,3.0,2,2026/07/26,2020/07/27,1,Google Maps,"Decent cut, but the lady rushed it because they were closing.","We appreciate your feedback. If you'd like to share more regarding your review, please email with the details and location or call us at 1-800-473-2825 ext 3. We're always happy to help. Thank you!"
ChdDSUhNMG9nS0VJQ0FnSURzOE1pYmpRRRAB,1.0,0,2026/07/26,2020/07/27,1,Google Maps,,"We're sorry to see your rating. If you'd like to share more, please email with the details and location or call us at 1-800-473-2825 ext 3. We will get in touch with you from there. Thank you."
ChZDSUhNMG9nS0VJQ0FnSURzcXVmZ0F3EAE,5.0,0,2026/07/26,2020/07/27,1,Google Maps,,"Thank you, Vinayak!"
ChZDSUhNMG9nS0VJQ0FnSURzdnJmQ0ZnEAE,5.0,0,2026/07/26,2020/07/27,1,Google Maps,I like going to Great Clips because the price is good and Lisa cuts my hair beautifully.,"Thank you, Carlos!"
ChZDSUhNMG9nS0VJQ0FnSURza2ZUOVdREAE,1.0,2,2026/07/26,2020/07/27,1,Google Maps,Messed my hair up,"We're sorry to read this, Todd. If you'd like, please email with the details and location or call us at 1-800-473-2825 ext 3 so we can best assist you and follow up with you. Thank you."
ChdDSUhNMG9nS0VJQ0FnSUNja3Z2NGlnRRAB,5.0,1,2026/07/26,2020/07/27,1,Google Maps,nice,"Thank you, Chrysalis!"
ChdDSUhNMG9nS0VJQ0FnSUNjX2JHOGtnRRAB,1.0,0,2026/07/26,2020/07/27,1,Google Maps,Mmmm,
ChZDSUhNMG9nS0VJQ0FnSURjd3M2d1dREAE,5.0,0,2026/07/26,2020/07/27,1,Google Maps,,"Thank you for your rating, Dayami!"
ChdDSUhNMG9nS0VJQ0FnSURjc2RPVnlRRRAB,5.0,0,2026/07/26,2020/07/27,1,Google Maps,,"Thank you for your review, Amanda!"
ChZDSUhNMG9nS0VJQ0FnSUM4bXZLbUNnEAE,3.0,1,2026/07/26,2020/07/27,1,Google Maps,Simple and sweet.,"Thank you, Jacob! We value your feedback!"
ChZDSUhNMG9nS0VJQ0FnSUQ4bWIzM0ZnEAE,4.0,0,2026/07/26,2020/07/27,1,Google Maps,,"Thank you for coming in! We look forward to your next visit, Chase!"
ChZDSUhNMG9nS0VJQ0FnSUNDNklTNENBEAE,4.0,0,2026/07/26,2021/07/27,1,Google Maps,,Thanks for your positive review!
ChdDSUhNMG9nS0VJQ0FnSURDdGQ3QnFnRRAB,1.0,4,2026/07/26,2021/07/27,1,Google Maps,I wish I could give zero star.I am never going to this place again. There was so many things wrong with the hair. First of all he made it so short Even though I ask him not to cut so much length and after all this it was my courtesy that I paid The whole amount but he (Ben) was asking for tip.,"We're sorry to hear this, Patel. If you would like, please email with the details and location or call us at 1-800-473-2825 ext 3 so we can best assist you and contact you. Thank you for reaching out to us."
ChdDSUhNMG9nS0VJQ0FnSUNpeU1mZzBRRRAB,4.0,0,2026/07/26,2021/07/27,1,Google Maps,"Good food, pleasant atmosphere.",
ChdDSUhNMG9nS0VJQ0FnSURpdkt2X3BnRRAB,5.0,0,2026/07/26,2021/07/27,1,Google Maps,friendly,We're always happy to help you! We hope to see you again next time!
ChdDSUhNMG9nS0VJQ0FnSURDeHRfc3JBRRAB,1.0,2,2026/07/26,2021/07/27,1,Google Maps,April did a mess on my hair,"We’re sorry to see this. If you would like, please email with the details and location or call us at 1-800-473-2825 ext 3. We will be happy to help you. Thank you."
ChZDSUhNMG9nS0VJQ0FnSURTLXFhSVdBEAE,1.0,3,2026/07/26,2021/07/27,1,Google Maps,Don’t go here if you wanna save your hair. Worst hair cut ever. I asked for hair fading on sides and the person cut the hair straight with size 1 without any fading and layers. Barber started arguing after. Giving one star coz he cut the hair.,"We’re sorry to see this, Varun. If you would like, please email with the details and location or call us at 1-800-473-2825 ext. 5. We will be happy to help you. Thank you."
ChdDSUhNMG9nS0VJQ0FnSURTa2Z1V3ZnRRAB,4.0,0,2026/07/26,2021/07/27,1,Google Maps,,"We appreciate you being our customer, and are glad you enjoyed your experience with us, Lakshmi!"
ChZDSUhNMG9nS0VJQ0FnSUR5MU1td1Z3EAE,3.0,1,2026/07/26,2021/07/27,1,Google Maps,"Great haircut but I would really appreciate if the staff here didn't talk too much. This girl Lisa that was working the last shift of the day here starts asking me a million questions and she doesn't even know me to begin with. For the record, I don't know Lisa and I don't really know why she's asking me a lot of random questions. Lisa just keeps asking me about a lot of generic stuff. I would really appreciate it if she had left me alone and just do her job of cutting my hair. I'm getting really annoyed with her asking me too many questions and she really needs to stop. Some of us really get annoyed with that. I just got off work when I came into the store and I don't feeling talking to anyone and I was very tired that night. The people here should really start being very mindful of the customers before they engage in a conversation. Some customers don't want you talking to them and want to be left alone. I'm not trying to cause any problems but I just want the staff here to be very mindful before starting a conversation and to respect the customers.","We're sorry to read this. If you'd like, please email with the details and location or call us at 1-800-473-2825 ext. 5 so we can best assist you and follow up with you. Thank you."
ChdDSUhNMG9nS0VJQ0FnSUR5dnNQTXN3RRAB,1.0,0,2026/07/26,2021/07/27,1,Google Maps,,"We're sorry to see your rating. If you'd like to share more, please email with the details and location or call us at 1-800-473-2825 ext. 5. We will get in touch with you from there. Thank you."
ChdDSUhNMG9nS0VJQ0FnSUR5bWRXQ25RRRAB,1.0,1,2026/07/26,2021/07/27,1,Google Maps,"Great clips, more like terrible service. I went in and sat down for like 10 minutes and no one said hello or how can I help you or anything so I just left.","We're sorry to read this, Aaron. If you'd like, please email with the details and location or call us at 1-800-473-2825 ext. 5 so we can best assist you and follow up with you. Thank you."
ChdDSUhNMG9nS0VJQ0FnSUR5OVpHc2dnRRAB,5.0,0,2026/07/26,2021/07/27,1,Google Maps,Can't be the price and it's great to be able to check in online!,Thank you for coming in! We look forward to your next visit!
ChZDSUhNMG9nS0VJQ0FnSUNLNHVmSElREAE,5.0,0,2026/07/26,2021/07/27,1,Google Maps,Very fast and very nice! Will come again,"We appreciate your feedback, Savannah! We're always happy to help!"
ChdDSUhNMG9nS0VJQ0FnSUNLc29YRDBBRRAB,5.0,0,2026/07/26,2021/07/27,1,Google Maps,,"Thank you, Jose!"
ChZDSUhNMG9nS0VJQ0FnSUNLdHRuREp3EAE,5.0,0,2026/07/26,2021/07/27,1,Google Maps,,"Thank you for your review, Yushuo!"
ChZDSUhNMG9nS0VJQ0FnSUNLMmNhZVV3EAE,2.0,0,2026/07/26,2021/07/27,1,Google Maps,,"We're sorry to see your rating. If you'd like to share more, please email with the details and location or call us at 1-800-473-2825 ext. 5. We will get in touch with you from there. Thank you."
ChdDSUhNMG9nS0VJQ0FnSUNLaGNXT3RBRRAB,4.0,0,2026/07/26,2021/07/27,1,Google Maps,,"Thank you for your feedback, Vivek!"
ChZDSUhNMG9nS0VJQ0FnSUNLNWFPNFl3EAE,5.0,0,2026/07/26,2021/07/27,1,Google Maps,"Binh, was amazimg at his talent.","We appreciate you being our customer, and are glad you enjoyed your experience with us!"
ChdDSUhNMG9nS0VJQ0FnSURLMHN6dXhnRRAB,2.0,1,2026/07/26,2021/07/27,1,Google Maps,Extremely low quality cuts for women. I literally only needed a straight cut 2 inches - no layers. After the initial cut there were still visible tags hanging down. I pointed this out and the stylist attempted to address this. When I got home there were still not only visible tags hanging down beyond the cut but my two sides were not even in length. Grrrr! The only reason I went here was because I had a day off and I needed to get my hair trimmed. I will never make this mistake again. I will never ever go to this location again. This is not my first horrible haircut that I’ve gotten at this location!,"We're sorry to hear this was your experience, Lisa. If you'd like, please email with the details and location or call us at 1-800-473-2825 ext. 5. We will be happy to help you. Thank you."
ChdDSUhNMG9nS0VJQ0FnSURLdHFicnVRRRAB,3.0,0,2026/07/26,2021/07/27,1,Google Maps,,"We appreciate your feedback. If you'd like to share more regarding your review, please email with the details and location or call us at 1-800-473-2825 ext. 5. We're always happy to help. Thank you!"
ChZDSUhNMG9nS0VJQ0FnSURLaFluRk9nEAE,5.0,0,2026/07/26,2021/07/27,1,Google Maps,,Thank you for your review! We look forward to seeing you next time!
ChZDSUhNMG9nS0VJQ0FnSURLcDVLRU5REAE,5.0,1,2026/07/26,2021/07/27,1,Google Maps,Binh is the best hairdresser ever! He has been cutting my hair for 4 years. Keep up the great work!,Thank you for being our customer! We’re always happy to help you!
ChZDSUhNMG9nS0VJQ0FnSUNxZ0stcWJ3EAE,5.0,0,2026/07/26,2021/07/27,1,Google Maps,,Thank you for being our customer! We’re always happy to help you!
ChZDSUhNMG9nS0VJQ0FnSUNxenJIRkVBEAE,5.0,0,2026/07/26,2021/07/27,1,Google Maps,Lisa did an excellent job.,"We are happy to hear this, Greg!"
ChdDSUhNMG9nS0VJQ0FnSUNxa2JxUG5RRRAB,5.0,0,2026/07/26,2021/07/27,1,Google Maps,💯💯💯💯 …,Thank you for being our customer! We're always happy to help!
ChdDSUhNMG9nS0VJQ0FnSUNxOFp2SjdnRRAB,5.0,0,2026/07/26,2021/07/27,1,Google Maps,"Wow. Ben does great work...and fast. I mean, you know you're getting a good job when your stylist has a tool belt!",Thank you for being our customer! We're always happy to help!
ChZDSUhNMG9nS0VJQ0FnSURBdGJUQll3EAE,4.0,0,2026/07/26,2021/07/27,1,Google Maps,,Thank you for your review! We look forward to seeing you next time!
ChZDSUhNMG9nS0VJQ0FnSURxN04zeFdREAE,1.0,0,2026/07/26,2021/07/27,1,Google Maps,Not opened at proper time in the morning,"We're sorry to hear this. If you would like, please email with the details and location or call us at 1-800-473-2825 ext. 5 so we can best assist you and contact you. Thank you for reaching out to us."
ChdDSUhNMG9nS0VJQ0FnSURxMXVXRTlBRRAB,5.0,0,2026/07/26,2021/07/27,1,Google Maps,,We appreciate your rating! See you next time!
ChZDSUhNMG9nS0VJQ0FnSURxb2E3aEF3EAE,1.0,0,2026/07/26,2021/07/27,1,Google Maps,,"We're sorry to see your rating. If you'd like to share more, please email with the details and location or call us at 1-800-473-2825 ext. 5. We will get in touch with you from there. Thank you."
ChZDSUhNMG9nS0VJQ0FnSURxbDVmMFVnEAE,5.0,0,2026/07/26,2021/07/27,1,Google Maps,Awesome great service happy stylist in on time,Thank you for coming in! We look forward to your next visit!
ChZDSUhNMG9nS0VJQ0FnSUNheklUQUNBEAE,1.0,0,2026/07/26,2021/07/27,1,Google Maps,,"We're sorry to see your rating. If you'd like to share more, please email with the details and location or call us at 1-800-473-2825 ext. 5. We will get in touch with you from there. Thank you."
ChdDSUhNMG9nS0VJQ0FnSUNhdlBpT2hBRRAB,5.0,0,2026/07/26,2021/07/27,1,Google Maps,"This was a good great clips and my first time at this one. I just moved to the area so I’m glad I chose this one. I have been going to great clips since I was 5 and have been to so many of them across the country. This one stood out in a good way. I was trying to go to the one on research but it had a long wait on the app so I came to this one and didn’t wait at all! The lady was very friendly and nice, and took extra time with me. I gave her a better tip than normal but I felt bad with them not being busy and she was so nice! She did a wonderful job!! I’ll be back.","Thank you for coming in! We are always happy to help you, David!"
ChdDSUhNMG9nS0VJQ0FnSURhb01fN3NRRRAB,5.0,0,2026/07/26,2022/07/27,1,Google Maps,,Thank you for your rating!
ChZDSUhNMG9nS0VJQ0FnSURhZ3V6akxREAE,5.0,0,2026/07/26,2022/07/27,1,Google Maps,,Thank you for being our customer! We’re always happy to help you!
ChdDSUhNMG9nS0VJQ0FnSURhMzhIQmdnRRAB,5.0,0,2026/07/26,2022/07/27,1,Google Maps,,"Thank you for your review, Paola!"
ChdDSUhNMG9nS0VJQ0FnSUM2dnUzbDdRRRAB,5.0,0,2026/07/26,2022/07/27,1,Google Maps,Bihn is always on point.,"Thank you! We value your feedback, Joseph!"
ChdDSUhNMG9nS0VJQ0FnSUM2aTRqb3RRRRAB,1.0,0,2026/07/26,2022/07/27,1,Google Maps,,"We're sorry to see your rating. If you'd like to share more, please email with the details and location or call us at 1-800-473-2825 ext. 5. We will get in touch with you from there. Thank you."
ChdDSUhNMG9nS0VJQ0FnSUM2NTVXSWtnRRAB,1.0,4,2026/07/26,2022/07/27,1,Google Maps,"The worst haircut I've ever gotten. The stylist wasn't listening to what I said or how I wanted it. He was very rough and was too fast with the clippers. And he ruined my side burns, I looked like a pineapple by then end 🤦 …","We're sorry to hear this was your experience. If you'd like, please email with the details and location or call us at 1-800-473-2825 ext. 5. We will be happy to help you. Thank you."
ChZDSUhNMG9nS0VJQ0FnSUQ2eVphUWNREAE,1.0,0,2026/07/26,2022/07/27,1,Google Maps,,"We're sorry to see your rating, Ashish. If you'd like to share more, please email with the details and location or call us at 1-800-473-2825 ext. 5. We will get in touch with you from there. Thank you."
ChdDSUhNMG9nS0VJQ0FnSUNzd291YjZ3RRAB,1.0,3,2026/07/26,2022/07/27,1,Google Maps,The stylist visiting from the Tech Ridge location RUINED my hair. I walked out in the middle if the appt. unbelievable.,"We’re sorry to see this, Allison. If you would like follow up, please email with the details and location or call us at 1-800-473-2825 ext 3. We will be happy to help you. Thank you."
ChdDSUhNMG9nS0VJQ0FnSUQ2NjlicW9BRRAB,1.0,0,2026/07/26,2022/07/27,1,Google Maps,,"We're sorry to see your rating. If you'd like to share more, please email with the details and location or call us at 1-800-473-2825 ext. 5. We will get in touch with you from there. Thank you."
ChZDSUhNMG9nS0VJQ0FnSUNHMExqY1dBEAE,1.0,1,2026/07/26,2022/07/27,1,Google Maps,Avoid this saloon. Unprofessional staff. They do things without taking customers consent. Worst experience.,"We're sorry to hear this. If you would like, please email with the details and location or call us at 1-800-473-2825 ext. 5 so we can best assist you and contact you. Thank you for reaching out to us."
ChZDSUhNMG9nS0VJQ0FnSUNHaU5MZ1pnEAE,1.0,8,2026/07/26,2022/07/27,1,Google Maps,"went in Oct 9th to have some layers put in. (I had grown my hair out to almost one length.) I showed the Asian gentleman how short I wanted the shortest layer, to my shoulders. He chopped off my hair like it was a viral trend. He combed my hair straight back, I thought he was just checking for length. The next thing I felt was the scissors through ALL of my hair at once. Instant dread/fear/regret. He then proceeded to show me all my hair in his fist. He did a few more little snips and in less than 3 minutes my hair was ""done"". This was also done dry. Not even a spritz of water. The bulk at end of my hair is gone. The layers/cut is uneven. The shortest layer is at my ears. I have never in my adult life, cried after a haircut. The woman working with him said not to charge me and apologized. I've been having layers put in my hair for over 15 years and never has someone just chopped my hair off at once. I'm too scared to even have someone try to fix this because it just means cutting more hair off in my already thin cut. FWIW I think the man's name was Than.","We're sorry to read this, Elena. If you'd like, please email with the details and location or call us at 1-800-473-2825 ext. 5 so we can best assist you and follow up with you. Thank you."
ChZDSUhNMG9nS0VJQ0FnSUNHcXVPVFZREAE,2.0,0,2026/07/26,2022/07/27,1,Google Maps,,"We're sorry to see your rating. If you'd like to share more, please email with the details and location or call us at 1-800-473-2825 ext. 5. We will get in touch with you from there. Thank you."
ChdDSUhNMG9nS0VJQ0FnSUNHeG9TLTl3RRAB,1.0,1,2026/07/26,2022/07/27,1,Google Maps,Staff here always offer customer to go to different store. It happened for me twice.,"We're sorry to read this. If you'd like, please email with the details and location or call us at 1-800-473-2825 ext. 5 so we can best assist you and follow up with you. Thank you."
ChdDSUhNMG9nS0VJQ0FnSUNHZzdiOTlRRRAB,1.0,0,2026/07/26,2022/07/27,1,Google Maps,"Men's hair isn't even that complicated but 3 separate times I've come here and all 3 times I left with a bad haircut. This pic is even *after* I asked them to fix this line. They literally cannot cut hair even. Let me save you at least $16: If you're a lady or a dude looking for a haircut that's even, you have to go somewhere else.","We're sorry to hear this was your experience. If you'd like, please email with the details and location or call us at 1-800-473-2825 ext. 5. We will be happy to help you. Thank you."
ChZDSUhNMG9nS0VJQ0FnSURHdEl1TUV3EAE,1.0,1,2026/07/26,2022/07/27,1,Google Maps,Rude and poorly skilled staff.,"We're sorry to read this. If you'd like, please email with the details and location or call us at 1-800-473-2825 ext. 5 so we can best assist you and follow up with you. Thank you."
ChdDSUhNMG9nS0VJQ0FnSURHeGZESjdRRRAB,5.0,0,2026/07/26,2022/07/27,1,Google Maps,,"Thank you for coming in, Malcom! We look forward to your next visit!"
ChdDSUhNMG9nS0VJQ0FnSUNtcXNqWDVRRRAB,4.0,0,2026/07/26,2022/07/27,1,Google Maps,,Thank you for being our customer! We’re always happy to help you!
ChZDSUhNMG9nS0VJQ0FnSUNtajRHd1ZBEAE,1.0,0,2026/07/26,2022/07/27,1,Google Maps,,"We're sorry to see your rating, Karthik. If you'd like to share more, please email with the details and location or call us at 1-800-473-2825 ext. 5. We will get in touch with you from there. Thank you."
ChdDSUhNMG9nS0VJQ0FnSURtdHJqdnJBRRAB,5.0,0,2026/07/26,2022/07/27,1,Google Maps,Gracias a Dios por su servicio,"Thank YOU for coming in, Maria!"
ChdDSUhNMG9nS0VJQ0FnSURtOC0zYjJnRRAB,2.0,0,2026/07/26,2022/07/27,1,Google Maps,,"We're sorry to see your rating. If you'd like to share more, please email with the details and location or call us at 1-800-473-2825 ext. 5. We will get in touch with you from there. Thank you."
ChRDSUhNMG9nS0VJQ0FnSUNhbHU4ehAB,1.0,4,2026/07/26,2022/07/27,1,Google Maps,"I look like a pineapple after a haircut by this Asian man. The guy who did my hair not only messed my hairstyle, but was rude and started abusing me when I requested him to fix the mess on my head. NO ACTION TAKEN. NEVER VISIT THIS LOCATION.","We're sorry to read this, Rishi. If you'd like, please email with the details and location or call us at 1-800-473-2825 ext. 5 so we can best assist you and follow up with you. Thank you."
ChZDSUhNMG9nS0VJQ0FnSUNXaWJTV2JBEAE,5.0,0,2026/07/26,2022/07/27,1,Google Maps,,Thanks for choosing Great Clips! We are glad you enjoyed your visit!
ChZDSUhNMG9nS0VJQ0FnSUNxd182QUFnEAE,1.0,2,2026/07/26,2022/07/27,1,Google Maps,"I don’t know the name of the employee, but the man who wears a utility belt has given me the 2 worst haircuts of my entire life. I look like a cone head… take that back actually, my hair has no discernible shape. I swear this man is blind. The first time he cut my hair, he had just finished a smoke break and he REAKED of cigarettes. As a result, my hair not only smelled awful, but it looked worse than it smelled. I will not be going back here, or to any great clips for that matter. DO NOT GO HERE. YOU WILL BE DISAPPOINTED.","We're sorry to hear this was your experience. If you'd like, please email with the details and location. We will be happy to help you. Thank you."
ChdDSUhNMG9nS0VJQ0FnSUMyallyQnZ3RRAB,5.0,0,2026/07/26,2022/07/27,1,Google Maps,,We appreciate you being our customer and are glad you enjoyed your experience!
ChdDSUhNMG9nS0VJQ0FnSUMyemUyNjVBRRAB,1.0,3,2026/07/26,2022/07/27,1,Google Maps,"my wife went to get a curly haircut, she showed the guy that was going to cut her hair, she SHOWED him a picture of how she wanted it cut, he replied NO...NO...NO...then proceeded to trim it in the back only about 1/2 inch and was done...then he charged her full price for a haircut!","We're sorry to hear this was your experience. If you'd like, please email with the details and location. We will be happy to help you. Thank you."
ChdDSUhNMG9nS0VJQ0FnSUQybks3X3ZnRRAB,1.0,1,2026/07/26,2022/07/27,1,Google Maps,"Never trust them they suddenly closed the shop at Sunday 05:00PM, despite mentioning everywhere that it's open till 06PM. Also the service is pretty bad","We're sorry to read this. If you'd like, please email with the details and location or call us at 1-800-473-2825 ext. 5 so we can best assist you and follow up with you. Thank you."
ChdDSUhNMG9nS0VJQ0FnSUNPek9uXzNBRRAB,5.0,0,2026/07/26,2022/07/27,1,Google Maps,,"Thank you for your rating, Sundaresan!"
ChZDSUhNMG9nS0VJQ0FnSUNhdE9ub1ZnEAE,3.0,0,2026/07/26,2022/07/27,1,Google Maps,"I usually really don't like getting a haircut and I have let my hair grow for a long time because of how bad the past one was. T the man who cut my hair made me feel welcome and he did a stupendous job with my hair, he took me through each step in the mirror before during and after the whole process. I 100% recommend this establishment 5 star review has been changed to a 3 star review 🥲 10 months later and my haircut here was so rushed, my bangs were cut way too short and when I asked him if he could fix it it just got worse. Unfortunately I dont know if I will come back to this location considering how awesome the service was last time. Not the same stylist, was most likely my biggest mistake.","Thank you for being our customer! We appreciate your feedback, Devin!"
ChdDSUhNMG9nS0VJQ0FnSUNPd2Z1bHFnRRAB,1.0,1,2026/07/26,2022/07/27,1,Google Maps,Don't even try going to this location. Employees are rude.,"We're sorry to hear this was your experience. If you'd like, please email with the details and location. We will be happy to help you. Thank you."
ChZDSUhNMG9nS0VJQ0FnSUNPdl83SUZBEAE,2.0,1,2026/07/26,2022/07/27,1,Google Maps,The most nasty cut I got among all other great clip store. It’s poorly edged. The barber can’t even blend a fade.,"We're sorry to read this. If you'd like, please email with the details and location or call us at 1-800-473-2825 ext. 5 so we can best assist you and follow up with you. Thank you."
ChdDSUhNMG9nS0VJQ0FnSURPckxTRl9nRRAB,1.0,0,2026/07/26,2022/07/27,1,Google Maps,,"We're sorry to see your rating. If you'd like to share more, please email with the details and location. We will get in touch with you from there. Thank you."
ChdDSUhNMG9nS0VJQ0FnSURPbXFEQXJ3RRAB,5.0,0,2026/07/26,2022/07/27,1,Google Maps,Walked in an hour before close on Fourth of July weekend and was out the door in less than 20 minutes. The people working there were very nice and fun to talk to. I was shocked it wasn't busier.,"Thank you for being our customer! We're always happy to help, John!"
ChdDSUhNMG9nS0VJQ0FnSUNPNGJUbXZnRRAB,1.0,4,2026/07/26,2022/07/27,1,Google Maps,"This is the worst Great Clips experience I ever had in past 11 years. I went to the store 1 years ago, and it was okay. But this time, 1) the Barber made me sit on the chair where he had all the remaining hairs from his last customer. He didn't clean the area at all! 2) He was cutting my hair so fast that I was really worried that he might accidentally cut may ear. He was done with my hair in like 5 min. 3) Eventually I was not happy with the cut as well. 4) The store supposed to close at 6PM. But they returned 3 customers, after several argument, who came around 5:45 pm, saying that the store is closed. However, other Great Clips stores always told me that if I enter the store before 6pm, they will cut my hair.","We're sorry to see your rating. If you'd like to share more, please email with the details and location. We will get in touch with you from there. Thank you."
ChZDSUhNMG9nS0VJQ0FnSURPd1pqWkNnEAE,1.0,4,2026/07/26,2022/07/27,1,Google Maps,This was THE WORST haircut I've ever had. This dude cut my hair in less than 5 minutes going extremely fast with close clippers..and completely butchered it with bald spots and nonsensical lumps everywhere... Stay FAR AWAY!!!!,"We’re sorry to see this. If you would like, please email with the details and location or call us at 1-800-473-2825 ext. 5. We will be happy to help you. Thank you, Chase."
ChdDSUhNMG9nS0VJQ0FnSURPc2F5Vmp3RRAB,5.0,0,2026/07/26,2022/07/27,1,Google Maps,,We appreciate you being our customer!
ChdDSUhNMG9nS0VJQ0FnSURPaGVLNndRRRAB,5.0,0,2026/07/26,2022/07/27,1,Google Maps,,"Thank you for your rating, Michael!"
ChZDSUhNMG9nS0VJQ0FnSUN1LUxfMElnEAE,5.0,2,2026/07/26,2022/07/27,1,Google Maps,"Yesterday 7/19/2022 I went into Great Clips at 12407 N Mopac Expy Ste 125, Austin, TX 78758. no appointment but was seated immediately. I generally get a simple haircut, something like Glen Cambell. I requested the same cut as always, Anna cut my hair. She did an excellent job. After properly suiting me up with an apron, she asked me how long, I'm picky about length; and like just the tip ( top quarter ) of my ears covered. She also asked about using a clipper vs all scissors. I agreed to the clippers. The result were fantastic, very well shaped to my head giving me less of a round face ""Charlie Brown"" look and more of a tall thin face. I like it. She checked and checked again the length and evenness of the cut multiple times. She thinned my sideburns and shaped my back/neck area well. Just a great cut. Note: I've used Great Cuts for years. Most cuts are average , quick and inexpensive. This was one using a coupon as their retail prices have raised significantly. Not ready to pay $19 for a haircut but with coupon I'm fine with an $8 price. Sometimes my cut is not well shaped, sometimes the top vs sides does not go well, I.E. poor cuts; but most times just average. This cut was well above average, truely a great cut. Thanks Anna BUCK","Thank you for coming in! We are always happy to help you, Thomas!"
ChZDSUhNMG9nS0VJQ0FnSUN1NHBLQkZREAE,1.0,1,2026/07/26,2022/07/27,1,Google Maps,Never go to this place. Terrible experience. Always go to great clips but don’t choose this location.,"We're sorry to hear this was your experience. If you'd like, please email with the details and location. We will be happy to help you. Thank you."
ChdDSUhNMG9nS0VJQ0FnSUN1eGNTbXdRRRAB,5.0,0,2026/07/26,2023/07/27,1,Google Maps,Fast and fantastic customer service,We appreciate you being our customer and are glad you enjoyed your experience!
ChdDSUhNMG9nS0VJQ0FnSUN1bTVyQy1BRRAB,1.0,7,2026/07/26,2023/07/27,1,Google Maps,"STAY AWAY!! I went to Great clips located in the Market at Parmer. The guy who cut my hair, did it in a hurry and did a very bad job. Didn’t even care listen to me when I told him exactly how I want my hair. At the end of haircut I tried to tell him my feedback but his attitude was very rude and not receptive. After this I went through a lot reviews for this store and many others complained about a similar experience. The barbers name is BEN as it says in the receipt. I request to the management he shouldn’t be cutting hair. It’s not safe and it’s a disgusting experience. I have to live with this bad haircut for a month now.","We're sorry to read this. If you'd like, please email with the details and location or call us at 1-800-473-2825 ext. 5 so we can best assist you and follow up with you. Thank you."
ChdDSUhNMG9nS0VJQ0FnSUR1eElMRWp3RRAB,5.0,0,2026/07/26,2023/07/27,1,Google Maps,Quick and consistent,Thank you! We value your feedback!
ChdDSUhNMG9nS0VJQ0FnSUR1anFxSHhnRRAB,5.0,0,2026/07/26,2023/07/27,1,Google Maps,,We appreciate you being our customer!
ChdDSUhNMG9nS0VJQ0FnSUR1bnF1TzdBRRAB,1.0,0,2026/07/26,2023/07/27,1,Google Maps,,"We're sorry to see your rating. If you'd like to share more, please email with the details and location. We will get in touch with you from there. Thank you."
ChZDSUhNMG9nS0VJQ0FnSUR1NGNIbURnEAE,5.0,0,2026/07/26,2023/07/27,1,Google Maps,Got myself tightened up quick and online check in was a breeze,"Thank you for coming in! We are always happy to help you, Dale!"
ChZDSUhNMG9nS0VJQ0FnSUR1MFlESll3EAE,1.0,4,2026/07/26,2023/07/27,1,Google Maps,"The Barber's name was Ben (it's on the bill). He was very rude, disrespectful and the service was terrible. Thanks to him, my hair now looks like a rotten pineapple. God! I don't know how I can manage this God awful haircut for another month. I'm a student, and my classes start in a few days. I hope I don't get bullied for this haircut. Help me God!","We're sorry to hear this was your experience. If you'd like, please email with the details and location. We will be happy to help you. Thank you."
ChdDSUhNMG9nS0VJQ0FnSUR1OVpmSDJBRRAB,4.0,0,2026/07/26,2023/07/27,1,Google Maps,,Thank you for being our customer! We’re always happy to help you!
ChdDSUhNMG9nS0VJQ0FnSUR1N2FEZXd3RRAB,4.0,0,2026/07/26,2023/07/27,1,Google Maps,"Get the appand check in! I've used GC in different cities. Consistency is good, convenience is great. This is next to my home and will continue to go.","Thanks for being our customer, Daniel! We're always happy to help you!"
ChdDSUhNMG9nS0VJQ0FnSUR1eTZ1NnV3RRAB,4.0,0,2026/07/26,2023/07/27,1,Google Maps,"Did back to school cuts for the kids. The lady that did my son's hair, he's 6, did great. The lady that did my daughter's hair was ok, but I asked her to take 2 inches off. It was more like a half inch.","Thank you for coming in! We are always happy to help you and your family, Christina!"
ChZDSUhNMG9nS0VJQ0FnSUNVdU96VkF3EAE,5.0,0,2026/07/26,2023/07/27,1,Google Maps,Binh has been always done such a great job cutting my hair for several years.,"Thank you for being our customer! We’re always happy to help you, Donnie!"
ChZDSUhNMG9nS0VJQ0FnSURlM2Q2YlZ3EAE,5.0,0,2026/07/26,2023/07/27,1,Google Maps,,Thank you for being our customer! We’re always happy to help you!
ChZDSUhNMG9nS0VJQ0FnSUMtMDlMbExBEAE,1.0,3,2026/07/26,2023/07/27,1,Google Maps,"Worst store! The guy over cut so fast, didn’t even care if it hurts you or not. I asked do it little slow, he didn’t care! He did my cut in less than 2 minutes. At Check out, I asked why do cut so fast? He reply was - YES I CUT FAST I DO IT IN 5 minutes. THANK YOU ! Highest level of rudeness!","We're sorry to hear this was your experience. If you'd like, please email with the details and location. We will be happy to help you. Thank you."
ChdDSUhNMG9nS0VJQ0FnSUMtMTY3anNBRRAB,1.0,0,2026/07/26,2023/07/27,1,Google Maps,I’ve never had someone try to do a haircut in five minutes until I visited here. Emphasis on try - the results are a disaster! Heed the other reviews and steer clear of this location.,"We're sorry to hear this was your experience. If you'd like, please email with the details and location. We will be happy to help you. Thank you."
ChdDSUhNMG9nS0VJQ0FnSUQtM0pMdXl3RRAB,5.0,0,2026/07/26,2023/07/27,1,Google Maps,,Thank you for being our customer! We’re always happy to help you!
ChZDSUhNMG9nS0VJQ0FnSUQtdXZXNlhREAE,1.0,0,2026/07/26,2023/07/27,1,Google Maps,"The service was really poor. Completed the hair cut in 5 mins , which is absolutely fine but wasn’t given a chance to make some corrections and guy rushed to checkout. Not sure what’s the rush when there is no one in the waitlist. Terrible experience.","We're sorry to read this. If you'd like, please email with the details and location or call us at 1-800-473-2825 ext. 5 so we can best assist you and follow up with you. Thank you, Manoj."
ChdDSUhNMG9nS0VJQ0FnSUNCZ01ISTZBRRAB,5.0,0,2026/07/26,2023/07/27,1,Google Maps,"I’m not someone who usually leaves reviews, but Elizabeth provided such amazing service today, I have to! This was definitely my first ever enjoyable experience getting my hair done. She was so friendly, conversational, and confidence-boosting! I’ve never had a better salon experience. She’s the best, hands down. Thank you so much Elizabeth!",Thank you for your review. We appreciate your feedback!
ChdDSUhNMG9nS0VJQ0FnSUNCdDRHQzlRRRAB,1.0,0,2026/07/26,2023/07/27,1,Google Maps,No accuracy in hair cutting. Poor skills and the barber would lie to you about how the hair is exactly how you want it to be. Would not recommend this place unless you want your hair to be messed up.,"We're sorry to hear this was your experience. If you'd like, please email with the details and location. We will be happy to help you. Thank you."
ChdDSUhNMG9nS0VJQ0FnSUNoNExLaDNRRRAB,2.0,2,2026/07/26,2023/07/27,1,Google Maps,I received a trim and my hair was very unevenly cut. I had to get it fixed elsewhere. I will not be back.,"We're sorry to hear this, Hallie. If you would like, please email with the details and location or call us at 1-800-473-2825 ext. 5 so we can best assist you and contact you. Thank you for reaching out to us."
ChdDSUhNMG9nS0VJQ0FnSUNodUxEWDV3RRAB,2.0,1,2026/07/26,2023/07/27,1,Google Maps,"My most recent visit to this GreatClips store was really unsatisfactory. Prior to driving the 20 miles to the shop, I checked in online as their hours of operation said they were open until 7 PM. The employees informed me that they were closed when I arrived at 6:45 PM, so I had to leave. I checked in ahead of time to make sure I could get a haircut during their advertised hours of operation, so I was really disappointed when I couldn't. Even worse, the staff was impolite and unapologetic about the circumstance. It was obvious that they were more interested in shutting their doors and going home for the day than in offering the customer service that they claimed on their website. GreatClips did not live up to my expectations, and I would not suggest this barbershop to anyone. I won't be going back here because of their lack of professionalism and contempt for their consumers.","We're sorry to read this. If you'd like, please email with the details and location or call us at 1-800-473-2825 ext. 5 so we can best assist you and follow up with you. Thank you, Aggie."
ChZDSUhNMG9nS0VJQ0FnSUNoc3ZESWRBEAE,3.0,1,2026/07/26,2023/07/27,1,Google Maps,The guy cuts very fast and does not care about doing it right. He does not understand what needs to be done but still cuts fast and wrong. When I was trying to stop him and explain this is not what I wanted he said: “next time go to a barbershop”. What a circus,"We're sorry to read this. If you'd like, please email with the details and location or call us at 1-800-473-2825 ext. 5 so we can best assist you and follow up with you. Thank you."
ChdDSUhNMG9nS0VJQ0FnSUNobG9pU2l3RRAB,1.0,0,2026/07/26,2023/07/27,1,Google Maps,"Never ever go here. The guy cut my hair in 2 min. He was not even trying to listen for any corrections. He went straight to billing after 2 mins. My wife went after me and her hair was done by the time I took my kid out and walked back in 2 mins. He is such a rude pathetic fellow. This is the worst great clips location 12407 N Mopac Expy Ste 125, Austin, TX 78758","We're sorry to read this. If you'd like, please email with the details and location or call us at 1-800-473-2825 ext. 5 so we can best assist you and follow up with you. Thank you."
ChdDSUhNMG9nS0VJQ0FnSURCcFAyWmhnRRAB,5.0,0,2026/07/26,2023/07/27,1,Google Maps,I got a haircut by Anna. I wanted a new style and had brought a photo of the hairstyle. I'm happy with the end result.,"Thank you for being our customer, Darla! We value your feedback."
ChZDSUhNMG9nS0VJQ0FnSUNoMlltaE5nEAE,1.0,0,2026/07/26,2023/07/27,1,Google Maps,,"We're sorry to see your rating, Manideep. If you'd like to share more, please email with the details and location or call us at 1-800-473-2825 ext. 5. We will get in touch with you from there. Thank you."
ChdDSUhNMG9nS0VJQ0FnSUNodFpieS1nRRAB,3.0,0,2026/07/26,2023/07/27,1,Google Maps,"Even though I explained clearly how i want it to be cut, the hair cutter seems to be in a rush and didn’t do it properly.","We're sorry to hear this was your experience. If you'd like, please email with the details and location. We will be happy to help you. Thank you."
ChZDSUhNMG9nS0VJQ0FnSURodUlEdU5BEAE,1.0,0,2026/07/26,2023/07/27,1,Google Maps,,"We're sorry to see your rating. If you'd like to share more, please email with the details and location. We will get in touch with you from there. Thank you."
ChdDSUhNMG9nS0VJQ0FnSURoenRmMDR3RRAB,1.0,1,2026/07/26,2023/07/27,1,Google Maps,"Absolute worst experience. The middle aged woman stylist there was behaving too rudely. Passing sarcastic comments, complaining for simple requests, not just with me but with everyone. And the last straw, her work is also not proper, very bad haircut. Never going back.","We're sorry to read this, Rohit. If you'd like, please email with the details and location or call us at 1-800-473-2825 ext. 5 so we can best assist you and follow up with you. Thank you."
ChdDSUhNMG9nS0VJQ0FnSURoMmVfM3pRRRAB,1.0,0,2026/07/26,2023/07/27,1,Google Maps,"The man that was there seems to be cool and good at his job, but that ladie (jacqueli) omg horrible job, she doesn't have any skills at all and she actually fade one of sides more than the other one and don't even show you the back with the mirror to ask you if it's good or you want to change something, plus she cut about 2 inches of my hair on top when I said just the tips . She doesn't even care what you want she will do whatever she wants 👎. If you go there make sure she doesn't cut your hair, just wait until somebody else is available","We're sorry to read this. If you'd like, please email with the details and location or call us at 1-800-473-2825 ext. 5 so we can best assist you and follow up with you. Thank you, Juan."
ChZDSUhNMG9nS0VJQ0FnSURobGNHRVhnEAE,1.0,0,2026/07/26,2023/07/27,1,Google Maps,,"We're sorry to see your rating. If you'd like to share more, please email with the details and location. We will get in touch with you from there. Thank you."
ChdDSUhNMG9nS0VJQ0FnSUNSM0tUYl9nRRAB,1.0,0,2026/07/26,2023/07/27,1,Google Maps,The guy there declined to cut my hair because my scalp was dry….a reason why no one was there when I went….doesn’t look like that guy wants to do any work.,"We're sorry to read this. If you'd like, please email with the details and location or call us at 1-800-473-2825 ext. 5 so we can best assist you and follow up with you. Thank you."
ChZDSUhNMG9nS0VJQ0FnSUNSOXJ1X1dREAE,5.0,0,2026/07/26,2023/07/27,1,Google Maps,Almost zero wait time when checked in prior to visit,Thank you for coming in! We look forward to your next visit!
ChdDSUhNMG9nS0VJQ0FnSURScElUSWpnRRAB,4.0,0,2026/07/26,2023/07/27,1,Google Maps,Great Clips is a kind of okay barbershop for their price and specially the discount coupon you can find in your mailbox or online,Thank you for your review. We appreciate your feedback!
ChZDSUhNMG9nS0VJQ0FnSURScXBhNk5BEAE,1.0,2,2026/07/26,2023/07/27,1,Google Maps,"If I could give 0 stars, I would. Very unprofessional. Two staff members got into a screaming match with F words and racial slurs while waiting. When my name was called, the male stylist refused to cut my hair because I had mild dandruff. People have dandruff, it's natural. Definitely not going back.","We’re sorry to see this. If you would like, please email with the details and location or call us at 1-800-473-2825 ext. 5. We will be happy to help you. Thank you, Patrick."
ChdDSUhNMG9nS0VJQ0FnSURSbW9iTnJRRRAB,1.0,1,2026/07/26,2023/07/27,1,Google Maps,Black Lady spend around 5 minutes and she used only number 1 for everything and told me was #2 top and #1 for bottom but she never used a number #2. If she don’t like her job she can stay at home.,"We’re sorry to see this. If you would like, please email with the details and location or call us at 1-800-473-2825 ext. 5. We will be happy to help you. Thank you, Jose."
ChZDSUhNMG9nS0VJQ0FnSURSc2ZPYk5BEAE,1.0,1,2026/07/26,2023/07/27,1,Google Maps,Because I cannot give 0 stars. Total disregard to customers time. Walked in after online checkin. 2 employees in store. One walks away with a buddy. 2nd just picks up her lunch bag and walks away with no update in wait time. This after 30 min wait and txt message telling me I am next. Sit in store with 4 other people with NO EMPLOYEE in store !!! Walked out after waiting for some more time.,"We're sorry to hear this was your experience. If you'd like, please email with the details and location. We will be happy to help you. Thank you."
ChdDSUhNMG9nS0VJQ0FnSURSOGVYLS1nRRAB,1.0,1,2026/07/26,2023/07/27,1,Google Maps,I have psoriasis and after walking in and describing what I wanted to with my hair Ben (a Vietnamese looking fellow) decided it was too much work and told me because I have dandruff (something I can't completely get rid of) that he won't cut my hair and both of the stylists refused to give me managerial information,"We're sorry to hear this was your experience. If you'd like, please email with the details and location. We will be happy to help you. Thank you."
ChZDSUhNMG9nS0VJQ0FnSURSaDRLM0d3EAE,3.0,0,2026/07/26,2023/07/27,1,Google Maps,The haircut was good but every time I go the online coupons that bring me in never work at the end of the haircut. Please send me coupons that actually work. You'll get me in for $9:99 or $12:99 and then charge me $19 bucks for a haircut before tip at the end..geesh,"We appreciate your feedback. If you'd like to share more regarding your review, please email with the details and location. We're always happy to help. Thank you!"
ChdDSUhNMG9nS0VJQ0FnSURnbGJMWi1BRRAB,1.0,0,2026/07/26,2023/07/27,1,Google Maps,"Ben is the best. He made me feel beautiful, like a movie star. He is an artist. Thanks! _-------------- Updating review, as now they won't cut my hair because it's ""too long"" and ""too wavy"". When I sat down, the gentleman asked how I wanted it cut, and when I told him, the lady stylist's head turned real quick. He said he couldn't do it, and I asked to wait for the lady, and she said she ""won't* do it. Notice I said ""won't"" and not, ""can't"". My hair is just a little wavy. The lady also said, I had ""knots"" in my hair. What the heck? Terrible bed side manner. A shame, I've been coming here for years.","We appreciate you being our customer, Lorena! Thank YOU!"
ChdDSUhNMG9nS0VJQ0FnSUN4c05tajdRRRAB,1.0,0,2026/07/26,2023/07/27,1,Google Maps,"Well, I am never ever again going to this place!!","We're sorry to hear this was your experience. If you'd like, please email with the details and location. We will be happy to help you. Thank you."
ChdDSUhNMG9nS0VJQ0FnSUN4dnJfWDZRRRAB,4.0,0,2026/07/26,2023/07/27,1,Google Maps,I've been going there since I'd moved here 8yrs ago. The stylus there have been there for awhile and they cut my hair the way I like ut,We appreciate you being our customer!
ChdDSUhNMG9nS0VJQ0FnSUR4bUthNXlBRRAB,1.0,1,2026/07/26,2023/07/27,1,Google Maps,"My husband was refused service because of his skin color, he simply asked if the hair dresser had done a certain type of hair cut. Wow, It is 2023. The manager was there and did nothing about it.","We're sorry to hear this. If you would like, please email with the details and location or call us at 1-800-473-2825 ext. 5 so we can best assist you and contact you. Thank you for reaching out to us, Malinda."
ChdDSUhNMG9nS0VJQ0FnSUR4LU92Qi1RRRAB,4.0,0,2026/07/26,2023/07/27,1,Google Maps,Bihn is the man!,Thank you for being our customer! We’re always happy to help you!
ChZDSUhNMG9nS0VJQ0FnSUR4M0w3Y0ZnEAE,1.0,0,2026/07/26,2023/07/27,1,Google Maps,Worst attitude of staff. Don’t even listen to what customer is saying.,"We're sorry to read this. If you'd like, please email with the details and location or call us at 1-800-473-2825 ext. 5 so we can best assist you and follow up with you. Thank you."
ChdDSUhNMG9nS0VJQ0FnSUR4b3BxZXl3RRAB,5.0,0,2026/07/26,2023/07/27,1,Google Maps,"Binh Thanh has consistently proven himself as a barber. I enjoy coming here, he's quick, professional, and does a wonderful job. Cannot recommend enough. Thanks Binh!","We appreciate you being our customer, and are glad you enjoyed your experience with us, William!"
ChdDSUhNMG9nS0VJQ0FnSUR4b3BXSzF3RRAB,5.0,0,2026/07/26,2023/07/27,1,Google Maps,Quick & friendly,"We appreciate you being our customer, and are glad you enjoyed your experience with us, Juan!"
ChZDSUhNMG9nS0VJQ0FnSUR4OHJmaUZnEAE,5.0,0,2026/07/26,2023/07/27,1,Google Maps,,We’re so happy we could help you look and feel great
ChdDSUhNMG9nS0VJQ0FnSUR4OVluLTBnRRAB,1.0,0,2026/07/26,2023/07/27,1,Google Maps,,"We're sorry to see your rating. If you'd like to share more, please email with the details and location. We will get in touch with you from there. Thank you."
ChZDSUhNMG9nS0VJQ0FnSUNKcVBMWVhnEAE,1.0,0,2026/07/26,2023/07/27,1,Google Maps,I checked in and waited a good while only for the man to tell me that neither of the people working knew how to cut women’s hair… Beyond frustrating after waiting for over 30 minutes.,"We're sorry to hear this was your experience. If you'd like, please email with the details and location. We will be happy to help you. Thank you."
ChZDSUhNMG9nS0VJQ0FnSUNKaW9uZWRnEAE,2.0,0,2026/07/26,2023/07/27,1,Google Maps,"Whoever cut my hair did it very quickly and it didnt seem like they took the time to think before cutting. I dont know how much caffeine they had that day, but they were talking so fast that i couldn't understand anything they were saying to me and their mind was going 100 mph. They smelled really bad of cigarettes so it wasn't a pleasant experience to have their hands near my face, but thankfully the haircut took less than 10 mins. I got home and had to blend my layers a little bit, but it wasn't a complete hack job. I wont be coming back unless I can pick someone else to cut my hair.","We're sorry to read this. If you'd like, please email with the details and location or call us at 1-800-473-2825 ext. 5 so we can best assist you and follow up with you. Thank you."
ChZDSUhNMG9nS0VJQ0FnSUNKNGZuVFVREAE,1.0,2,2026/07/26,2023/07/27,1,Google Maps,"I had a horrible experience at the above location. I asked the hairdresser for a fade. To which she her response was “she doesn’t do fades unless I tip her and demanded that she would do it only if I tip her more than $2” I also had a $5 coupon which she was hesitant to use saying “she doesn’t accept coupons for fades”. After insisting and telling her that I’ve used them all they time, she agreed to use it but was extremely rude I’ve always gotten my hair cut at great clips and been a generous tipper for the last several years at a different location and have never experienced such a horrible customer experience. I wouldn’t recommend anyone going to this location","We're sorry to hear this was your experience. If you'd like, please email with the details and location. We will be happy to help you. Thank you."
ChdDSUhNMG9nS0VJQ0FnSUNKbzlxdzFBRRAB,1.0,0,2026/07/26,2023/07/27,1,Google Maps,"Did the online check-in to secure a haircut. Arrived based on the quoted time, and was refused service.","We're sorry to hear this was your experience. If you'd like, please email with the details and location. We will be happy to help you. Thank you."
ChZDSUhNMG9nS0VJQ0FnSURPbGViSkxREAE,5.0,0,2026/07/26,2024/07/26,1,Google Maps,Good place I'd recommend checking in online so you do not have to wait too long. I like how they keep your haircut style in their system so you don't have to repeat it over and over to a new stylist.,"Thank you, Ricardo! We value your feedback!"
ChZDSUhNMG9nS0VJQ0FnSURwN0plQ05BEAE,3.0,0,2026/07/26,2024/07/26,1,Google Maps,They don’t offer blow dry?!?! I see a blow dryer….,"We appreciate your feedback. If you'd like to share more regarding your review, please email with the details and location. We're always happy to help. Thank you!"
ChZDSUhNMG9nS0VJQ0FnSURwamNySVlBEAE,2.0,0,2026/07/26,2024/07/26,1,Google Maps,,"We're sorry to see your rating. If you'd like to share more, please email with the details and location. We will get in touch with you from there. Thank you."
ChdDSUhNMG9nS0VJQ0FnSURwZy1hcXNnRRAB,1.0,0,2026/07/26,2024/07/26,1,Google Maps,,"We're sorry to see your rating. If you'd like to share more, please email with the details and location. We will get in touch with you from there. Thank you."
ChdDSUhNMG9nS0VJQ0FnSURwbDdxTWlnRRAB,1.0,0,2026/07/26,2024/07/26,1,Google Maps,Says no wait online then when I get there it's a 25 min wait. Sucked in by a lie. Won't go here again.,"We're sorry to hear this was your experience. If you'd like, please email with the details and location. We will be happy to help you. Thank you."
ChdDSUhNMG9nS0VJQ0FnSURwXzVuQnNBRRAB,1.0,2,2026/07/26,2024/07/26,1,Google Maps,Very rude behavior by the stylist And top of that did a very bad hair cut First time had such bad experience with great clips Great clips owe me a refund for this,"We're sorry to hear this was your experience. If you'd like, please email with the details and location. We will be happy to help you. Thank you."
ChZDSUhNMG9nS0VJQ0FnSUNad1otRE1REAE,1.0,3,2026/07/26,2024/07/26,1,Google Maps,"I had a terrible experience at Great Clips. The stylist didn't listen to a single thing I said. I had to explain how I wanted my haircut, but she kept interrupting me. There were no notes from my previous visit two weeks ago, so I had to start from scratch. I was very disappointed with the service.","We're sorry to hear this was your experience. If you'd like, please email with the details and location. We will be happy to help you. Thank you."
ChZDSUhNMG9nS0VJQ0FnSUNaODVxVU9BEAE,5.0,0,2026/07/26,2024/07/26,1,Google Maps,"Quick, friendly staff.",Thank you for being our customer!
ChZDSUhNMG9nS0VJQ0FnSUNadTdUT0NnEAE,1.0,1,2026/07/26,2024/07/26,1,Google Maps,They will ignore your online checkin. Dont come to this place. Unprofessional staff.,"We're sorry to hear this was your experience. If you'd like, please email with the details and location. We will be happy to help you. Thank you."
ChdDSUhNMG9nS0VJQ0FnSURaNkxIcmpRRRAB,5.0,0,2026/07/26,2024/07/26,1,Google Maps,,We appreciate you being our customer and are glad you enjoyed your experience!
ChdDSUhNMG9nS0VJQ0FnSURaa2NIS2tnRRAB,1.0,4,2026/07/26,2024/07/26,1,Google Maps,"After my experience here, I would leave 0 stars if I could. When I sat down, I showed a picture of a haircut that I've gotten from several locations in the past, including many other Great Clips stores. My stylist immediately said that he couldn't do it. To simplify things, I requested him to just cut my hair short. Never before have I been treated so roughly at a hair salon. He cut it so fast that I didn't have any time to even give feedback. Before I could even ask him to cut with scissors, he had already sheared off a majority of my hair. I was done in 5 min, and when I went to pay, he demanded a tip from me. When I said I wouldn't give him a tip, he tossed the receipt at me and walked away. I have never been treated so rudely at a hair salon before, and after that fiasco, I will never go to this location ever again.","We're sorry to hear this was your experience. If you'd like, please email with the details and location. We will be happy to help you. Thank you."
ChZDSUhNMG9nS0VJQ0FnSURaeS02NFdBEAE,1.0,0,2026/07/26,2024/07/26,1,Google Maps,,"We're sorry to see your rating. If you'd like to share more, please email with the details and location or call us at 1-800-473-2825 ext. 5. We will get in touch with you from there. Thank you."
ChdDSUhNMG9nS0VJQ0FnSUM1cU9INDZnRRAB,1.0,1,2026/07/26,2024/07/26,1,Google Maps,Lady with glasses says “ we close at 6 pm and we can’t take any walk in’s” that’s a lie because online it says 7pm closing time. If you can’t check in online and can’t walk in then how to get a haircut here?,"We're sorry to hear this was your experience. If you'd like, please email with the details and location. We will be happy to help you. Thank you."
ChdDSUhNMG9nS0VJQ0FnSUNsX3EtOV9BRRAB,2.0,0,2026/07/26,2024/07/26,1,Google Maps,,"We're sorry to see your rating. If you'd like to share more, please email with the details and location. We will get in touch with you from there. Thank you."
ChZDSUhNMG9nS0VJQ0FnSUMxay1Pd0VREAE,5.0,0,2026/07/26,2024/07/26,1,Google Maps,Ben was great. Highly recommended.,We appreciate you being our customer and are glad you enjoyed your experience!
ChdDSUhNMG9nS0VJQ0FnSUN3bXV1TzdnRRAB,1.0,2,2026/07/26,2024/07/26,1,Google Maps,Terrible me and my son when to get a hair we came out looking worse than before dude was cutting our hair so fast like he was in a rush this would be the last time for me going to Great Clips,"We appreciate your feedback, Elbasan. If you'd like follow up, please email with the details and location. We will contact you regarding your visit from there. Thank you."
ChZDSUhNMG9nS0VJQ0FnSUQxa1pUc2RREAE,1.0,0,2026/07/26,2024/07/26,1,Google Maps,Horrible experience . Very arrogant and impatient staff giving very bad haircuts.,"We're sorry to read this. If you'd like, please email with the details and location or call us at 1-800-473-2825 ext. 5 so we can best assist you and follow up with you. Thank you, Haroon."
ChdDSUhNMG9nS0VJQ0FnSUQxMFkteGlRRRAB,1.0,0,2026/07/26,2024/07/26,1,Google Maps,I’ve had my cut many of times here but today I didn’t because of Barber choose to send me to another location they have a black person there that cut my hair,"We're sorry to read this. If you'd like, please email with the details and location or call us at 1-800-473-2825 ext. 5 so we can best assist you and follow up with you. Thank you, James."
ChZDSUhNMG9nS0VJQ0FnSUROdi1QRWJBEAE,5.0,1,2026/07/26,2024/07/26,1,Google Maps,"I wasn’t sure about coming here. Reviews are decidedly mixed. However, wait time was much shorter than other Great Clip locations so I took a chance. I walked in and was immediately taken in by Areli. Pleasant conversation and she took her time to provide a haircut I’m happy with. This location is now on my go-to list.",Great Clips stylists love getting to know you and your hair.
ChdDSUhNMG9nS0VJQ0FnSUR0c0lTQnBRRRAB,4.0,0,2026/07/26,2024/07/26,1,Google Maps,,We appreciate you being our customer and are glad you enjoyed your experience!
ChdDSUhNMG9nS0VJQ0FnSUNkcU5HZm5BRRAB,1.0,0,2026/07/26,2024/07/26,1,Google Maps,This vietnamese barber whose name is Binh Thanh did a very bad job cutting my hair and he totally rushed it like he was done cutting my hair in 5 minutes. He was really rude and then demanded for a tip which is very unprofessional. Please stay away from that barber.,"We're sorry to read this. If you'd like, please email with the details and location so we can best assist you and follow up with you. Thank you."
ChZDSUhNMG9nS0VJQ0FnSURkeFA2TVRREAE,5.0,0,2026/07/26,2024/07/26,1,Google Maps,Good service,Thank you for your review. We appreciate your feedback!
ChZDSUhNMG9nS0VJQ0FnSUM5ck8yeExBEAE,1.0,1,2026/07/26,2024/07/26,1,Google Maps,"People who work here are more interested to do discrimination with non-American people. I waited 15 minutes today to check if any employee could come to ask for enrollment in the customer's wait list. After 15 minutes white customer came for the same and she immediately acknowledged him. When I told her that I came here and was waiting since 15 minutes her vague reply was I don't know. I will never come here, please respect every human in the same manner every one has the same red blood in the body if you don't know","We're sorry to hear this. If you would like, please email with the details and location so we can best assist you and contact you. Thank you for reaching out to us."
ChdDSUhNMG9nS0VJQ0FnSUM5djhfMnV3RRAB,1.0,2,2026/07/26,2024/07/26,1,Google Maps,"I had my daughters hair cut here. I asked for a trim of a few inches with small layers instead of a straight across cut. This is what I got, I paid (which I now regret) and got out of there as soon as I could. I did not want them to try to fix it. This place is not experienced in long cuts, I recommend avoiding it if that is what you need.","We’re sorry to see this. If you would like, please email with the details and. We will be happy to help you, Abigail. Thank you."
ChdDSUhNMG9nS0VJQ0FnSUQ5a2FfVjNRRRAB,1.0,0,2026/07/26,2024/07/26,1,Google Maps,Such a bad haircut. Just cut it on plain hair in 2 min. I regret going here,"We're sorry to hear this. If you would like, please email with the details and location so we can best assist you and contact you. Thank you for reaching out to us."
ChZDSUhNMG9nS0VJQ0FnSUQ5LVlPSUxREAE,5.0,0,2026/07/26,2024/07/26,1,Google Maps,"Came in for a wash and detangle and had a great experience! My hair was super dirty and tangled, but she was able to get the tangles out and washed it out for me :) all for $10! A steal if you ask me! Made my hair washing day a breeze!",Thank you for being our customer! We’re always happy to help you!
ChdDSUhNMG9nS0VJQ0FnSUREaXFxY3VRRRAB,1.0,0,2026/07/26,2024/07/26,1,Google Maps,,"We're sorry to see your rating. If you'd like to share more, please email with the details and location. We will get in touch with you from there. Thank you, Rahul."
ChZDSUhNMG9nS0VJQ0FnSUREMGVTRVVnEAE,5.0,0,2026/07/26,2024/07/26,1,Google Maps,My oh My- I got a fantastic haircut from My. Yes that’s her name. 💇🏼‍♀️ I have had so many expensive haircuts at fancy salons and I was desperate for a quick trim and I can honestly say it was the best haircut I’ve ever gotten. She knows how to cut my frizzy hair. I will definitely be going back to her. Thank you so much My!! 💖 …,Thank you for being our customer! We’re always happy to help you!
ChZDSUhNMG9nS0VJQ0FnSUNqc2ZIVUJ3EAE,1.0,0,2026/07/26,2024/07/26,1,Google Maps,"Worst hair cut experience ever. The guy Brandon ward is hitting my head with the trimmer as if he is doing some meat cutting. Coming to hair styling, no experience at all and very bad cutting style.","We're sorry to hear this was your experience. If you'd like, please email with the details and location. We will be happy to help you. Thank you."
ChZDSUhNMG9nS0VJQ0FnSURqZ1A3RkVBEAE,4.0,0,2026/07/26,2024/07/26,1,Google Maps,,Thank you for being our customer! We’re always happy to help you!
ChZDSUhNMG9nS0VJQ0FnSURqM0ttRldREAE,1.0,0,2026/07/26,2024/07/26,1,Google Maps,Bad experience. Short Asian guy cut my hair. He finished haircut in like 5 minutes and waiting for me at the register to pay the bill. I need to call him back for adjustments to my hair. He is rude and doesn’t listen to your requests. Didn’t like the style and his behavior.,"We're sorry to hear this was your experience. If you'd like, please email with the details and location. We will be happy to help you. Thank you."
ChZDSUhNMG9nS0VJQ0FnSURqdHZDREpREAE,4.0,0,2026/07/26,2024/07/26,1,Google Maps,,Thank you for being our customer! We’re always happy to help you!
ChZDSUhNMG9nS0VJQ0FnSUNUMG9yMFVnEAE,4.0,0,2026/07/26,2024/07/26,1,Google Maps,,Thank you for being our customer!
ChdDSUhNMG9nS0VJQ0FnSUNULXRHUWhRRRAB,1.0,0,2026/07/26,2024/07/26,1,Google Maps,"The guy who cut my hair did a very bad job of it.. was very rushed, he cut it way too short and was very uneven.","We're sorry to hear this was your experience. If you'd like, please email with the details and location. We will be happy to help you. Thank you."
ChdDSUhNMG9nS0VJQ0FnSURUZ0tmdW9nRRAB,5.0,0,2026/07/26,2024/07/26,1,Google Maps,,We appreciate you being our customer and are glad you enjoyed your experience!
ChdDSUhNMG9nS0VJQ0FnSURUdE9iWWpnRRAB,1.0,0,2026/07/26,2024/07/26,1,Google Maps,I went to Great Clips this evening and had a terrible experience! The lady who was cutting my hair was completely unprofessional and butchered my hair. She was cutting hair like she was doing it for free - with no care or attention to detail whatsoever! I wouldn't recommend this place to anyone else . I can’t even give it one star . It’s really that bad .,"We're sorry to hear this was your experience. If you'd like, please email with the details and location. We will be happy to help you. Thank you."
ChZDSUhNMG9nS0VJQ0FnSUN6MGViYk9nEAE,1.0,0,2026/07/26,2024/07/26,1,Google Maps,This is works great clips of all with very worst staff ever. They keep the customers waiting without checking them in with no proper orders for haircuts. Never again going at this location.,"We're sorry to hear this. If you would like, please email with the details and location so we can best assist you and contact you. Thank you for reaching out to us, Palash."
ChZDSUhNMG9nS0VJQ0FnSUR6NUoyNkJBEAE,5.0,0,2026/07/26,2024/07/26,1,Google Maps,,Thank you for being our customer! We’re always happy to help you!
ChZDSUhNMG9nS0VJQ0FnSUR6NXJHWFVREAE,5.0,0,2026/07/26,2024/07/26,1,Google Maps,"Good service and price, super recommended",Thank you for your review. We appreciate your feedback!
ChZDSUhNMG9nS0VJQ0FnSUNMMHJIcVZBEAE,5.0,0,2026/07/26,2024/07/26,1,Google Maps,Mai was cool and gave me a great haircut.,Thank you for your review. We appreciate your feedback!
ChdDSUhNMG9nS0VJQ0FnSUNMMW9hbzhBRRAB,5.0,0,2026/07/26,2024/07/26,1,Google Maps,Awesome haircut from Binh! He is very professional and has great attention to detail. Highly recommend,Thank you for being our customer! We’re always happy to help you!
ChZDSUhNMG9nS0VJQ0FnSUNMX3Vxa1d3EAE,5.0,0,2026/07/26,2024/07/26,1,Google Maps,,"Thank you for your review! We look forward to seeing you next time, Shelby!"
ChdDSUhNMG9nS0VJQ0FnSURMczZIZXdnRRAB,1.0,0,2026/07/26,2024/07/26,1,Google Maps,Can’t even schedule an appt on phone. They are cheap for a reason,"We're sorry to hear this. If you would like, please email with the details and location so we can best assist you and contact you. Thank you for reaching out to us."
ChZDSUhNMG9nS0VJQ0FnSURMejg3N0Z3EAE,3.0,0,2026/07/26,2024/07/26,1,Google Maps,,"We appreciate your feedback. If you'd like to share more regarding your review, please email with the details and location. We're always happy to help. Thank you!"
ChZDSUhNMG9nS0VJQ0FnSUNybHVYQ0tREAE,1.0,0,2026/07/26,2024/07/26,1,Google Maps,The worst haircut. I had Arlette trim my hair - I asked for 1/4 of an inch off (just to freshen up the ends) and she took about 2 inches off and it is crooked!!!! One side is longer than the other. I shouldn't have paid or tipped her. I will never be coming back.,"We're sorry to read this. If you'd like, please email with the details and location so we can best assist you and follow up with you. Thank you, Diane."
ChdDSUhNMG9nS0VJQ0FnSURyaEl2Y3FBRRAB,1.0,0,2026/07/26,2024/07/26,1,Google Maps,,"We're sorry to see your rating. If you'd like to share more, please email with the details and location. We will get in touch with you from there. Thank you."
ChZDSUhNMG9nS0VJQ0FnSURyazhubVRBEAE,5.0,0,2026/07/26,2024/07/26,1,Google Maps,,"Thank you for being our customer! We’re always happy to help you, DInesh!"
ChdDSUhNMG9nS0VJQ0FnSUNiMnVTOHNnRRAB,1.0,1,2026/07/26,2024/07/26,1,Google Maps,"I went to Great Clips Austin this afternoon and had the one the worst haircut experiences. The lady assigned to me was so disinterested and unprofessional. I knew what I wanted and showed her a lot of pictures for reference but she didn't do anything close to that. She just trimmed off the bulk of my hair so rapidly and carelessly, and I ended up with uneven left and right side fades. The whole process was done in less than 10 minutes, she didn't have any patience to listen to my feedback. She didn't even introduce herself or tell me her name. Not going back again.","We're sorry to hear this was your experience. If you'd like, please email with the details and location. We will be happy to help you. Thank you."
ChdDSUhNMG9nS0VJQ0FnSURyamFTLW93RRAB,4.0,0,2026/07/26,2025/07/26,1,Google Maps,,We appreciate you being our customer and are glad you enjoyed your experience!
ChdDSUhNMG9nS0VJQ0FnSUM3cE5YSTJBRRAB,5.0,0,2026/07/26,2025/07/26,1,Google Maps,,Thank you for being our customer!
ChdDSUhNMG9nS0VJQ0FnSUNINE9Yb25nRRAB,3.0,0,2026/07/26,2025/07/26,1,Google Maps,"Decent haircuts but they take forever. You might be waiting over an hour, so pack a lunch.",We appreciate you being our customer!
ChdDSUhNMG9nS0VJQ0FnSUNINGNIQXpnRRAB,5.0,0,2026/07/26,2025/07/26,1,Google Maps,Great customer service....and the lady very knowledgeable.,We appreciate you being our customer and are glad you enjoyed your experience!
ChdDSUhNMG9nS0VJQ0FnSURIMXZ5dDRnRRAB,1.0,0,2026/07/26,2025/07/26,1,Google Maps,"The worst haircut experience ever I had in my whole life, If you need a haircut experience just like lawn mowing visit this location. Posting this review after two consecutive bad experiences from two of the stylists Highly discourage anyone from visiting this location","We're sorry to hear this was your experience. If you'd like, please email with the details and location. We will be happy to help you. Thank you."
ChdDSUhNMG9nS0VJQ0FnSURIdDhQXzRBRRAB,1.0,0,2026/07/26,2025/07/26,1,Google Maps,"Went in for my first haircut at this Place when this rude woman with long black hair asked me if I was registered when I said No, then she asked my phone number and I refuse to give it to her So she put me down as unknown. She immediately turned around and walked away . I don’t do business with rude people and won’t go back. I sat for a few minutes and walked out.","We’re sorry to see this. If you would like, please email with the details and location. We will be happy to help you. Thank you, Kerry."
ChZDSUhNMG9nS0VJQ0FnSURubS03OFR3EAE,4.0,0,2026/07/26,2025/07/26,1,Google Maps,,Thank you for your review. We’re glad we could get you the look you love for less!
ChdDSUhNMG9nS0VJQ0FnSUNYcVBlcTJ3RRAB,5.0,0,2026/07/26,2025/07/26,1,Google Maps,"Great neighborhood haircut spot! Loved how carefully Areli cut my hair following instructions, exceeded my expectations. No need to spend astronomical price for perfect haircut and the best customer service elsewhere.",Thank you for being our customer! We’re always happy to help you!
ChZDSUhNMG9nS0VJQ0FnSUNYalBuc0x3EAE,5.0,0,2026/07/26,2025/07/26,1,Google Maps,,Thank you for your review. We’re so happy we could help you look and feel great!
ChZDSUhNMG9nS0VJQ0FnSUNYbXRfUGZREAE,1.0,1,2026/07/26,2025/07/26,1,Google Maps,"Come here if you want to pay to finish your haircut at home. It amazes me how someone can mess up a fade and leave chunks of hair while looking like a staircase. The lady who cut my hair felt like she was doing it in stabbing motions instead of going up, you know like clippers are designed to. The guy that tended to my son left half of the sideburns and long chunks everywhere. Again I asked for simple fades. Left looking like we got our haircut by hobos with rusty garage scissors. Don't respond with your bs customer service email that will only say ""sorry, here's $5 off your next visit."" Wouldn't even bring my dog here.","We're sorry to hear this was your experience. If you'd like, please email with the details and location. We will be happy to help you. Thank you."
ChZDSUhNMG9nS0VJQ0FnSURYaFpTT1p3EAE,1.0,0,2026/07/26,2025/07/26,1,Google Maps,Usually does good haircut for budget price. This time service person did a terrible job for haircut hence giving 1 star. Never going to this saloon again.,"We're sorry to hear this was your experience. If you'd like, please email with the details and location. We will be happy to help you. Thank you."
ChdDSUhNMG9nS0VJQ0FnSUQzdWF1QjVRRRAB,4.0,0,2026/07/26,2025/07/26,1,Google Maps,,Thank you for choosing Great Clips and for taking the time to leave a review!
ChZDSUhNMG9nS0VJQ0FnSUNQNEx2RkFnEAE,1.0,0,2026/07/26,2025/07/26,1,Google Maps,I just hair cut at great clip. One Vietnamese man service very bad cut my hairs. He use tools cut my neck too hurt and bleed . He doesn’t good for hair cuts for me. He worked their 7 years with no experience with customer. He doesn’t want customers cut there. I want to post. For everyone be carefully him. This is the first time I come there cut. I want manager work with him. No good service customer. No more come back.👎🏿. He cut very fast only 5 minutes. He does not check how does he cut. It’s not a lot of customers waiting for him. I paid him $30 badic hair cut. $30.👎🏿👎🏿👎🏿👎🏿👎🏿👎🏿. It’s terrible for today.,"We're sorry to hear this, Cathy. If you would like, please email with the details and location so we can best assist you and contact you. Thank you for reaching out to us."
ChZDSUhNMG9nS0VJQ0FnSUNQZ2Y3alh3EAE,1.0,0,2026/07/26,2025/07/26,1,Google Maps,Worst haircut experience I've ever had. It was so rushed the man was pulling my hair so aggressively that I told him to stop halfway through. I'll never come back here.,"We're sorry to read this. If you'd like, please email with the details and location so we can best assist you and follow up with you. Thank you."
ChdDSUhNMG9nS0VJQ0FnSUN2OTVMYi1BRRAB,1.0,0,2026/07/26,2025/07/26,1,Google Maps,,"We’re disappointed to hear about your recent experience, and we appreciate you bringing this to our attention. Your feedback helps us improve, and we want every visit to be great. If you’re willing, please reach out to us at we can learn more and work to address any concerns. Thank you for giving us the chance to make things right."
ChZDSUhNMG9nS0VJQ0FnSUR2LVBiOUVREAE,1.0,1,2026/07/26,2025/07/26,1,Google Maps,"Terrible Experience at Great Clips I had the worst experience at this Great Clips location with a stylist named Tina (as she told me). From the moment I sat down, her attitude was rude and unprofessional. She seemed completely uninterested in cutting my hair and even suggested I try other Great Clips locations instead of coming here. Throughout the haircut, she used the trimmer so roughly that I had to ask her to be more gentle. I even asked if I had done something to offend her to deserve such behavior. She finished my haircut in just 5 minutes, showing no care or effort, and then charged me $21. When I mentioned I had an offer code, her attitude worsened. She rudely told me I should have informed her earlier because applying the code would ""take a lot of time"" — it literally took 10 seconds! This was by far the worst salon experience I've ever had. I won’t be returning to this or any other Great Clips location in the future. Completely unprofessional and disappointing. And just look at the picture what she has done to my hair😔","We're sorry to hear this was your experience. If you'd like, please email with the details and location. We will be happy to help you. Thank you."
ChZDSUhNMG9nS0VJQ0FnSURBNl9ySUx3EAE,1.0,0,2026/07/26,2025/07/26,1,Google Maps,"""I'm starting with a negative review because this was my third attempt to get the haircut I wanted, and I'm disappointed again. Even after showing the picture of the hairstyle, the stylist couldn't replicate it. I'm really frustrated and won't be returning.""",Thank you! We are happy to help you!
ChZDSUhNMG9nS0VJQ0FnSURmZ3JqZ2RnEAE,1.0,0,2026/07/26,2025/07/26,1,Google Maps,"This place deserves, not even a corner of a star. The services and staff is super rude and embarrassing to other patrons. The staff is very disrespectful, and not very knowledgeable and very demeaning and inconsiderate","We're sorry to hear this. If you would like, please email with the details and location so we can best assist you and contact you. Thank you for reaching out to us, Irma."
ChZDSUhNMG9nS0VJQ0FnSURmazRISU1nEAE,4.0,0,2026/07/26,2025/07/26,1,Google Maps,,Thank you for your review. We’re glad we could get you the look you love for less!
ChdDSUhNMG9nS0VJQ0FnSURfbUpyRjBBRRAB,1.0,0,2026/07/26,2025/07/26,1,Google Maps,Not recommended .,"We're sorry to hear this, Zaida. If you'd like, please email with the details and location. We will be happy to help you. Thank you."
ChdDSUhNMG9nS0VJQ0FnSURfb3JhbnB3RRAB,5.0,0,2026/07/26,2025/07/26,1,Google Maps,,Thank you for your review. We appreciate you being our customer and are glad you enjoyed your experience!
ChdDSUhNMG9nS0VJQ0FnSURfbzVTSThBRRAB,1.0,0,2026/07/26,2025/07/26,1,Google Maps,"Mal servicio y predisposición de las personas que atienden, no me quisieron cortar el cabello por el corte que le mostre al no saber hacerlo y encima me discriminó una persona que ni siquiera sabe hablar",
ChdDSUhNMG9nS0VJQ0FnSURfbzlTbzhRRRAB,1.0,0,2026/07/26,2025/07/26,1,Google Maps,"Rude employees, very bad experience!","We’re sorry to see this. If you would like, please email with the details and location. We will be happy to help you. Thank you."
ChdDSUhNMG9nS0VJQ0FnTURnc3ZLT3p3RRAB,5.0,0,2026/07/26,2025/07/26,1,Google Maps,,Thank you for your review! Your haircut details are saved in our Clip Notes® and we’ll make sure you get the same great look during future salon visits.
ChZDSUhNMG9nS0VJQ0FnTUNRdnRua01REAE,1.0,0,2026/07/26,2025/07/26,1,Google Maps,Terrible haircuts consistently.,"Hi Andy, thank you for your review. We understand your concern about the consistency of our haircuts. Please reach out to us at so we can see if there's a way we can make things right."
ChdDSUhNMG9nS0VJQ0FnTUNRNmNidmhBRRAB,1.0,0,2026/07/26,2025/07/26,1,Google Maps,,"We’re disappointed to hear about your recent experience. Our team is committed to making sure every customer has a great experience, and we would like to understand what happened to better serve you in the future. If you’re open to discussing this further, please contact us directly at . We appreciate your feedback and hope to make things right."
ChZDSUhNMG9nS0VJQ0FnTURRaDl6UWJnEAE,5.0,0,2026/07/26,2025/07/26,1,Google Maps,"It’s the people who make the difference. This time “Aerial” was my hairdresser and she did a fabulous job. She was friendly, interactive and kept me proactively informed before every step. I liked the service and will visit again. Thanks.",Thank you for the great review! We’re glad you’re happy with your haircut and we look forward to your next visit.
ChdDSUhNMG9nS0VJQ0FnTUNJc3VpMjV3RRAB,1.0,0,2026/07/26,2025/07/26,1,Google Maps,,"We’re disappointed to hear about your recent experience. Our team is committed to making sure every customer has a great experience, and we would like to understand what happened to better serve you in the future. If you’re open to discussing this further, please contact us directly at . We appreciate your feedback and hope to make things right."
ChZDSUhNMG9nS0VJQ0FnTUNJMU8yUldBEAE,1.0,1,2026/07/26,2025/07/26,1,Google Maps,"An **absolutely disastrous** experience. Had a haircut with Ben (Vietnamese guy) today, and I didn’t like his service, so I chose not to tip him. Instead of accepting that, he **literally yelled at me**, stepped closer in an intimidating way, and **basically forced me to tip him**—even though he ruined my haircut. I’ve always tipped my hairdressers, and the owners can check my payment history to confirm that. But apparently, with Ben, tipping isn’t about good service—it’s just **mandatory**, even if you leave with a bad haircut. I’d strongly urge the owners to check the cameras and see for themselves how **disgustingly** I was treated.","Thank you for sharing your experience, Smit. We are sorry to hear about your recent visit and take these matters seriously. Please reach out to so we can address your concerns directly."
ChZDSUhNMG9nS0VJQ0FnTURJLWVTMUx3EAE,5.0,0,2026/07/26,2025/07/26,1,Google Maps,,Thank you for your review! Your haircut details are saved in our Clip Notes® and we’ll make sure you get the same great look during future salon visits.
ChZDSUhNMG9nS0VJQ0FnTUNva3JMblNnEAE,5.0,0,2026/07/26,2025/07/26,1,Google Maps,,Thank you for your review! Your haircut details are saved in our Clip Notes® and we’ll make sure you get the same great look during future salon visits.
ChdDSUhNMG9nS0VJQ0FnTUNvX2NQTXd3RRAB,5.0,0,2026/07/26,2025/07/26,1,Google Maps,Always great cut,It's customers like you that make us GREAT! Thank you for taking the time to leave your review.
ChZDSUhNMG9nS0VJQ0FnTURvckt6S2FBEAE,1.0,0,2026/07/26,2025/07/26,1,Google Maps,"Worst Great Clips I’ve ever been to. Older man in a walker cut my hair. Zero interest in his job, the clippers were either low on battery or old because they kept catching on my hair. Didn’t even bother blending, asked me what kind of trim on the back. For what? He did what he wanted. STAY AWAY from this location!","Thank you for your feedback, Arturo. We're sorry to hear about your experience and appreciate you bringing this to our attention. Please reach out to so we can see if there's a way we can make things right."
ChdDSUhNMG9nS0VJQ0FnTURvckxmQTVBRRAB,5.0,0,2026/07/26,2025/07/26,1,Google Maps,I got come here for the first time without checking in online and when I got here it was 40 mins waiting so I registered myself and went to HEB for 15 mins also. By the time when I’m done shopping I got texts that they are ready! The staff who took care of my hair was professional in cutting hair for more than decades and she did great on my hard hair as mine is thinning! Love the work they do! Keep up the good work! Cheers 🥂,Thank you for the great review! We’re glad you’re happy with your haircut and we look forward to your next visit.
ChZDSUhNMG9nS0VMbjVnOXpwbC1tMVZREAE,1.0,0,2026/07/26,2025/07/26,1,Google Maps,"The vietnamese guy is terrible!!! I wanted to get the hair cut done with the lady but this man literally rushed to get my haircut done, he rushed through the haircut and did a shoddy job. I am so sad The lady is still much better, The asian guy just wants to quickly cut more hair and doesnt care about the quality. Avoid!!","Hi Samaksh, thank you for sharing your feedback with us. We're sorry to hear about your experience and would like to address your concerns. Please reach out to us at so we can see if there's a way we can make things right."
ChdDSUhNMG9nS0VOV2ZwZm1Ca2FPRW53RRAB,2.0,0,2026/07/26,2025/07/26,1,Google Maps,"Without getting into it too much and really show my disproval of my haircut, because I still want to come back to this location, just never go to the hairstylist that wears a face mask. If she’s not wearing a face mask, then her name starts with an A. Never ever making that mistake again. Sorry not sorry about it, tipped more than I should have if at all. Edited to say: the haircut felt rushed, despite it feeling like she was efficient enough and knew what she was doing. She confirmed how I wanted the haircut and proceeded to do the opposite. Felt like egg on my face walking out of that shop.","Thank you for your feedback, N O. We're sorry to hear about your recent experience and appreciate you bringing this to our attention. Please reach out to us at so we can see if there's a way we can make things right."
ChdDSUhNMG9nS0VMS282Y25RcXVxM3B3RRAB,5.0,0,2026/07/26,2025/07/26,1,Google Maps,,Thank you for your review! Your haircut details are saved in our Clip Notes® and we’ll make sure you get the same great look during future salon visits.
ChZDSUhNMG9nS0VPbnhuX3JldjYtS1lREAE,5.0,0,2026/07/26,2025/07/26,1,Google Maps,Men's hair cut and beard trim. Stylist took me from looking like I might live in my parents basement to looking like a businessman.,"Hi Nichalos, thank you for your wonderful review! We're thrilled to hear that you left feeling like a businessman after your haircut and beard trim. We look forward to welcoming you back for your next visit!"
ChZDSUhNMG9nS0VQVzVodC1jcTZTa2VBEAE,1.0,0,2026/07/26,2025/07/26,1,Google Maps,never go to this place they cut my hair completely uneven and didn’t even let me know,"Hi Jorge, thank you for sharing your feedback with us. We're sorry to hear about your experience and understand your frustration. Please reach out to us at so we can see if there's a way we can make things right."
ChZDSUhNMG9nS0VNcWlwNG1DLTREMFd3EAE,5.0,0,2026/07/26,2025/07/26,1,Google Maps,Men's hair cut,"Thank you, Uttam, for your review! We're thrilled to hear that you had a great experience with your haircut. We look forward to serving you again soon!"
ChZDSUhNMG9nS0VJQ0FnSURfek12dEJBEAE,5.0,0,2026/07/26,2025/07/26,1,Google Maps,Areli is always great!,Thank you for leaving a review. We’re happy to have you as a customer and are glad you enjoyed your haircut!
ChZDSUhNMG9nS0VOZVBfSjczdThfa0lREAE,1.0,0,2026/07/26,2025/07/26,1,Google Maps,Went for a basic haircut. Was not acknowledged or checked in. I thought maybe because everyone was occupied cutting so I sat down to wait. Even when one of the stylist went to the register I still wasn’t offered assistance. I left after 15 minutes of waiting with no help.,"Hi Alex, thank you for sharing your experience with us. We're sorry to hear about the lack of acknowledgment during your visit. Please reach out to our customer service at so we can see if there's a way we can make things right."
ChdDSUhNMG9nS0VQWEh4YkN0eUxiOThRRRAB,5.0,0,2026/07/26,2025/07/26,1,Google Maps,Glen was fantastic! He's been cutting hair since the 1990's and his expertise with layering a shoulder-length style shows! I rarely get the same person every time I go to GC....but I will be calling ahead so I can be sure to have him again!,"Hi Jenny, thank you for your wonderful review! We're thrilled to hear that Glen's expertise made such a positive impression on you. We look forward to seeing you again soon!"
ChdDSUhNMG9nS0VJeW81Y0d2b291MTB3RRAB,5.0,0,2026/07/26,2025/07/26,1,Google Maps,,Thank you for your review and for sharing your positive experience!
Ci9DQUlRQUNvZENodHljRjlvT2sxdlpHTkNOV3N5YjFSWmRqWmpkMnRMWkU5Zk5YYxAB,1.0,0,2026/07/26,2025/07/26,1,Google Maps,Man there did not listen to what haircut I desired and cut all my curls out! Butchered my hair! Did not give me senior discount when I asked for it. He did a horrible job!,"Hi Fran, thank you for sharing your feedback with us. We're sorry to hear about your experience and would like to address your concerns. Please reach out to our customer service at so we can see if there's a way we can make things right."
Ci9DQUlRQUNvZENodHljRjlvT2tkRFlWRkZhbFY1V0hSVVNVOXRaWGR1TWpnd2NsRRAB,1.0,0,2026/07/26,2025/07/26,1,Google Maps,"I went in for a simple haircut and left with a disaster. Not only was the cut uneven and rushed, but they actually left a visible bald spot on the side of my head. This is beyond unprofessional. I now have to wear a hat everywhere until it grows back. If you care at all about how you look, do NOT go to Great Clips.",Thank you for sharing your feedback with us. We're sorry to hear about your experience and understand your frustration. Please reach out to our customer service at so we can see if there's a way we can make things right.
Ci9DQUlRQUNvZENodHljRjlvT2pGbWRHUmhjeTF6V0cxT1UyWTBhek5sVUdscFNIYxAB,2.0,0,2026/07/26,2025/07/26,1,Google Maps,"Stay away from the hairstylist that always wears a mask. I dont know her name but she is extremely rude and racist. I was top on the wait list and this caucasian gentleman walks in and he is 2nd on the list. She asked him for a haircut first, even though he explicitly said that he was 3nd on the list and I was before him. She didn't care and proceeded to do him first. She did me twice since then and she is hands down the most rude hairstylist I've ever had. Now I'm at the point that if she isb the only one in the shop, I walk out of there. Only reason I'm giving 2 stars is because Areli and the asian guy is great 👍","Hi Kris, thank you for sharing your feedback with us. We're sorry to hear about your experience and appreciate your kind words about Areli and our other stylist. Please reach out to our customer service at so we can see if there's a way we can make things right."
Ci9DQUlRQUNvZENodHljRjlvT21OeFJuUTJjalpTYldkbWRIUTVTVjlGYXpsbUxWRRAB,1.0,0,2026/07/26,2025/07/26,1,Google Maps,"The haircut was not good. There are so many other barbers around, I honestly don’t know how this place is still open. The owner was yelling and swearing when the internet went out, which felt really unprofessional. This is supposed to be a family-friendly place, and I expected better. On top of that, they had no way to take payment except cash. We had to leave and find an ATM just to pay. It felt like they had no backup plan and no idea how to handle it. The price was not discounted for inconvenience. Definitely not going back. One star all day. Save your time and go somewhere else.","Hi Kinzington, thank you for sharing your feedback with us. We're sorry to hear about your experience and understand your concerns. Please reach out to our customer service at so we can see if there's a way we can make things right."
Ci9DQUlRQUNvZENodHljRjlvT25jdFNHdDJTamhUYlhkRU5rcDViVTA0YUZaaGVsRRAB,1.0,0,2026/07/26,2025/08/30,1,Google Maps,"I brought my son to this location today for a back-to-school haircut. There is no proper welcoming into the store too they are not showing any respect towards customers… I clearly showed reference pictures of the style we wanted. The stylist (Ben)did not listen patiently, rushed through the process, and completely ignored the details we explained. The haircut looked nothing like what we asked for. My kid was so upset with the result that he cried the entire time while doing..The experience upset him so much that now he doesn’t even want to go to school tomorrow. This was a very disappointing experience, and I would not recommend this stylist or this location. I hope management addresses this so other customers don’t go through the same frustration.","Hi Divya, thank you for sharing your experience with us. We're sorry to hear about your visit and understand how important it is to get the right haircut, especially for back-to-school. Please reach out to our customer service at so we can see if there's a way we can make things right."
Ci9DQUlRQUNvZENodHljRjlvT2pacU4yWldTbVpoVUVGblJuRkpZVmxsWmtSMGNrRRAB,1.0,0,2026/07/26,2025/08/30,1,Google Maps,,"Thank you for your feedback. We're sorry to hear that your experience did not meet your expectations. We take customer satisfaction very seriously and would like to understand what went wrong. Please reach out to us at so we can address your concerns. Your insights are valuable to us, and we hope to have the chance to improve your experience."
Ci9DQUlRQUNvZENodHljRjlvT21WSFRITjFSV1JHYTJKcFQyVm9VbFl0ZVhKVWVsRRAB,1.0,0,2026/07/26,2025/08/30,1,Google Maps,"I rarely leave negative reviews, but this experience was so awful that I feel it’s important to warn others. From the moment I walked in, the staff was unbelievably rude and dismissive. There was no sense of professionalism, courtesy, or even basic respect toward customers. The haircut itself was a complete disaster. Not only was it poorly done, but the stylist seemed careless and unskilled. Instead of making the experience comfortable, she was extremely rough — yanking my hair, being aggressive with the comb, and causing actual pain during the process. A haircut should never feel like punishment, yet that’s exactly what it felt like here. By the end, I was left with both a bad haircut and a terrible impression of how little they value customers. This was without question the worst salon experience I have ever had, and I will never be returning. If you care about your time, your comfort, and your hair, do yourself a favor and avoid this location completely.","Hi Siva Prasad, thank you for sharing your feedback with us. We're sorry to hear about your recent experience and appreciate you bringing this to our attention. Please reach out to our customer service at so we can see if there's a way we can make things right."
Ci9DQUlRQUNvZENodHljRjlvT21WVVZITlNPVzVMYlhaRGFVaFVUWFZVVGpKSFlXYxAB,1.0,0,2026/07/26,2025/09/29,1,Google Maps,,"Thank you for taking the time to share your review with us. We’re sorry to hear that your experience didn’t meet your expectations. Our goal is to provide every guest with a great haircut and comfortable experience. If you’re open to it, we’d love to understand more about your visit so we can address the issue and improve. Feel free to reach out to us directly at ."
Ci9DQUlRQUNvZENodHljRjlvT25GQ01rTTViVFUxTm5kM1ZXTXlVVlJUY0RsVFlWRRAB,1.0,0,2026/07/26,2025/09/29,1,Google Maps,"Possible the worst hair cut i have ever gotten!!!! Told the girl please don't cut it to short & what does she do, she cuts it short. By the time i noticed it was to late. I felt helpless & so mad at the same time. I started sweating i was so mad, but I kept my cool cause I didn't want to make a scene. I calmly told her this was way to short, she said that's what i thought you wanted!!!! Are you freaking serious girl. Never again great clips!!!!","Hi Gregg, thank you for sharing your feedback with us. We're sorry to hear about your experience and understand your frustration. Please reach out to our customer service at so we can see if there's a way we can make things right."
Ci9DQUlRQUNvZENodHljRjlvT2sxRWJVcEJVRkl5UzJjeVVGaFBSR3N0UW5vNFZsRRAB,5.0,0,2026/07/26,2025/09/29,1,Google Maps,I like Great Clips for their fast service after I checked in online. They keep track of how I like my hair and do a good job.,"Thank you, Gary, for your kind words and for choosing Great Clips! We're thrilled to hear that you enjoy our fast service and personalized care. We look forward to seeing you again soon!"
Ci9DQUlRQUNvZENodHljRjlvT2pCSVpGQXdWWEZyZW5OWFgwOUNaVVl6UjI5cWJIYxAB,1.0,0,2026/07/26,2025/09/29,1,Google Maps,"9/16/25 9:30am got my hair cut at the Parmer and Mopac location. Got home and found I was bleeding in the back of my neck and had razer burnes above my right eye and two places on my left ear. I will never use Great Clips again. This is the man that did it all. I went back and showed him what he had done. He apologised and refunded my money. I asked to. See the manager and he said he was the manager, very unlikey.","Hi Dale, thank you for sharing your experience with us. We're sorry to hear about your recent visit and understand your concerns. Please reach out to our customer service at so we can see if there's a way we can make things right."
Ci9DQUlRQUNvZENodHljRjlvT25aSGNrRnRSM1IwTjA1cFFYaE5UMVppWTFrd1NsRRAB,1.0,0,2026/07/26,2025/10/29,1,Google Maps,Very disappointing experience.,"Hi Mahendra, thank you for sharing your feedback with us. We're sorry to hear about your experience and would like to invite you to reach out to our customer service at so we can see if there's a way we can make things right. We appreciate your input and hope to serve you better in the future."
Ci9DQUlRQUNvZENodHljRjlvT25KdGRWOTBNV3A0V1ZSQmRIbERURko1YUZGZkxXYxAB,5.0,0,2026/07/26,2025/10/29,1,Google Maps,Myra did my long hair straight cut since Glenn only working weekends. Glenn and Myra do a great job. For some reason getting a straight across long hair cut has caused me to return many times for trim evening. Glenn got it right multiple times and Myra also this first try. Thank you!,"Hi Cheryl, thank you for your wonderful review! We're thrilled to hear that both Glenn and Myra have consistently provided you with great service. We look forward to seeing you again soon!"
Ci9DQUlRQUNvZENodHljRjlvT2pOVloxRkROVFJIVkhOb1VWRnlXVE5WWVRjd2IwRRAB,5.0,0,2026/07/26,2025/11/28,1,Google Maps,,Thank you for your review. We appreciate you being our customer and are glad you enjoyed your experience!
Ci9DQUlRQUNvZENodHljRjlvT2w5QlZuWmZkWGs1WkU1TFlXdDROR2d6TFZoV1NHYxAB,5.0,0,2026/07/26,2025/11/28,1,Google Maps,,Thank you for your review! We’re happy to have saved you time on your haircut experience with Online Check-In.
Ci9DQUlRQUNvZENodHljRjlvT2tsTFVuWXliMlF4YVZCUk9GSkxWbUpzTUdkcWFYYxAB,1.0,0,2026/07/26,2026/01/27,1,Google Maps,"I never leave reviews but felt like I needed to after my experience today 1/8/26. Went to get a haircut the lady that cut my hair was extremely rushed cutting my hair and afterwards I had a few comments about how my hair was poorly blended. She got upset about my comments and made me get up and get my haircut finished by the other lady that was working. Terrible customer service here….. I told the other lady the manager should know about the poor customer service and she told me that the lady I had this experience with was the manager….. Management change needed here, I’ve been going to great clips for 10 years and this was the worst experience I’ve had.","Hi Brendan, thank you for sharing your feedback with us. We're sorry to hear about your recent experience and appreciate your loyalty over the years. Please reach out to our customer service at so we can see if there's a way we can make things right."
Ci9DQUlRQUNvZENodHljRjlvT25seVNGaG9OR3ROVkZCaGIyVnJVbUkwWTB0bGVVRRAB,1.0,0,2026/07/26,2026/01/27,1,Google Maps,I had to wait an hour and the app removed me from waitlist and the lady didn't want to help at the store. She kept helping others saying me I will be the next. Had to wait 30 min and walkout without haircut. Not coming back and not recommending.,"Hi Sai, thank you for sharing your experience with us. We're sorry to hear about the wait and the issues you faced at our salon. Please reach out to our customer service at so we can see if there's a way we can make things right."
ChZDSUhNMG9nS0VJQ0FnSURJMmJDc1J3EAE,2.0,0,2026/07/26,2026/02/26,1,Google Maps,"Evidently, one person butchers your hair and they change your preferences in their system. I went from great haircuts to horrible! I don't want a clipper cut! Stop putting that in my file! And I have fine hair- if you cut that short I look like a tennis ball - hair sticking up all over! I guess I am going to half to find someplace that doesn't butcher my hair... after it grows out for a months! AVOID!","Thank you for your positive feedback, Greg! We're always happy to help you!"
Ci9DQUlRQUNvZENodHljRjlvT2pZeFYwdFlSRVJ3YWpoNGJUSjJjM294WW1KYU5VRRAB,1.0,0,2026/07/26,2026/02/26,1,Google Maps,1 star is good enough for their service,"Hi Srinivas, thank you for your feedback. We're sorry to hear about your experience and would like to help. Please reach out to our customer service at so we can see if there's a way we can make things right."
Ci9DQUlRQUNvZENodHljRjlvT2s5RFFtOTRhVEZ2Tmtkd2VYWk1ibUZhUkhkb1ptYxAB,1.0,0,2026/07/26,2026/02/26,1,Google Maps,I asked for a low fade but somehow left with a high fade. It’s not even blended.,"Hi William, thank you for your feedback. We're sorry to hear about your recent experience and would like to address your concerns. Please reach out to our customer service at so we can see if there's a way we can make things right."
Ci9DQUlRQUNvZENodHljRjlvT2xkSVpESTBNUzFpVlVkVGRVSnZVR05RUW1oa1FtYxAB,5.0,0,2026/07/26,2026/03/28,1,Google Maps,Brillaint stylist - got the desired cut i needed.,"Thank you, Sathish, for your wonderful review! We're thrilled to hear that you got the desired cut you needed. We look forward to welcoming you back for your next visit!"
Ci9DQUlRQUNvZENodHljRjlvT21oWU1YY3lTMHh5YTNwUFNETlVTRlpwYzJWb04wRRAB,5.0,0,2026/07/26,2026/03/28,1,Google Maps,"Pooja is absolutely fantastic! She is skilled, patient, and truly understands what the customer wants. First time i felt good in great clips, when I get a haircut from her, she delivers it with perfection and a warm smiling face that makes the whole experience even better. Her attention to detail and friendly attitude really stand out. Highly recommend getting your haircut from Pooja — she’s the best!","Thank you, Bharathimohan, for your wonderful review! We're thrilled to hear about your great experience with Pooja and appreciate your recommendation. We look forward to welcoming you back for your next haircut!"
Ci9DQUlRQUNvZENodHljRjlvT2w5amVtNUhVMEZaWW5weFdHZzVOVFJWTVdKNkxVRRAB,1.0,0,2026/07/26,2026/03/28,1,Google Maps,This lady just shaved my head on accident. I told her to take to no guard up to the part and she shaved my head and acted like it was my fault. Im livid.,"Hi Paddy, thank you for sharing your experience with us. We're sorry to hear about your recent visit and understand your frustration. Please reach out to our customer service at so we can see if there's a way we can make things right."
Ci9DQUlRQUNvZENodHljRjlvT25sbmVsaDBURFJLYlVoa1F6bDJhVEZpWHpWQlQzYxAB,5.0,0,2026/07/26,2026/04/27,1,Google Maps,Very friendly staff,"Hi Jose, thank you for your kind words! We're thrilled to hear you had a great experience with our friendly staff. We look forward to welcoming you back soon! -Great Clips Customer Service"
Ci9DQUlRQUNvZENodHljRjlvT204eFJGcEZkbWN0ZEU5clppMTBlVEk0TXpFNVUwRRAB,5.0,0,2026/07/26,2026/04/27,1,Google Maps,Awesome job by a sweet lady! 👍,"Hi Tony, thank you for your kind words! We're thrilled to hear you had a great experience with our team. We look forward to seeing you again soon! -Great Clips Customer Service"
Ci9DQUlRQUNvZENodHljRjlvT21kaWVsYzFSV2hIZUVsRFlVUTNWbWwyTFVGNmIxRRAB,1.0,0,2026/07/26,2026/05/27,1,Google Maps,Didn’t ask or listen when cut the top. He cuts too short.,"Hi Balaji, thank you for sharing your feedback. Sorry to hear about your experience with the haircut length. Please reach out to customer service at for further assistance. -Great Clips Customer Service"
Ci9DQUlRQUNvZENodHljRjlvT2tOeWQyMUJVWGx1VURKd1ZIWjVRbVJDTkVGaGRXYxAB,1.0,0,2026/07/26,2026/05/27,1,Google Maps,"Would not recommend. Most barbers don’t do what I tell them to and they make my hair look very bad the only good part is it’s cheap , and for good reason I stopped going there forever","Hi William, thank you for sharing your feedback. It's disappointing to hear about your experience. Please reach out to customer service at for further assistance. -Great Clips Customer Service"
Ci9DQUlRQUNvZENodHljRjlvT2xJM05WSkljMWROVDFKZmRtdHdPREpFTFhjMVRXYxAB,1.0,0,2026/07/26,2026/05/27,1,Google Maps,"Man in a walker cut my hair. Extremely disappointed, did a very low quality job, just quick-and-dirty. And when I asked to fix something done very bad, he responded that this is a basic haircut service. I had to visit another barber shop to fix what he messed up.","Hi Armen, thank you for sharing your feedback. It's important to know about experiences like this, and customer service is available at to assist further. Hope the next visit is much more satisfying. -Great Clips Customer Service"
Ci9DQUlRQUNvZENodHljRjlvT21WUGNTMDRSREU1TWxrNWNEZDRMVmhKWTJsb2VXYxAB,1.0,0,2026/07/26,2026/05/27,1,Google Maps,"Please do NOT go here, special this branch, i insist! And girls, do not get your haircut done from a guy who works here. He literally ruined my haircut entirely. Go to some other branch","Hi Siddhi, thank you for your feedback. It's important to hear about experiences like yours, and reaching out to customer service at can help address any issues. Hope to see you again at another location. -Great Clips Customer Service"
Ci9DQUlRQUNvZENodHljRjlvT25CR1UxcFZMV0pFY1ROMUxXMVZkSFExVmpVNFVIYxAB,5.0,0,2026/07/26,2026/06/26,1,Google Maps,I am Very impressed with the way Anna cut my hair. She did a way better job than most barbers who charge way more do. Thank you!!,"Hi EJ Rios, thank you for sharing your experience! It's wonderful to hear that Anna impressed you with her skills. Looking forward to your next visit! -Great Clips Customer Service"
Ci9DQUlRQUNvZENodHljRjlvT21aVVdVMVNabUZRVWs1RVRITmtXRTl3V0RoNU4wRRAB,1.0,0,2026/07/26,2026/06/26,1,Google Maps,Walked in at 6:39 and was told they were closed. Two people had already cleaned up and were leaving more than 20 minutes early. Still says open on the door and I had my name on the list.,"Hi Steve, thank you for sharing your experience. For further assistance, please reach out to customer service at -Great Clips Customer Service"
Ci9DQUlRQUNvZENodHljRjlvT2pObVJqZFRRVnAwV1ZjNGVVaDFTVkJUUldsV05GRRAB,5.0,0,2026/07/26,2026/06/26,1,Google Maps,"Checked in online and when I arrived, my stylist was waiting for me with a great big smile. Friendly attitude!!","Hi Jim, thank you for sharing your experience! It's wonderful to hear about the friendly service and welcoming atmosphere. Looking forward to your next visit! -Great Clips Customer Service"
Ci9DQUlRQUNvZENodHljRjlvT25FdGFWaDVZakF5TUhVM2JHdGhkREF6UXpGdVRYYxAB,4.0,0,2026/07/26,2026/06/26,1,Google Maps,I got a super haircut today. This was much better than what I had expected. Very pleased.,"Hi Mayuresh, thank you for sharing your experience! It's great to hear that the haircut exceeded your expectations. Looking forward to welcoming you back soon! -Great Clips Customer Service"
Ci9DQUlRQUNvZENodHljRjlvT25SeWNYRlhXWHBpWVdwbFZHMURZM2N4TmxOc1JIYxAB,1.0,0,2026/07/26,2026/06/26,1,Google Maps,Absolute disaster i do not recommend,"Hi Jamal, thank you for your feedback. Please reach out to customer service at for further assistance. -Great Clips Customer Service"
Ci9DQUlRQUNvZENodHljRjlvT25GMFdrOTJTRkpCV2t4WmQzUnhkREY0UVdsRFpHYxAB,1.0,0,2026/07/26,2026/07/25,1,Google Maps,"Very frustrating and unnecessarily rude experience trying to get a haircut here. Stylist directs me to her chair. I notice there is a dirty rag on the chair, so I wait to sit down. She reiterates that I can sit down. I move the dirty rag off the chair so I can sit down. The stylist takes tremendous offense that I moved the rag (covered in the hair of previous clients) to the floor. She chastises me like a five year old. “We don’t throw things on the floor here”. She reiterates the comment to her colleague, laughing. She repeats it to me: “I’m sorry but we just don’t throw things on the floor here”. Ok. I did not realize it’s company policy to ask the clients to sit on your cleaning rag. She asked me if I wanted to see a different stylist. Yes absolutely. At a business far away from this. I will not be back",
ChZDSUhNMG9nS0VJQ0FnSURBcVlXaWJ3EAE,1.0,1,2026/07/26,2014/07/29,2,Google Maps,The worst haircut of my life! It was my first time at this facility; all the other Great Clips that I have been to were good. My stylist had no idea what would suit me; and the best I can say is that whatever I told her to do was followed only with half correctness. The WORST thing about this experience was that the haircut was HURTFUL. The clippers were used on me in the most abusive way on a human -- maybe a sheep's wool is shaven in a gentler manner.,
ChZDSUhNMG9nS0VJQ0FnSURBM0xiMUJ3EAE,5.0,0,2026/07/26,2015/07/29,2,Google Maps,"Diane just did a cut for me and she was very knowledgable and friendly. She had product recommendations, but was not pushy about it.",
ChdDSUhNMG9nS0VJQ0FnSUNnMHVxYmt3RRAB,1.0,0,2026/07/26,2015/07/29,2,Google Maps,Not good . My sideburns were cut uneven. I will say go to other places,
ChdDSUhNMG9nS0VJQ0FnSURBbUtPci13RRAB,5.0,0,2026/07/26,2016/07/28,2,Google Maps,,
ChdDSUhNMG9nS0VJQ0FnSURBeWVfd3RnRRAB,1.0,0,2026/07/26,2016/07/28,2,Google Maps,Worst hair cut I seen before. Waste of money.,
ChZDSUhNMG9nS0VJQ0FnSURRNWFTalFnEAE,1.0,4,2026/07/26,2016/07/28,2,Google Maps,"It was rediculous. I went on 3-26-16 for a haircut while they're so slow. 1 was giving a cut and the other was just putting up supplies. The one doing g supplies said I'll do your cut after I put this up. I patiently said ok sounds good. About 5 minutes later a guy comes in after me. She asks did you check in online? He says yes. She says to me, I'm going to go ahead and get him 1st since he checked in online. So all of a sudden your immediately available and I get skipped because I was a walk in. That's bad business.",
ChdDSUhNMG9nS0VJQ0FnSUN3NDRMcTl3RRAB,1.0,2,2026/07/26,2016/07/28,2,Google Maps,"This haircut place is the worst, I got a haircut from a women who failed to speak loud or English and gave me super short sideburns, shorter hair than I asked for, and an overall crappy haircut. I'm never returning and neither should anyone else.",
ChZDSUhNMG9nS0VJQ0FnSUNncV9MWU9nEAE,4.0,0,2026/07/26,2016/07/28,2,Google Maps,Everyone here is always very nice.,
ChZDSUhNMG9nS0VJQ0FnSURBeElTQ1hREAE,2.0,1,2026/07/26,2017/07/28,2,Google Maps,"I have been a great lover of Great Clips. Even at same shop, the stylist were very polite, nice and expert. Since last two visits (for me and my child), I did not have good experience here. I would say, there is no point of keeping the the history customer style, if you can not make the same.",
ChdDSUhNMG9nS0VJQ0FnSURBa2FhOHdRRRAB,5.0,0,2026/07/26,2017/07/28,2,Google Maps,,
ChZDSUhNMG9nS0VJQ0FnSURRX0p5M0JREAE,5.0,0,2026/07/26,2017/07/28,2,Google Maps,Friendly service!,"Thank you, Roger! We are happy to help you, and look forward to seeing you next time!"
ChdDSUhNMG9nS0VJQ0FnSURBd2Z6Ym9RRRAB,5.0,0,2026/07/26,2017/07/28,2,Google Maps,"I only take my son here for haircuts, that being said my son chooses his own hair styles and he always leaves happy.","Thank you, Melina. We are always happy to help you and your family!"
ChdDSUhNMG9nS0VJQ0FnSUNnNllXaC1nRRAB,1.0,1,2026/07/26,2017/07/28,2,Google Maps,Painful and uneducated,"We're sorry to read this, Lucero. Please email with the details and location, or call us at 1-800-473-2825 ext 3. We will contact you regarding your experience. Thank you."
ChdDSUhNMG9nS0VJQ0FnSUNBbXJ5Um13RRAB,1.0,2,2026/07/26,2017/07/28,2,Google Maps,The old lady asks me to go to a Barber coz I asked for a sharp sidelocks! Ridiculous!,"We're sorry to hear this was your experience, Hardik. If you would like, please email with the details and location so we can best assist you and contact you. Thank you."
ChdDSUhNMG9nS0VJQ0FnSURndGUzM2pBRRAB,4.0,0,2026/07/26,2017/07/28,2,Google Maps,,Thank you for your feedback!
ChdDSUhNMG9nS0VJQ0FnSUN3MDl2RmlBRRAB,2.0,0,2026/07/26,2017/07/28,2,Google Maps,Slow,"If you would like follow up, please email with the details and location, or call us at 1-800-473-2825 ext 3 so we can best assist you and contact you. Thank you."
ChZDSUhNMG9nS0VJQ0FnSURBOE5iYmNBEAE,4.0,0,2026/07/26,2017/07/28,2,Google Maps,"I go here for routine haircuts and have never had an issue. I always utilize the online check-in to avoid crazy long wait times during peak hours and the prices are reasonable too. Based on my numerous experiences alone, I'd definitely recommend this location.","Thank you for being a loyal customer, Steven! We appreciate you!"
ChdDSUhNMG9nS0VJQ0FnSURnbGV6cjdBRRAB,3.0,0,2026/07/26,2017/07/28,2,Google Maps,,"We appreciate your feedback, Tonjua. If you would like, please email with the details and location so we can best assist you and follow up with you. Thank you."
ChdDSUhNMG9nS0VJQ0FnSURnOFAtWTZ3RRAB,4.0,0,2026/07/26,2018/07/28,2,Google Maps,,Thank you!
ChdDSUhNMG9nS0VJQ0FnSURncllxSjFnRRAB,1.0,0,2026/07/26,2018/07/28,2,Google Maps,,"We're sorry to see your rating, Carlos. If you would like, please email with the details and location or call us at 1-800-473-2825 ext 3. We will follow up with you regarding your experience. Thank you."
ChZDSUhNMG9nS0VJQ0FnSURnOHNHblR3EAE,1.0,2,2026/07/26,2018/07/28,2,Google Maps,Horrible stupid lady doesn’t even know how to cut hair,"We're sorry to read this, Alex. If you would like follow up, please email with the details and location, or call us at 1-800-473-2825 ext 3 so we can best assist you and contact you. Thank you."
ChZDSUhNMG9nS0VJQ0FnSURnb2RxRVpBEAE,4.0,0,2026/07/26,2018/07/28,2,Google Maps,,Thank you!
ChZDSUhNMG9nS0VJQ0FnSUNBM3N5TEp3EAE,4.0,0,2026/07/26,2018/07/28,2,Google Maps,,Thank you Paul!
ChdDSUhNMG9nS0VJQ0FnSURBX3RlcHRRRRAB,4.0,0,2026/07/26,2018/07/28,2,Google Maps,Get a good haircut at a fair price!,"Thanks, John! We appreciate you being our customer!"
ChZDSUhNMG9nS0VJQ0FnSUNRck15UldREAE,1.0,2,2026/07/26,2018/07/28,2,Google Maps,"I have gone to Great Clips locations and this one in particular multiple times, and NEVER had a cut this bad. I'm not one to normally give bad reviews, but I was just so shocked after leaving the appointment I felt the need to leave it. My stylist, Rupa, seemed very inexperienced. She didn't have her Great Clips apron on, seemed a bit lost when choosing tools, and didn't understand what it was I wanted. I am currently growing my hair back and was trying to tell her exactly what I wanted and she kept going based on the notes from my previous cuts. Which makes sense, but I did let her know that was not what I wanted and she continued to repeat the notes on paper to me. I showed her a picture of what I wanted and below you will see what I showed her and what she left me with. (I'm the one with the brown hair) I should've paid attention to the red flags popping in my head when the young girl before me received a terrible cut too. I ended up not wanting to bother with trying to explain what I still needed to get cut after she finished because I didn't want it to get any worse, to the point of not being fixable. I ran into my coworker and showed her the cut and she said she took her son there once and the exact hair stylist cut his hair and did a bad job. If you go to the Tech Ridge Plaza location just beware of Rupa.","We're sorry this was your experience, Cindy. If you would like, please email with the salon location and details, or call 800-473-2825, ext 3. We will follow up with you regarding your visit from there. Thank you."
ChdDSUhNMG9nS0VJQ0FnSUN3d2ZmdGd3RRAB,5.0,0,2026/07/26,2018/07/28,2,Google Maps,Tammy is awesome!!,"We appreciate you being our customer, Tonya!"
ChdDSUhNMG9nS0VJQ0FnSURReWVpdHpRRRAB,5.0,0,2026/07/26,2018/07/28,2,Google Maps,,Thank you!
ChZDSUhNMG9nS0VJQ0FnSUNnLXBUYkFnEAE,5.0,0,2026/07/26,2018/07/28,2,Google Maps,,Thank you!
ChZDSUhNMG9nS0VJQ0FnSUNRb05hQkFREAE,4.0,0,2026/07/26,2018/07/28,2,Google Maps,,Thank you!
ChZDSUhNMG9nS0VJQ0FnSURRejZQaFNnEAE,5.0,0,2026/07/26,2018/07/28,2,Google Maps,,Thank you!
ChdDSUhNMG9nS0VJQ0FnSURnbXA2UDRBRRAB,5.0,0,2026/07/26,2018/07/28,2,Google Maps,Great stylists at this salon,Thank you! We appreciate you being our customer!
ChdDSUhNMG9nS0VJQ0FnSUN3MlpLY2p3RRAB,5.0,0,2026/07/26,2018/07/28,2,Google Maps,,"Thank you, Lindsey!"
ChdDSUhNMG9nS0VJQ0FnSURReXF1dHh3RRAB,2.0,0,2026/07/26,2018/07/28,2,Google Maps,,"We're sorry to see your rating, Kendra. If you'd like follow up, please email with the details and location or call us at 1-800-473-2825 ext 3 so we can best assist you and contact you. Thank you."
ChdDSUhNMG9nS0VJQ0FnSUN3azdIMDRRRRAB,5.0,0,2026/07/26,2018/07/28,2,Google Maps,,"Thank you, Terry!"
ChZDSUhNMG9nS0VJQ0FnSURnMVBhV0tREAE,5.0,0,2026/07/26,2018/07/28,2,Google Maps,Best salon ever,"Thank YOU for the feedback, Stephanie!"
ChdDSUhNMG9nS0VJQ0FnSUNnMjZqQTN3RRAB,5.0,0,2026/07/26,2018/07/28,2,Google Maps,"Wow. Fast, clean. Kong is very nice. Thank you.",Thank you for coming in! We look forward to seeing you again!
ChdDSUhNMG9nS0VJQ0FnSUNBXzRlbTJ3RRAB,5.0,0,2026/07/26,2018/07/28,2,Google Maps,The best haircuts in the area.,"Thank YOU for the feedback, Janet! Its always a pleasure to serve such amazing customers!"
ChZDSUhNMG9nS0VJQ0FnSUNBOXNPRklnEAE,4.0,0,2026/07/26,2018/07/28,2,Google Maps,,Thank you! We love to see this!
ChZDSUhNMG9nS0VJQ0FnSUNBLWQyakhnEAE,5.0,0,2026/07/26,2018/07/28,2,Google Maps,,"Thank you, Venkatesh! We love to see this!"
ChdDSUhNMG9nS0VJQ0FnSUN3eFpUM19BRRAB,5.0,0,2026/07/26,2018/07/28,2,Google Maps,,"Thanks for the rating, Jayadev!"
ChZDSUhNMG9nS0VJQ0FnSUNROG9Td05BEAE,4.0,0,2026/07/26,2018/07/28,2,Google Maps,,"Thank you, Vivek!"
ChdDSUhNMG9nS0VJQ0FnSUNRNW82anpRRRAB,2.0,1,2026/07/26,2019/07/28,2,Google Maps,Cheap prices for a cheap looking haircut.,"We appreciate your feedback, Michael. If you'd like to share more regarding your review, please email with the details and location or call us at 1-800-473-2825 ext 3. We're always happy to help. Thank you!"
ChdDSUhNMG9nS0VJQ0FnSUNBOGNIVXpBRRAB,5.0,0,2026/07/26,2019/07/28,2,Google Maps,"It's hard to find a barber in town that cuts my hair consistently and this location has done the best for me, most stylist come and go but the staff working at this location have been very reliable and made me pleasantly surprised.","Thanks for leaving us a review, Bill! We appreciate you being our customer!"
ChdDSUhNMG9nS0VJQ0FnSURnN3VMVTVBRRAB,4.0,0,2026/07/26,2019/07/28,2,Google Maps,,"Thank you, Ryan!"
ChdDSUhNMG9nS0VJQ0FnSUNndEtiZjl3RRAB,5.0,0,2026/07/26,2019/07/28,2,Google Maps,,"Thanks for the rating, Fernando!"
ChZDSUhNMG9nS0VJQ0FnSURRdjRxeUJnEAE,5.0,0,2026/07/26,2019/07/28,2,Google Maps,,"Thank you for your rating, Charles!"
ChdDSUhNMG9nS0VJQ0FnSURBOVpidmx3RRAB,5.0,0,2026/07/26,2019/07/28,2,Google Maps,Went a month ago and Nader did great. Came back and saw Nader again and once again it was great. I hope he sticks around as I have had a hard time finding one place to continue going.,"Thanks for being our customer, Chris! We're always happy to help you and look forward to seeing you again next time!"
ChdDSUhNMG9nS0VJQ0FnSURRcnVUa3p3RRAB,5.0,0,2026/07/26,2019/07/28,2,Google Maps,Kong has done my hair twice now. She is awesome!,"Thanks for being our customer, Krystle! We're always happy to help you!"
ChdDSUhNMG9nS0VJQ0FnSUNRLUlQbV9BRRAB,5.0,0,2026/07/26,2019/07/28,2,Google Maps,"the best barber nader, the handsome and sexy barber nader ,the freindly and professional barber nader, this location is lucky because have barber like nader .","Thank you, Justin! We look forward to serving you in the future!"
ChZDSUhNMG9nS0VJQ0FnSUN3eVB1T0JREAE,5.0,0,2026/07/26,2019/07/28,2,Google Maps,They're friendly and have discounts.,"Thank you for being our customer, Zachary! We're always happy to help you!"
ChdDSUhNMG9nS0VJQ0FnSURBbXNuYTVBRRAB,5.0,0,2026/07/26,2019/07/28,2,Google Maps,The best barber in Austin Nader,"Thanks for being our customer, David! We're always happy to help you!"
ChZDSUhNMG9nS0VJQ0FnSUR3MnNiSFZBEAE,5.0,0,2026/07/26,2019/07/28,2,Google Maps,,"Thank you for the positive rating, Jeff!"
ChZDSUhNMG9nS0VJQ0FnSURndnRINUhREAE,5.0,0,2026/07/26,2019/07/28,2,Google Maps,Nader is hands down the best barber I've ever come across to get my fade done. I spent a lot of time in the military getting base haircuts and his is better than any I've ever had. Will keep coming back.,"Thank you, Donavan! We love to see this!"
ChZDSUhNMG9nS0VJQ0FnSUNJbnB6RFBBEAE,5.0,0,2026/07/26,2019/07/28,2,Google Maps,"I received a very good haircut from this place. I have great hair, so hard not to get a good haircut, but this one was pretty good over that.","Thank you for coming in, Michal! We are so glad you enjoyed your experience with us!"
ChdDSUhNMG9nS0VJQ0FnSUNJaHV6N3ZnRRAB,5.0,0,2026/07/26,2019/07/28,2,Google Maps,,"Thank you for your review, Stephen!"
ChZDSUhNMG9nS0VJQ0FnSUNJMGN6cE5REAE,4.0,0,2026/07/26,2019/07/28,2,Google Maps,,"Thank you for your feedback, Kyle!"
ChdDSUhNMG9nS0VJQ0FnSUNJMmRqdWxRRRAB,5.0,0,2026/07/26,2019/07/28,2,Google Maps,"I got the best haircut in town, Nader he got good hands in has work",Thank you! We love to hear this and are always happy to help!
ChdDSUhNMG9nS0VJQ0FnSUNJaGJMa3pnRRAB,5.0,0,2026/07/26,2019/07/28,2,Google Maps,Nader is the best!!!!,"Thanks for being our customer, John! We're always happy to help you!"
ChdDSUhNMG9nS0VJQ0FnSUNJMjlhOW5BRRAB,5.0,0,2026/07/26,2019/07/28,2,Google Maps,,"Thank you for the positive rating, Heath!"
ChdDSUhNMG9nS0VJQ0FnSURJME5PRHBnRRAB,5.0,0,2026/07/26,2019/07/28,2,Google Maps,,"Thank you for your rating, Kevin!"
ChZDSUhNMG9nS0VJQ0FnSURJeUpHZ1dREAE,5.0,0,2026/07/26,2019/07/28,2,Google Maps,Alina really turn my opinion around. She gave a great haircut and should own her own salon!,Thank you for coming in! We are so glad you enjoyed your experience with us!
ChZDSUhNMG9nS0VJQ0FnSURJd3VpWFVnEAE,1.0,0,2026/07/26,2019/07/28,2,Google Maps,,"We're sorry to see your rating, Chad. If you'd like to share more, please email with the details and location or call us at 1-800-473-2825 ext 3. We will get in touch with you from there. Thank you."
ChdDSUhNMG9nS0VJQ0FnSURJeHJQNnZ3RRAB,1.0,1,2026/07/26,2019/07/28,2,Google Maps,I am not coming back to this place and would not recommend this place to anyone unless you have an extremely simple haircut ie shave your head. I had to struggle to explain my haircut which is relatively simple and even after all that it did not come out great. The top is uneven and the sides are not how I want them.,"We're sorry to read this, Alejandro. If you'd like, please call us at 1-800-473-2825 ext 3 or email with the details and location so we can best assist you and follow up with you. Thank you for reaching out."
ChZDSUhNMG9nS0VJQ0FnSURJaGZuN0hnEAE,5.0,0,2026/07/26,2019/07/28,2,Google Maps,Great hair cut and great service from stylist Alina. Will be happy to recommend to anyone.,"Thanks for your positive feedback, Aziz!"
ChdDSUhNMG9nS0VJQ0FnSURJdGQtb3RRRRAB,1.0,3,2026/07/26,2019/07/28,2,Google Maps,"This was my first time in great clips.It was around 10.45 am monday morning. Since i was near this place I just went there to ask them if they also do hair color and keratin treatment. His reply was,""Its not like Great clips is a newly open place.Everyone does it except for animals"". I did not get if he was being funny or rude, but certainly didnot feel comfortable. I didnot want to deal with his arrogance. Thank god I went to another salon and it was worth it.","We're sorry to hear this. If you'd like, please call us at 1-800-473-2825 ext 3 or email with the details and location so we can best assist you and follow up with you. Thank you for reaching out."
ChZDSUhNMG9nS0VJQ0FnSURJbFo2QUJ3EAE,1.0,0,2026/07/26,2019/07/28,2,Google Maps,Brandon is nasty .,Thank you for the feedback!
ChZDSUhNMG9nS0VJQ0FnSURJcmNETkNREAE,4.0,0,2026/07/26,2019/07/28,2,Google Maps,,"Thank you for your review, Karthik!"
ChdDSUhNMG9nS0VJQ0FnSURJdzd1VWhRRRAB,5.0,0,2026/07/26,2019/07/28,2,Google Maps,,Thank you for the feedback!
ChZDSUhNMG9nS0VJQ0FnSURJaTdiZkxBEAE,1.0,0,2026/07/26,2019/07/28,2,Google Maps,,"If you'd like, please email with the details and location or call us at 1-800-473-2825 ext 3. We will follow up with you from there. Thank you for reaching out."
ChZDSUhNMG9nS0VJQ0FnSURJcjVPR1ZnEAE,1.0,1,2026/07/26,2019/07/28,2,Google Maps,Never going back to this locatipneverytime my wife goes there they mess up herhair and its the same stylists,"We're sorry to hear this, Mark. If you'd like, please email with the details and location or call us at 1-800-473-2825 ext 3. We will follow up with you from there. Thank you for reaching out."
ChdDSUhNMG9nS0VJQ0FnSURJNzlMdTZRRRAB,4.0,0,2026/07/26,2019/07/28,2,Google Maps,,Thank you for your rating!
ChZDSUhNMG9nS0VJQ0FnSUNvd29qREFREAE,5.0,0,2026/07/26,2019/07/28,2,Google Maps,LaDana was fantastic and very friendly!,"We love to hear this, Eric! Thank you!"
ChZDSUhNMG9nS0VJQ0FnSUNvbHJfYVBREAE,3.0,0,2026/07/26,2019/07/28,2,Google Maps,,"We appreciate your feedback. If you'd like to share more regarding your review, please email with the details and location or call us at 1-800-473-2825 ext 3. We're always happy to help. Thank you!"
ChZDSUhNMG9nS0VJQ0FnSUNvbFllWWVnEAE,1.0,1,2026/07/26,2019/07/28,2,Google Maps,We never going back to this location .my boyfriend went there from few days and the stylist (Brandon) he mess up his hair and he try harass him. He must resign.,"We’re sorry to see this, Jose. If you would like follow up, please email with the details and location or call us at 1-800-473-2825 ext 3. We will be happy to help you. Thank you."
ChZDSUhNMG9nS0VJQ0FnSUNvN2JfMWZREAE,4.0,0,2026/07/26,2019/07/28,2,Google Maps,,Thank you! We value your feedback!
ChdDSUhNMG9nS0VJQ0FnSUNvNjlfWDJ3RRAB,5.0,0,2026/07/26,2019/07/28,2,Google Maps,My hair came out so beautiful. First time in this place..loved it.,"We love to hear this, Juanita! Thanks for coming in!"
ChZDSUhNMG9nS0VJQ0FnSUNvbTlhQktnEAE,4.0,0,2026/07/26,2019/07/28,2,Google Maps,,"Thank you for your rating, Aaron!"
ChZDSUhNMG9nS0VJQ0FnSUNvcDh2WVVnEAE,1.0,0,2026/07/26,2019/07/28,2,Google Maps,,"We're sorry to see your rating, Isaac. If you'd like to share more, please email with the details and location or call us at 1-800-473-2825 ext 3. We will get in touch with you from there. Thank you."
ChdDSUhNMG9nS0VJQ0FnSUNvMV9EcHZBRRAB,5.0,0,2026/07/26,2019/07/28,2,Google Maps,,"Thank you for your rating, Gary!"
ChdDSUhNMG9nS0VJQ0FnSURveU5yU2lnRRAB,5.0,0,2026/07/26,2019/07/28,2,Google Maps,,"Thank you for your review, Nat!"
ChdDSUhNMG9nS0VJQ0FnSURvcEk3aHJRRRAB,1.0,1,2026/07/26,2019/07/28,2,Google Maps,Worst ever haircut ! They didn’t understand what i was saying and just blindly following last time’s information. I would advise don’t go there ever !,"We're sorry to hear this. If you would like, please email with the details and location or call us at 1-800-473-2825 ext 3 so we can best assist you and contact you. Thank you, Ravi."
ChZDSUhNMG9nS0VJQ0FnSURvMDcyUllnEAE,5.0,0,2026/07/26,2019/07/28,2,Google Maps,"Ladana has cut my hair a few times now, and she is great. Very kind and communicative. I cannot recommend her enough and will continue to go back as long as she's there!","Thank you for being our customer, Shelby! We look forward to seeing you again next time!"
ChZDSUhNMG9nS0VJQ0FnSUNZNk5MZkNREAE,5.0,0,2026/07/26,2019/07/28,2,Google Maps,Friendly people and good haircuts for the price,"Thank you for the great review, Thomas! We love having you as our customer!"
ChdDSUhNMG9nS0VJQ0FnSUNZdHFUUDN3RRAB,4.0,0,2026/07/26,2019/07/28,2,Google Maps,,"Thank you for your feedback, Gregg!"
ChdDSUhNMG9nS0VJQ0FnSUNZaS11NXRBRRAB,1.0,1,2026/07/26,2019/07/28,2,Google Maps,They dont like to answer phone so it's a 50/50 if your getting your hair cut.. Go somewhere else and be guaranteed a hair cut.,"We're sorry to read this. If you'd like, please call us at 1-800-473-2825 ext 3 or email with the details and location so we can best assist you and follow up with you. Thank you for reaching out, John."
ChZDSUhNMG9nS0VJQ0FnSURZMVo2c0xBEAE,5.0,0,2026/07/26,2019/07/28,2,Google Maps,,Thank you for your rating!
ChZDSUhNMG9nS0VJQ0FnSURZN2YteVlBEAE,5.0,0,2026/07/26,2019/07/28,2,Google Maps,,"Thank you for your review, Alejandro!"
ChdDSUhNMG9nS0VJQ0FnSUM0OExXTzZnRRAB,5.0,0,2026/07/26,2019/07/28,2,Google Maps,Just great!,"We appreciate you being our customer, and are glad you enjoyed your experience with us!"
ChdDSUhNMG9nS0VJQ0FnSUQ0d2NXY3NRRRAB,4.0,0,2026/07/26,2019/07/28,2,Google Maps,,"Thank you for your rating, Kimberly!"
ChdDSUhNMG9nS0VJQ0FnSUNFNE8zei1BRRAB,5.0,0,2026/07/26,2019/07/28,2,Google Maps,I have been to a few Great Clips around Texas and this one just gave me a sense of comfort and convenience. The stylist I had was efficient in her ways while maintaining positive conversation. Will go back when in Austin,"Thank you for coming in, Nathan! We are so glad you enjoyed your experience with us!"
ChdDSUhNMG9nS0VJQ0FnSUNFNFAyZXl3RRAB,4.0,0,2026/07/26,2019/07/28,2,Google Maps,,"Thank you, Russell!"
ChZDSUhNMG9nS0VJQ0FnSUNFanMzVUxBEAE,5.0,0,2026/07/26,2019/07/28,2,Google Maps,"Love Great Clips! Love to check in online. Stylists are friendly and efficient. They provide really good, quick hair cuts for the price. This particular location is clean, smells good , and sells lots of products.","Thank you for the great review, Kryssie! We love having you as our customer!"
ChdDSUhNMG9nS0VJQ0FnSUNFdTZTSzRBRRAB,5.0,0,2026/07/26,2019/07/28,2,Google Maps,"I like to go there for a haircut, if you check in online you can avoid waiting for your turn, friendly staff.","Thanks for your positive review, Ricardo!"
ChZDSUhNMG9nS0VJQ0FnSURrcGFyMkZBEAE,4.0,0,2026/07/26,2019/07/28,2,Google Maps,Give great kid cuts at a good price.,"Thank you for being our customer, Stacy! We're always happy to help you!"
ChdDSUhNMG9nS0VJQ0FnSURrMTZ1Q3RBRRAB,4.0,0,2026/07/26,2019/07/28,2,Google Maps,,"Thank you, Stacey!"
ChZDSUhNMG9nS0VJQ0FnSURrejlHWGJ3EAE,5.0,0,2026/07/26,2019/07/28,2,Google Maps,,"Thank you, Kristina!"
ChZDSUhNMG9nS0VJQ0FnSUNVdUw2blB3EAE,3.0,0,2026/07/26,2019/07/28,2,Google Maps,Always great customer service and cuts until my last visit. Individual seemed more concerned with himself than with me. Cut my hair while it was dry. First time my hair has ever been cut dry. Cut it shorter than I wanted. Not happy at all with my last visit.,"We're sorry to hear this, Nelda. If you would like, please email with the details and location or call us at 1-800-473-2825 ext 3 so we can best assist you and contact you. Thank you for reaching out to us."
ChZDSUhNMG9nS0VJQ0FnSUNVM042NVNnEAE,1.0,2,2026/07/26,2019/07/28,2,Google Maps,"By far this is the worst salon I have visited. I have been to 2 other great clips in Austin. There was only one dude doing the haircut ,two other were ladies. This dude barely asked me what kind of of hair cut I wanted and finished it in less than 2 minutes. Plus he was so rude and arrogant, which made me to stop asking him about the style and leave the place.","We're sorry to hear this, Naveen. If you would like, please email with the details and location or call us at 1-800-473-2825 ext 3 so we can best assist you and contact you. Thank you for reaching out to us."
ChZDSUhNMG9nS0VJQ0FnSUNVbjhQbVRBEAE,4.0,0,2026/07/26,2020/07/27,2,Google Maps,,"Thank you for your rating, Ben!"
ChdDSUhNMG9nS0VJQ0FnSURVemQ3TDlnRRAB,5.0,0,2026/07/26,2020/07/27,2,Google Maps,,"We appreciate you being our customer, and are glad you enjoyed your visit with us!"
ChZDSUhNMG9nS0VJQ0FnSURVMTgzSldnEAE,5.0,0,2026/07/26,2020/07/27,2,Google Maps,Fast nice and clean loved it,"We love to hear this! Thanks for coming in, Ruben!"
ChdDSUhNMG9nS0VJQ0FnSUMwOU5lVHZRRRAB,5.0,0,2026/07/26,2020/07/27,2,Google Maps,Really liked my haircut and the woman who cut it was so very nice and friendly.,"Thank you for coming in, Karen! We're always happy to help you!"
ChZDSUhNMG9nS0VJQ0FnSUMwMXZDYlNnEAE,5.0,0,2026/07/26,2020/07/27,2,Google Maps,The ladies work so very hard here. Good cuts for a great price.,"Thank you for being our customer, Bella!"
ChdDSUhNMG9nS0VJQ0FnSUMwN3Jhd2dRRRAB,5.0,0,2026/07/26,2020/07/27,2,Google Maps,Checked in online. Very simple and quick. Walked in and was getting my cut within 2 minutes. Dolly cut my hair exactly like I asked. Very nice and professional. A great experience!,"Thank you for coming in, Linda! We hope to see you again!"
ChZDSUhNMG9nS0VJQ0FnSUMwdWJTTmFREAE,5.0,0,2026/07/26,2020/07/27,2,Google Maps,Good place and recommended,"Thank you, Zaka! We value your feedback!"
ChdDSUhNMG9nS0VJQ0FnSUMwNWRQSTBRRRAB,5.0,0,2026/07/26,2020/07/27,2,Google Maps,Very nice staff and great prices.,
ChdDSUhNMG9nS0VJQ0FnSUMwMWVTNzVnRRAB,4.0,0,2026/07/26,2020/07/27,2,Google Maps,,"Thank you for your loyalty! We look forward to seeing you again next time, Paul!"
ChZDSUhNMG9nS0VJQ0FnSUQwd3FyMVdREAE,5.0,0,2026/07/26,2020/07/27,2,Google Maps,"Got a haircut with Karina she did a great job, and the prices are great, would definitely go again and get my haircut from her.",Thank you! We look forward to seeing you again!
ChdDSUhNMG9nS0VJQ0FnSUQwLXByQ3NnRRAB,5.0,0,2026/07/26,2020/07/27,2,Google Maps,"Great prices, fast service, online checkin. Hard to go wrong.","Thank you for being our customer, Ellen! We're always happy to help!"
ChdDSUhNMG9nS0VJQ0FnSUQwNXF6X25nRRAB,4.0,0,2026/07/26,2020/07/27,2,Google Maps,,"Thank you, Kuya!"
ChdDSUhNMG9nS0VJQ0FnSUQwOW9DamtBRRAB,2.0,1,2026/07/26,2020/07/27,2,Google Maps,"After I got home, 2 days later I find length on both sides are uneven so that means I will have to go back to straighten it out sometime this week.","We're sorry to read this, Donna. If you'd like, please email with the details and location or call us at 1-800-473-2825 ext 3 so we can best assist you and follow up with you. Thank you."
ChZDSUhNMG9nS0VJQ0FnSUQwOXNQYVN3EAE,5.0,0,2026/07/26,2020/07/27,2,Google Maps,,"Thank you for your rating, Roberto!"
ChZDSUhNMG9nS0VJQ0FnSUQwdWJtdk53EAE,5.0,0,2026/07/26,2020/07/27,2,Google Maps,Great service,Thanks for coming in! We appreciate your review!
ChdDSUhNMG9nS0VJQ0FnSUQwcUstRHZRRRAB,4.0,0,2026/07/26,2020/07/27,2,Google Maps,,"If you'd like to share more regarding your review, please email with the details and location or call us at 1-800-473-2825 ext 3. We're always happy to help. Thank you!"
ChdDSUhNMG9nS0VJQ0FnSUNNZ2R2SjdnRRAB,5.0,0,2026/07/26,2020/07/27,2,Google Maps,Love the place. Workers are sociable and hard workers,"We love having you as our customer, Shaun! Thank you!"
ChdDSUhNMG9nS0VJQ0FnSUNNMmRhNS1nRRAB,2.0,1,2026/07/26,2020/07/27,2,Google Maps,Normally this location is great but yesterday they had all new stylists in there. None of them seemed to know much about what they were doing. Both me and my girlfriend came out with all messed up hair and the stylist somehow blamed us for it. Maybe it's new management but I'm hesitant to go back now.,"We’re sorry to see this, Jacob. If you would like follow up, please email with the details and location or call us at 1-800-473-2825 ext 3. We will be happy to help you. Thank you."
ChZDSUhNMG9nS0VJQ0FnSURVM296SU9BEAE,4.0,0,2026/07/26,2020/07/27,2,Google Maps,Great service,"We appreciate your feedback. If you'd like to share more regarding your review, please email with the details and location or call us at 1-800-473-2825 ext 3. We're always happy to help. Thank you!"
ChZDSUhNMG9nS0VJQ0FnSURNbEwyV1B3EAE,4.0,0,2026/07/26,2020/07/27,2,Google Maps,,"Thank you, Michelle!"
ChdDSUhNMG9nS0VJQ0FnSURNdGZHVGd3RRAB,5.0,0,2026/07/26,2020/07/27,2,Google Maps,"Ask for T, he is the Man!","We appreciate you being our customer, and are glad you enjoyed your experience with us, Andrew!"
ChZDSUhNMG9nS0VJQ0FnSURNcDhUb0d3EAE,5.0,0,2026/07/26,2020/07/27,2,Google Maps,Very nice people and I came out looking sharp. If you need a place to get a hair cut this is a good one.,"Thank you for your loyalty! We look forward to seeing you again next time, Johnny!"
ChdDSUhNMG9nS0VJQ0FnSURNbDYtN2hnRRAB,5.0,0,2026/07/26,2020/07/27,2,Google Maps,,"Thank you, Shawn!"
ChdDSUhNMG9nS0VJQ0FnSUNzOE43bGpBRRAB,5.0,0,2026/07/26,2020/07/27,2,Google Maps,Great prices and I love Dolly,"Thank you for your review, Teresa!"
ChdDSUhNMG9nS0VJQ0FnSUNzc3NqLXV3RRAB,5.0,0,2026/07/26,2020/07/27,2,Google Maps,Fast and very friendly! Excellent cut!!,"Thank you for the great review, Spencer! We love having you as our customer!"
ChZDSUhNMG9nS0VJQ0FnSUNzNWI2Tk9nEAE,5.0,0,2026/07/26,2020/07/27,2,Google Maps,,Thank you for being our customer! We’re always happy to help you!
ChZDSUhNMG9nS0VJQ0FnSUNzcTlUdEhnEAE,5.0,0,2026/07/26,2020/07/27,2,Google Maps,,Thank you for your rating!
ChdDSUhNMG9nS0VJQ0FnSUNzdTQyMnZ3RRAB,5.0,0,2026/07/26,2020/07/27,2,Google Maps,Great service. Thanks.,"We love to hear this, Andrew! Thank you!"
ChdDSUhNMG9nS0VJQ0FnSURzMk15WXBRRRAB,4.0,0,2026/07/26,2020/07/27,2,Google Maps,,"Thank you, Bryonna!"
ChZDSUhNMG9nS0VJQ0FnSURzMktxLUp3EAE,1.0,1,2026/07/26,2020/07/27,2,Google Maps,"""Relax. You're at great clips"" it should say ""Run. Before they start the clippers."" The stylist fingers smelled like cigs the entire time. And the haircut took 4 min tops. Never coming here again. I was horrified at my haircut once it dried.","We’re sorry to see this, Zoran. If you would like a follow up, please email with the details and location or call us at 1-800-473-2825 ext 3. We will be happy to help you. Thank you."
ChZDSUhNMG9nS0VJQ0FnSURzcFBlTFZnEAE,5.0,0,2026/07/26,2020/07/27,2,Google Maps,Nice ppl,"Thank you, Courtney! We value your feedback!"
ChdDSUhNMG9nS0VJQ0FnSURzMVBHQTBBRRAB,5.0,0,2026/07/26,2020/07/27,2,Google Maps,I always get my haircut there always friendly,"Thank you for being our loyal customer, Keith! We appreciate you!"
ChdDSUhNMG9nS0VJQ0FnSURzbVphdTN3RRAB,1.0,1,2026/07/26,2020/07/27,2,Google Maps,There's this new Asian lady named Kim. Just stay away from her if you don't want a bad haircut and a bad customer service. Thank me later.,"We're sorry to hear this. If you would like, please email with the details and location or call us at 1-800-473-2825 ext 3 so we can best assist you and contact you. Thank you for reaching out to us."
ChdDSUhNMG9nS0VJQ0FnSURzbmVTTW9BRRAB,3.0,0,2026/07/26,2020/07/27,2,Google Maps,,"We appreciate your feedback. If you'd like to share more regarding your review, please email with the details and location or call us at 1-800-473-2825 ext 3. We're always happy to help. Thank you!"
ChdDSUhNMG9nS0VJQ0FnSURjMU12QTh3RRAB,1.0,0,2026/07/26,2020/07/27,2,Google Maps,,"If you'd like to share more regarding your review, please email with the details and location. We're always happy to help. Thank you!"
ChZDSUhNMG9nS0VJQ0FnSURjZ3RIT09nEAE,4.0,0,2026/07/26,2020/07/27,2,Google Maps,One of the few places that's still open. Woman was very nice and I was in and out in no time,"We appreciate you being our customer, Robert! Thank you for coming in!"
ChdDSUhNMG9nS0VJQ0FnSUM4M0tUcTJBRRAB,1.0,0,2026/07/26,2020/07/27,2,Google Maps,horrible! I took my son to get his haircuts the line around his hair is crooked. I wouldn’t recommend you to go there. I’m disappointed!,"We're sorry to read this. If you'd like, please email with the details and location so we can best assist you and follow up with you. Thank you."
ChdDSUhNMG9nS0VJQ0FnSUM4a3Fxejd3RRAB,5.0,0,2026/07/26,2020/07/27,2,Google Maps,Always a great experience.,"We love to hear this, Ian! Thank you!"
ChdDSUhNMG9nS0VJQ0FnSUM4bHZ5U25nRRAB,5.0,0,2026/07/26,2020/07/27,2,Google Maps,,We're always happy to help you! Thank you for your feedback!
ChdDSUhNMG9nS0VJQ0FnSUQ4aGVpRHB3RRAB,1.0,0,2026/07/26,2020/07/27,2,Google Maps,I showed up to get my haircut at 5:20 when the sign says they close at 6 and on the website it says they close at 6. I checked in at 5:10PM and it said a 13 minute wait. I got here and they are closed. If the store was going to close early maybe they should put a sign or stop people from checking in. This is extremely unprofessional. Will not ever come here again.,"We're sorry to read this, Cody. If you'd like, please email with the details and location or call us at 1-800-473-2825 ext 3 so we can best assist you and follow up with you. Thank you."
ChdDSUhNMG9nS0VJQ0FnSUQ4MWQtVG9RRRAB,1.0,0,2026/07/26,2020/07/27,2,Google Maps,,"We're sorry to see your rating, George. If you'd like to share more, please email with the details and location or call us at 1-800-473-2825 ext 3. We will get in touch with you from there. Thank you."
ChZDSUhNMG9nS0VJQ0FnSUNDdS1lRGZREAE,5.0,0,2026/07/26,2021/07/27,2,Google Maps,Great cut in 5 minutes,"Thanks for coming in! We look forward to seeing you again, Rufino!"
ChZDSUhNMG9nS0VJQ0FnSURDb09HR0Z3EAE,4.0,0,2026/07/26,2021/07/27,2,Google Maps,,Thank you for your feedback!
ChdDSUhNMG9nS0VJQ0FnSURDb3BTdWt3RRAB,5.0,0,2026/07/26,2021/07/27,2,Google Maps,,"Thank you for your loyalty! We look forward to seeing you again next time, Brett!"
ChdDSUhNMG9nS0VJQ0FnSUNpbnJXeWlnRRAB,5.0,0,2026/07/26,2021/07/27,2,Google Maps,The place for a flat top in that area.,"Thank you for coming in! We look forward to your next visit, Mike!"
ChZDSUhNMG9nS0VJQ0FnSUNpZ2F1ZFRBEAE,1.0,2,2026/07/26,2021/07/27,2,Google Maps,"Terrible! Was told by young man who cut my hair today that there was no information on computer as to how I was having my hair cut over last 2 or 3 years. I told him exactly how I wanted it cut and he proceeded to NOT follow my instructions. While paying my bill he asked me ""no tip?"" and I informed him that since he cut my hair the way he wanted to and not how he had been instructed, that there would be no tip.","We're sorry to read this, Philip. If you'd like, please email with the details and location or call us at 1-800-473-2825 ext 3 so we can best assist you and follow up with you. Thank you."
ChdDSUhNMG9nS0VJQ0FnSURpbVBLZ2p3RRAB,4.0,0,2026/07/26,2021/07/27,2,Google Maps,,"Thank you for coming in! We look forward to your next visit, David!"
ChdDSUhNMG9nS0VJQ0FnSUNTbGFLQW1RRRAB,5.0,0,2026/07/26,2021/07/27,2,Google Maps,"Fast haircut,clean place,friendly staff. Walked in,waited less than 5 minutes.","Thank you for being our customer, Pat! We hope to see you again!"
ChdDSUhNMG9nS0VJQ0FnSURpdWFUcTNnRRAB,5.0,0,2026/07/26,2021/07/27,2,Google Maps,Great location. Make sure to Check In using their app BEFORE arriving. Your experience at any Great Clips will go up a star or two by being prepared and ahead of the line. Have a great haircut!,"Thank you for being our customer! We’re always happy to help you, Roger!"
ChdDSUhNMG9nS0VJQ0FnSUN5b1BERDhnRRAB,5.0,0,2026/07/26,2021/07/27,2,Google Maps,,"Thank you for your review, Faiyaz!"
ChZDSUhNMG9nS0VJQ0FnSUN5dHU3REJ3EAE,1.0,0,2026/07/26,2021/07/27,2,Google Maps,"I first came here in September. It was Friday morning, they had just opened and there was one stylist working. She had 3 people waiting and at least 3 more walked out when they saw how busy she was. In total I waited about 40 mins. I just left here on another Friday morning, I left at 10:10 because the doors were locked and there was no stylist there. A man did drive up and went in to turn the lights on and then left. I wont be wasting my time here ever again.","We’re sorry to see this. If you would like, please email with the details and location or call us at 1-800-473-2825 ext. 5. We will be happy to help you. Thank you, Angela."
ChZDSUhNMG9nS0VJQ0FnSUN5M3Z5SVpBEAE,5.0,0,2026/07/26,2021/07/27,2,Google Maps,,Thank you for stopping in!
ChdDSUhNMG9nS0VJQ0FnSUR5LW8tUWt3RRAB,4.0,0,2026/07/26,2021/07/27,2,Google Maps,Love me some Great Clips!,Thank you for being our customer! We’re always happy to help you!
ChZDSUhNMG9nS0VJQ0FnSUR5dG9xOEpBEAE,2.0,0,2026/07/26,2021/07/27,2,Google Maps,Check in online is BS. Says 6 min wait when I checked in. Showed zero wait when I pulled up in front of the store so I walk in. There are two people ahead of me and 1 person cutting hair. Wait time jumps to 14 mins.,"We're sorry to hear this was your experience, Tom. If you'd like, please email with the details and location or call us at 1-800-473-2825 ext. 5. We will be happy to help you. Thank you."
ChdDSUhNMG9nS0VJQ0FnSUR5cnE3NjBnRRAB,5.0,0,2026/07/26,2021/07/27,2,Google Maps,"I believe my stylists name was Alina, she’s a bit shorter with dark curly hair with highlights. She did a phenomenal job on my cut. I had long hair (down to my mid back) and got a pixie cut. She was fast and provided me a bag to keep my ponytail for donation. The layers are smooth, great blending and the front is the perfect length for my face shape. She did an excellent job making sure I was comfortable cutting that much off and gave an amazing cut. I would definitely recommend her and request her next time!","Thank you for coming in, Jessica! We are so glad you enjoyed your experience with us!"
ChdDSUhNMG9nS0VJQ0FnSUR5c2NHS3h3RRAB,5.0,0,2026/07/26,2021/07/27,2,Google Maps,,"Thank you for your rating, Ali!"
ChdDSUhNMG9nS0VJQ0FnSUR5emMtTW9RRRAB,5.0,0,2026/07/26,2021/07/27,2,Google Maps,"Quick, easy. Stylist did a great job, just like I it",Thank you for coming in! We look forward to your next visit!
ChdDSUhNMG9nS0VJQ0FnSUNLNkphanl3RRAB,5.0,0,2026/07/26,2021/07/27,2,Google Maps,,Thank you for coming in! We look forward to your next visit!
ChdDSUhNMG9nS0VJQ0FnSUNLNktuMW9RRRAB,5.0,0,2026/07/26,2021/07/27,2,Google Maps,,Thank you for your review Charles! We look forward to seeing you next time!
ChdDSUhNMG9nS0VJQ0FnSUNLbzhqcXhnRRAB,2.0,0,2026/07/26,2021/07/27,2,Google Maps,,"We're sorry to see your rating. If you'd like to share more, please email with the details and location or call us at 1-800-473-2825 ext. 5. We will get in touch with you from there. Thank you."
ChdDSUhNMG9nS0VJQ0FnSUNLaDYzSTBRRRAB,5.0,0,2026/07/26,2021/07/27,2,Google Maps,Has delivered good quality cuts for me the last few months,"We appreciate you being our customer, and are glad you enjoyed your experience with us!"
ChdDSUhNMG9nS0VJQ0FnSUNLM18zVTR3RRAB,2.0,0,2026/07/26,2021/07/27,2,Google Maps,It's alright. Most of the stylists are skilled and my hair doesn't look bad per se. Everytime I go in I request a #3 or 4 fade and even show references photos but the stylist (and it's a different stylist everytime) always assumes I want something more feminine and I typically walk out with a standard pixie cut. The last stylist completely butchered my hair. It was messy and noticeabley uneven. I think I'm just gonna try my luck with a barber next time...,"We're sorry to read this. If you'd like, please email with the details and location or call us at 1-800-473-2825 ext. 5 so we can best assist you and follow up with you. Thank you."
ChdDSUhNMG9nS0VJQ0FnSUNLa0w3WDhRRRAB,2.0,3,2026/07/26,2021/07/27,2,Google Maps,Went in desperate for a haircut. No one was available so I went here. People were great and very nice. Haircut was poor. Don't seem to respect long hair. Very short and layers are very choppy. But what can I expect for $20.00 This picture is 2-3 weeks later. Wow.,"We're sorry to read this, Monica. If you'd like, please email with the details and location or call us at 1-800-473-2825 ext. 5 so we can best assist you and follow up with you. Thank you."
ChdDSUhNMG9nS0VJQ0FnSURLbDlMX19BRRAB,1.0,0,2026/07/26,2021/07/27,2,Google Maps,One of the hairstylists touched cash and then swept the floor and proceeded to take the next customer without washing her hands. I left immediately!🙅‍♀️👎 …,"We're sorry to read this. If you'd like, please email with the details and location or call us at 1-800-473-2825 ext. 5 so we can best assist you and follow up with you. Thank you."
ChdDSUhNMG9nS0VJQ0FnSURLdjdqSmtBRRAB,1.0,0,2026/07/26,2021/07/27,2,Google Maps,"Unskilled staff, pretty bad service","We're sorry to hear this was your experience, Jay. If you'd like, please email with the details and location or call us at 1-800-473-2825 ext. 5. We will be happy to help you. Thank you."
ChdDSUhNMG9nS0VJQ0FnSUNxaThmMDRBRRAB,4.0,0,2026/07/26,2021/07/27,2,Google Maps,,Thank you for being our customer! We’re always happy to help you!
ChZDSUhNMG9nS0VJQ0FnSUNhbmR5RlJ3EAE,5.0,0,2026/07/26,2022/07/27,2,Google Maps,,Thank you for coming in! We look forward to your next visit!
ChZDSUhNMG9nS0VJQ0FnSURhNVBEc1pREAE,1.0,0,2026/07/26,2022/07/27,2,Google Maps,,"We're sorry to see your rating. If you'd like to share more, please email with the details and location or call us at 1-800-473-2825 ext. 5. We will get in touch with you from there. Thank you."
ChdDSUhNMG9nS0VJQ0FnSUM2NzdmVGxnRRAB,3.0,0,2026/07/26,2022/07/27,2,Google Maps,,"We appreciate your feedback, Samantha. If you'd like to share more regarding your review, please email with the details and location or call us at 1-800-473-2825 ext. 5. We're always happy to help. Thank you!"
ChZDSUhNMG9nS0VJQ0FnSUNHLUxISlp3EAE,5.0,0,2026/07/26,2022/07/27,2,Google Maps,,"Thank you for your review, Omar! We look forward to seeing you again next time!"
ChZDSUhNMG9nS0VJQ0FnSUNHa3NUbk5BEAE,4.0,0,2026/07/26,2022/07/27,2,Google Maps,👍🏻 …,Thank you for being our customer! We’re always happy to help you!
ChdDSUhNMG9nS0VJQ0FnSUNHaHVfSnpBRRAB,5.0,0,2026/07/26,2022/07/27,2,Google Maps,Always a great haircut and a Veterans discount.,"We appreciate you being our customer, and are glad you enjoyed your experience with us!"
ChdDSUhNMG9nS0VJQ0FnSUNHcF9HbjJnRRAB,2.0,0,2026/07/26,2022/07/27,2,Google Maps,"Poor service, bad communication plus they didn't use the notes from previous visits","We're sorry to read this, Juan. If you'd like, please email with the details and location or call us at 1-800-473-2825 ext 5 so we can best assist you and follow up with you. Thank you."
ChdDSUhNMG9nS0VJQ0FnSUNHOTdiMmhRRRAB,5.0,0,2026/07/26,2022/07/27,2,Google Maps,Noice!,"Thank you! We value your feedback, Scott!"
ChZDSUhNMG9nS0VJQ0FnSURHdEkyZmNREAE,3.0,0,2026/07/26,2022/07/27,2,Google Maps,,"We appreciate your feedback. If you'd like to share more regarding your review, please email with the details and location or call us at 1-800-473-2825 ext. 5. We're always happy to help. Thank you!"
ChdDSUhNMG9nS0VJQ0FnSUNLOVlfdjRBRRAB,1.0,1,2026/07/26,2022/07/27,2,Google Maps,It was not ok people here are random i dont really understand them you have keep telling them 6 or 7 times to them understand you some old Asian ladys did not cut my hair right.,"We appreciate your feedback. If you'd like to share more regarding your review, please email with the details and location or call us at 1-800-473-2825 ext. 5. We're always happy to help. Thank you!"
ChZDSUhNMG9nS0VJQ0FnSURHNGRhR1ZnEAE,2.0,0,2026/07/26,2022/07/27,2,Google Maps,"My first visit , messed up my hair, only one staff was working there Bd she was rushing to take as many as customers she can, the result was bad hair cut, never go again","We're sorry to hear this was your experience. If you'd like, please email with the details and location or call us at 1-800-473-2825 ext. 5. We will be happy to help you. Thank you."
ChZDSUhNMG9nS0VJQ0FnSUNteUtMNU13EAE,5.0,0,2026/07/26,2022/07/27,2,Google Maps,My daughter got a haircut here and I don’t remember the name of the woman who did it but she was absolutely great with my impatient 3 year old! Knew how to handle kids.,"Thank you! We value your feedback, Kacy!"
ChdDSUhNMG9nS0VJQ0FnSUNtb3Q2aHhnRRAB,1.0,0,2026/07/26,2022/07/27,2,Google Maps,"Worst experience at a hair salon for me, I would give a zero if I could. It showed 0 minute wait time at the check in and when I arrived at the salon, it was around 50 minutes wait time. Not wasting my time again","We're sorry to hear this. If you would like, please email with the details and location or call us at 1-800-473-2825 ext. 5 so we can best assist you and contact you. Thank you for reaching out to us."
ChZDSUhNMG9nS0VJQ0FnSUNtenRPV2Z3EAE,4.0,0,2026/07/26,2022/07/27,2,Google Maps,Would go back. Since I wasn't sure how to explain what I needed felt the cut was great! I have arthritis bad & needed a short cut. I have many collicks so need it cut a certain way so hair doesn't stick up all over.,Thank you for your review! We look forward to seeing you again next time!
ChdDSUhNMG9nS0VJQ0FnSUNtMGJyWDlBRRAB,5.0,0,2026/07/26,2022/07/27,2,Google Maps,Great Staff. They were very friendly and got the cut done in no time. I will definetely go there again.,Thank you for coming in! We look forward to your next visit!
ChdDSUhNMG9nS0VJQ0FnSURtX2NDRnJnRRAB,1.0,3,2026/07/26,2022/07/27,2,Google Maps,Well I checked in online reached there on time yet this guy with bad sense of humor cut other customers first who were behind in queue. He was a thin guy of asian ethnicity not sure what his name was and he was so unprofessional. Making stupid jokes of all kind he had hard time pronouncing my name and called me bahubali said this is easier to call. What a dumb thing to say. Well i liked there an elderly lady she does a nice cut but because of this gentleman I’m not going there again.,"We're sorry to read this. If you'd like, please email with the details and location or call us at 1-800-473-2825 ext. 5 so we can best assist you and follow up with you. Thank you."
ChdDSUhNMG9nS0VJQ0FnSUNXekxfMDhBRRAB,1.0,3,2026/07/26,2022/07/27,2,Google Maps,"Horrible customer service and every time you show up within the last hour they send you away. This is the second time I show up within the last hour before closing and they always say that they don’t have any more time, Even when there’s no one else in the store. If your store hours say you close at 6 o’clock then you should have customers until 6 o’clock if not then you should go ahead and cut your hours to 5 o’clock.","We're sorry to read this, Ellie. If you'd like, please email with the details and location or call us at 1-800-473-2825 ext. 5 so we can best assist you and follow up with you. Thank you."
ChZDSUhNMG9nS0VJQ0FnSUNXNnN1WlhBEAE,5.0,0,2026/07/26,2022/07/27,2,Google Maps,"Beautiful job and such kind service. We came 20 minutes before they closed and even though they were all cleaned up, their stylist, Kim, graciously cut my hair wonderfully and with such a kind and positive attitude. I highly recommend this location.",Thank you for coming in! We are always happy to help you!
ChdDSUhNMG9nS0VJQ0FnSURXdC1QOWhnRRAB,3.0,0,2026/07/26,2022/07/27,2,Google Maps,Ladies missed a couple hairs but besides that it was a decent haircut.,"We appreciate your feedback, Keith. If you'd like to share more regarding your review, please email with the details and location or call us at 1-800-473-2825 ext. 5. We're always happy to help. Thank you!"
ChdDSUhNMG9nS0VJQ0FnSUMycXRySXVnRRAB,2.0,11,2026/07/26,2022/07/27,2,Google Maps,Again I went at the shop yesterday.The man working there at this shop too fast. For the second time I had injury at my neck. Very bad experience,"We're sorry to read this. If you'd like, please email with the details and location or call us at 1-800-473-2825 ext. 5 so we can best assist you and follow up with you. Thank you, Tuhin."
ChdDSUhNMG9nS0VJQ0FnSUMyc2J2TWpRRRAB,5.0,0,2026/07/26,2022/07/27,2,Google Maps,,"Thanks for your rating, Henna!"
ChZDSUhNMG9nS0VJQ0FnSUMycWVXWEF3EAE,3.0,1,2026/07/26,2022/07/27,2,Google Maps,Haircut was decent and fast. But the guy was super rough with the clippers and kept putting his fingers in my face. And his fingernails were dirty.,"We appreciate your feedback. If you'd like to share more regarding your review, please email with the details and location or call us at 1-800-473-2825 ext. 5. We're always happy to help. Thank you, Christopher!"
ChZDSUhNMG9nS0VJQ0FnSUMycDZHWUl3EAE,1.0,1,2026/07/26,2022/07/27,2,Google Maps,"If you value customer service, and a proper even haircut. Do not go to this location!!!","We’re sorry to see this. If you would like, please email with the details and location or call us at 1-800-473-2825 ext. 5. We will be happy to help you. Thank you."
ChdDSUhNMG9nS0VJQ0FnSUQyb3B5U2tBRRAB,4.0,0,2026/07/26,2022/07/27,2,Google Maps,,Thank you for being our customer! We’re always happy to help you!
ChZDSUhNMG9nS0VJQ0FnSUQyeGRDbUNnEAE,1.0,0,2026/07/26,2022/07/27,2,Google Maps,"My bf went here earlier today, and they completely butchered his hair...we've never had issues with his haircuts before as he's gone there numerous times with a decent cut. Always got a fade with a 1 1/2 on the sides and kept the top longer. I don't know what happened today, but they shaved so high up his head there's just a patch of longer hair that wasn't trimmed or blended. Now we have to book an appointment for a professional hairstylist to try and salvage what hair he has left. Dont expect us to come back. Edit: We had to shave his head.","We're sorry to hear this was your experience. If you'd like, please email with the details and location. We will be happy to help you. Thank you."
ChdDSUhNMG9nS0VJQ0FnSUQybGQ2R3ZRRRAB,5.0,0,2026/07/26,2022/07/27,2,Google Maps,,Thank you for being our customer! We’re always happy to help you!
ChZDSUhNMG9nS0VJQ0FnSUQydV9uX0NREAE,1.0,3,2026/07/26,2022/07/27,2,Google Maps,"DO NOT GO!!! I was really disappointed with this location. The guy that cut my hair was nice and very chatty. But, the service was lacking. My hair wash dirty so I told them I needed a wash and I wanted a blow out. Well, be careful what ya ask for. He only shampooed my hair once. Did NOT condition it. So, naturally, it was tangled when he proceeded to brush it. He used no products, other than the one shampoo. I only wanted a trim off the bottom. He just cut straight across. No sectioning at all! Then, when he gave me the blow out I asked for, all he did was turn the hair dryer on high and high heat. He just ran the dryer all over my head. He burned the back of my neck as well as my ears. Then he turned the dryer off (my hair was still very damp) and said there ya go. Needless to say, I will NEVER go there again!!!! I wish I could give minus stars!","We're sorry to read this, Wendy. If you'd like, please email with the details and location or call us at 1-800-473-2825 ext. 5 so we can best assist you and follow up with you. Thank you."
ChZDSUhNMG9nS0VJQ0FnSUQyMTl2Yk1nEAE,1.0,0,2026/07/26,2022/07/27,2,Google Maps,"Worst experience ever, no use of doing online check-in And the Service is too bad","We're sorry to read this. If you'd like, please email with the details and location or call us at 1-800-473-2825 ext. 5 so we can best assist you and follow up with you. Thank you."
ChZDSUhNMG9nS0VJQ0FnSUNPNk9PY1JBEAE,5.0,0,2026/07/26,2022/07/27,2,Google Maps,"Got an undercut, turned out great! My favorite haircut so far",Thank you for being our customer! We’re always happy to help you!
ChZDSUhNMG9nS0VJQ0FnSUNPNmVfMGJnEAE,5.0,0,2026/07/26,2022/07/27,2,Google Maps,They always give me a nice cut.,
ChdDSUhNMG9nS0VJQ0FnSUNPOF9XXzJ3RRAB,1.0,0,2026/07/26,2022/07/27,2,Google Maps,"I had been coming here the last couple years, but lately it's really gone down hill. There are a couple people there that are really nice and good with haircuts, but a few other new people that are very rough and don't seem to know how to talk to people.","We're sorry to read this, Kevin. If you'd like, please email with the details and location or call us at 1-800-473-2825 ext. 5 so we can best assist you and follow up with you. Thank you."
ChZDSUhNMG9nS0VJQ0FnSURPNkxfMlZnEAE,2.0,0,2026/07/26,2022/07/27,2,Google Maps,"Absolutely awful. The woman said I had no account despite using this business for well over 15 years and had checked in early with my account via the app, refused to hear me when I said she was pulling up my father’s information and not mine, and I had to tell her that she was trimming the wrong sideburns when she tried to make them even. My haircut thankfully looks nice and that’s all that’s keeping me from putting one star. Never coming to this location again and sticking to the one I’ve been to in the past, wait times be damned.","We're sorry to hear this was your experience. If you'd like, please email with the details and location or call us at 1-800-473-2825 ext. 5. We will be happy to help you. Thank you."
ChdDSUhNMG9nS0VJQ0FnSURPOU1tbGlnRRAB,1.0,3,2026/07/26,2022/07/27,2,Google Maps,"I see reviews about the Asian guy since the last four months. I don't understand how your hiring works. I am surprised that guy isn't sued yet. I don't know how women get a haircut from him. He makes the worst comments on women, he is absolutely disrespectful and has the worst sense of humor. I am going to change locations just cuz it is unbearable to hear him talk. I know I will get an apology and an email address to write to or a number to call at. I think he has got enough one star and bad reviews. If you can't pull him up for his behavior there isn't much you can do for your business or your clients. Thank you. I have emailed on that address. Can't wait to hear back from the owner. People go to salons to look better which inturn makes them feel better. Definitely don't want to hear the stylist's life story about how all women have ruined his life and that women run away from him. Well, not surprised.","We're sorry to hear this was your experience. If you'd like, please email with the details and location. We will be happy to help you. Thank you."
ChZDSUhNMG9nS0VJQ0FnSUN1cVBtcUN3EAE,5.0,0,2026/07/26,2022/07/27,2,Google Maps,Christie did a fantastic job!! Thank you for the Great Clip!,Thank you for being our customer! We’re always happy to help you!
ChZDSUhNMG9nS0VJQ0FnSUN1X0tHWVlnEAE,4.0,0,2026/07/26,2022/07/27,2,Google Maps,Best hair cut and coloring center and kids and toddlers 0 to 5 type pattern cutting shaving facial available,Thank you! We’re always happy to help you and your family!
ChdDSUhNMG9nS0VJQ0FnSUN1NmFxY3BnRRAB,1.0,0,2026/07/26,2023/07/27,2,Google Maps,Staff was not willing to listen,"We're sorry to hear this was your experience. If you'd like, please email with the details and location. We will be happy to help you. Thank you."
ChdDSUhNMG9nS0VJQ0FnSUN1cGJyeDJBRRAB,5.0,1,2026/07/26,2023/07/27,2,Google Maps,I feel beautiful after a haircut.,Thank you for your review. We appreciate your feedback!
ChZDSUhNMG9nS0VJQ0FnSUR1aU12eWZ3EAE,1.0,2,2026/07/26,2023/07/27,2,Google Maps,Hair clipped so high up I look like Bert from Sesame Street. Don’t go here if you’re looking for a blended look. I’ve tried so many times with this place but finally giving up lol…,"We're sorry to hear this was your experience. If you'd like, please email with the details and location. We will be happy to help you. Thank you."
ChdDSUhNMG9nS0VJQ0FnSUR1MGRDOWxnRRAB,5.0,0,2026/07/26,2023/07/27,2,Google Maps,"""I'm not afraid of you-"" Those were the exact words of this highly disrespectful, overtly zealous, extremely rude older white male stranger, as if he wanted to invite me outside so we could have an altercation. I give five stars because the haircut from Kim was flawless, but this older white male who was either a customer or staff member was being extremely confrontational with me, as if he was testing me. I did absolutely nothing to provoke him or challenge his ego. I went there for a haircut, not to be challenged. I did not come there to fight, argue, or mess with strange white men. I did not come there to invite trouble. I simply wanted a haircut, and thanks to Kim, she did a flawless job, as always, and I'm grateful. It's a shame I had to de - escalate an uninvited, unprovoked confrontation that could have ended very badly. I don't know what I said or did to ruffle this man's feathers. I hope I never encounter him again.",
ChZDSUhNMG9nS0VJQ0FnSUNlM3RucFdnEAE,5.0,0,2026/07/26,2023/07/27,2,Google Maps,I was the last appointment of the day which caused my haircut to go a bit past closing (completely my fault) both ladies were VERY nice and I never felt rushed. I left with exactly the cut I wanted!,Thank you! We appreciate your feedback!
ChdDSUhNMG9nS0VJQ0FnSUMtbnZEX2d3RRAB,5.0,0,2026/07/26,2023/07/27,2,Google Maps,,Thank you for your review. We appreciate your feedback!
ChdDSUhNMG9nS0VJQ0FnSUNCZ1lqU3lBRRAB,5.0,0,2026/07/26,2023/07/27,2,Google Maps,,Thank you for being our customer! We’re always happy to help you!
ChdDSUhNMG9nS0VJQ0FnSUNCdzc2VWdRRRAB,5.0,0,2026/07/26,2023/07/27,2,Google Maps,,We appreciate you being our customer and are glad you enjoyed your experience!
ChZDSUhNMG9nS0VJQ0FnSUNCLTQ3T0xBEAE,5.0,0,2026/07/26,2023/07/27,2,Google Maps,Haircut,"Thank you for coming in! We are always happy to help you, Alberto!"
ChZDSUhNMG9nS0VJQ0FnSURCMU9LUlN3EAE,4.0,0,2026/07/26,2023/07/27,2,Google Maps,,"Thank you for your feedback, Jorge!"
ChZDSUhNMG9nS0VJQ0FnSURCd3NXcE93EAE,1.0,0,2026/07/26,2023/07/27,2,Google Maps,"Hi, Today i went for Beard trimming and I am very upset with one Chinese lady with her behavior and also what she did to me and I think except Monu from this Place , no body will do good here .","We're sorry to read this. If you'd like, please email with the details and location or call us at 1-800-473-2825 ext. 5 so we can best assist you and follow up with you. Thank you."
ChdDSUhNMG9nS0VJQ0FnSURCdTVHaTNnRRAB,1.0,0,2026/07/26,2023/07/27,2,Google Maps,"I had a great experience last year with a younger woman, but she was busy this time. The older female stylist I got instead, as well as a male stylist made fun of me while I was here. There was no effort to do what I asked and they were dismissive. She only looked at the photo for two seconds and didn't ask any questions or look at it again. It turned out nothing like what I wanted. I wish they had put more effort into making sure they were doing what I wanted, like the woman last year did. It sucks that I'll look bad for a while as a result of her not listening or caring, but it'll grow back I guess. However, making fun of me crosses the line. As I was leaving, the staff were laughing at me for my appearance. I loved the woman I saw last year, but everyone else here is awful. Would not recommend. I have social anxiety and it's hard for me to get myself to come to salons so this almost had me in tears. I really wish the younger woman from last year had been available, as she was kind and patient and very attentive.","We’re sorry to see this. If you would like, please email with the details and location or call us at 1-800-473-2825 ext. 5. We will be happy to help you. Thank you, Jennifer."
ChZDSUhNMG9nS0VJQ0FnSUNobUpESGVnEAE,5.0,0,2026/07/26,2023/07/27,2,Google Maps,,"Thanks for your rating, Kavin!"
ChdDSUhNMG9nS0VJQ0FnSUNoOHI2YWpRRRAB,5.0,0,2026/07/26,2023/07/27,2,Google Maps,,"Thank you for your review, Karen!"
ChdDSUhNMG9nS0VJQ0FnSUNoOHFXNHZBRRAB,5.0,0,2026/07/26,2023/07/27,2,Google Maps,Great haircut and very friendly staff.,"We love to hear this, Mark! Thank you!"
ChdDSUhNMG9nS0VJQ0FnSUNoOTR2UjFnRRAB,1.0,0,2026/07/26,2023/07/27,2,Google Maps,"I had a haircut yesterday in Techridge Branch.. Christie was my Stylist, she dont even listen what I was asking for .. she reduced my have hair to .5 in one side and other side it is 2 points.. When i tried to point it out she got angry and tried to provoke thats not her mistake.. also she used the machine in a hurry which hurts me .. BETTER dont schedule an appointment after 6 pm .. also dont use Techridge Branch","We're sorry to see your rating. If you'd like to share more, please email with the details and location or call us at 1-800-473-2825 ext. 5. We will get in touch with you from there. Thank you, Jeeva."
ChdDSUhNMG9nS0VJQ0FnSURoaUl6bjlRRRAB,1.0,1,2026/07/26,2023/07/27,2,Google Maps,"Ladies here does not listen to what you want, had the worst hair cut of my life :(","We're sorry to hear this was your experience. If you'd like, please email with the details and location. We will be happy to help you. Thank you."
ChdDSUhNMG9nS0VJQ0FnSURScW95UnlBRRAB,1.0,0,2026/07/26,2023/07/27,2,Google Maps,"This is the definitely the worst great clips location. I came here to trim my hair and she barely spent less than 1 min to cut my hair. The old lady was extremely rude and didn't even wash my hair properly. Literally all the water ended up on my face and she didn't even bother giving me a towel to wipe it down. She didn't even wrap my hair after washing it and all the water was dripping on my back Never have I ever had my haircut done in less than 1 minute. Despite asking her to trim in other places, she didn't do it. What a waste of money and time!!","We're sorry to read this. If you'd like, please email with the details and location or call us at 1-800-473-2825 ext. 5 so we can best assist you and follow up with you. Thank you, Priyanka."
ChdDSUhNMG9nS0VJQ0FnSURSNnFpVnFnRRAB,1.0,0,2026/07/26,2023/07/27,2,Google Maps,,"We're sorry to see your rating. If you'd like to share more, please email with the details and location or call us at 1-800-473-2825 ext. 5. We will get in touch with you from there. Thank you, Nikhil."
ChdDSUhNMG9nS0VJQ0FnSURSMTd2R3RnRRAB,5.0,0,2026/07/26,2023/07/27,2,Google Maps,,We appreciate you being our customer and are glad you enjoyed your experience!
ChdDSUhNMG9nS0VJQ0FnSURSdC03a3BnRRAB,5.0,0,2026/07/26,2023/07/27,2,Google Maps,Cheap and best with frequent coupons,Thank you for being our customer! We’re always happy to help you!
ChdDSUhNMG9nS0VJQ0FnSUN4c2NpTTJRRRAB,1.0,0,2026/07/26,2023/07/27,2,Google Maps,The older Asian woman working did not clean her station before trying to cut my hair which is disgusting. She rushed so she could steal me as a client from the younger woman working which is just lame. Awful hair stylist.,"We're sorry to hear this was your experience. If you'd like, please email with the details and location or call us at 1-800-473-2825 ext. 5. We will be happy to help you. Thank you, Mauricio."
ChZDSUhNMG9nS0VJQ0FnSUN4eFppQUlBEAE,1.0,1,2026/07/26,2023/07/27,2,Google Maps,Horrible service. Hairdresser was rushing through even though there was no one else that was waiting. Wouldn't recommend this place.,"We're sorry to hear this was your experience. If you'd like, please email with the details and location. We will be happy to help you. Thank you."
ChZDSUhNMG9nS0VJQ0FnSUNKd0xQRUlnEAE,5.0,0,2026/07/26,2023/07/27,2,Google Maps,,Thank you for being our customer! We’re always happy to help you!
ChdDSUhNMG9nS0VJQ0FnSUNKbzRlenh3RRAB,1.0,0,2026/07/26,2023/07/27,2,Google Maps,The lady that cut my hair seemed like she was either mad or rushed even though I was the only customer.,"We're sorry to hear this was your experience. If you'd like, please email with the details and location. We will be happy to help you. Thank you."
ChZDSUhNMG9nS0VJQ0FnSURKaUxhTGZREAE,5.0,0,2026/07/26,2023/07/27,2,Google Maps,,We appreciate you being our customer and are glad you enjoyed your experience!
ChZDSUhNMG9nS0VJQ0FnSURKaE9IMlpnEAE,5.0,0,2026/07/26,2023/07/27,2,Google Maps,"Got a great haircut, though the cost has risen by $2. Inflation is everywhere.",We appreciate you being our customer!
ChdDSUhNMG9nS0VJQ0FnSURKb3B2ZHFRRRAB,1.0,0,2026/07/26,2023/07/27,2,Google Maps,Had a very bad experience. I already reached out to customer service and raised a complaint after which they said the store owner would reach out to me but have not received any email or call from the store till date (it has been over 5 days).,"We're sorry to hear this was your experience. If you'd like, please email with the details and location. We will be happy to help you. Thank you."
ChZDSUhNMG9nS0VJQ0FnSUNCdDlhd1hBEAE,1.0,0,2026/07/26,2023/07/27,2,Google Maps,Kristie does a great fade job. Edited: Old Asian lady has a lot of negative reviews and should be avoided for fades!! Doesn’t follow requests.,Thank you for being our customer! We’re always happy to help you!
ChZDSUhNMG9nS0VJQ0FnSURKLWRUZEZnEAE,3.0,0,2026/07/26,2023/07/27,2,Google Maps,,"We appreciate your feedback. If you'd like to share more regarding your review, please email with the details and location or call us at 1-800-473-2825 ext. 5. We're always happy to help. Thank you!"
ChdDSUhNMG9nS0VJQ0FnSUNwc3VxWF9RRRAB,4.0,0,2026/07/26,2024/07/26,2,Google Maps,,Thank you for being our customer! We’re always happy to help you!
ChdDSUhNMG9nS0VJQ0FnSUNweTdiNTN3RRAB,5.0,0,2026/07/26,2024/07/26,2,Google Maps,,Thank you for your review. We appreciate your feedback!
ChdDSUhNMG9nS0VJQ0FnSUNwNThTZjl3RRAB,2.0,0,2026/07/26,2024/07/26,2,Google Maps,Bad haircut,"We're sorry to hear this was your experience. If you'd like, please email with the details and location. We will be happy to help you. Thank you."
ChZDSUhNMG9nS0VJQ0FnSURwZ1BXQmFREAE,2.0,0,2026/07/26,2024/07/26,2,Google Maps,Not recommended. They don't give personal attention to customers. My haircut was not aligned properly. And they were worried about next persons in line and closing timings.,"We appreciate your feedback. If you'd like to share more regarding your review, please email with the details and location. We're always happy to help. Thank you!"
ChdDSUhNMG9nS0VJQ0FnSURwN2ZMTjJnRRAB,4.0,0,2026/07/26,2024/07/26,2,Google Maps,Quick and professional,Thank you for being our customer! We’re always happy to help you!
ChZDSUhNMG9nS0VJQ0FnSURabU9TNFlnEAE,1.0,0,2026/07/26,2024/07/26,2,Google Maps,KIM gives the worst haircut. She does not listen to client requests and forced me to get an undercut when it is not what I asked for. Don't go here,"We're sorry to hear this was your experience. If you'd like, please email with the details and location. We will be happy to help you. Thank you."
ChdDSUhNMG9nS0VJQ0FnSURaM3ZTMWhBRRAB,2.0,0,2026/07/26,2024/07/26,2,Google Maps,,"We're sorry to see your rating. If you'd like to share more, please email with the details and location. We will get in touch with you from there. Thank you."
ChZDSUhNMG9nS0VJQ0FnSUQ1cXY3WENnEAE,1.0,0,2026/07/26,2024/07/26,2,Google Maps,"Terrible place. Haircuts are very inconsistent, and the last few have been some of the worst in my life. Staff is rude and argumentative. Desperately looking for a new regular spot…..","We're sorry to hear this was your experience. If you'd like, please email with the details and location. We will be happy to help you, Jason. Thank you."
ChZDSUhNMG9nS0VJQ0FnSUNGeGViOVVREAE,1.0,0,2026/07/26,2024/07/26,2,Google Maps,A lawn mower can cut your hair better than the stylists here.,"We're sorry to hear this was your experience. If you'd like, please email with the details and location. We will be happy to help you. Thank you."
ChdDSUhNMG9nS0VJQ0FnSURGME9MZjVnRRAB,5.0,0,2026/07/26,2024/07/26,2,Google Maps,,"Thank you for being our customer! We’re always happy to help you, Kushal!"
ChZDSUhNMG9nS0VJQ0FnSURGNm96WmVREAE,1.0,1,2026/07/26,2024/07/26,2,Google Maps,"Do not go here. You’re better off asking a 5 year old to cut your hair. Completely unskilled, rude and disrespectful ‘stylist’.","We're sorry to read this. If you'd like, please email with the details and location or call us at 1-800-473-2825 ext. 5 so we can best assist you and follow up with you. Thank you, Shaan."
ChZDSUhNMG9nS0VJQ0FnSUNsN29DSE93EAE,1.0,0,2026/07/26,2024/07/26,2,Google Maps,"I'm rating this based off of everyone else's responses. Apparently, this is not the place to go for a haircut, trim, wash or anything. I was going to schedule an appointment online for my son until I seen all of these reviews. Not to mention a photo of a woman who's hair was massacred. I can understand a few negative reviews, however almost the entire section??? If I were the owner, I'd definitely be looking out for better talent and people who actually have customer service skills. I don't have to step foot into this location to know that it probably isn't a good idea based off of all these reviews. I could be wrong, however I'm sure the customer is always right correct?","We're sorry to hear this was your experience. If you'd like, please email with the details and location. We will be happy to help you. Thank you."
ChdDSUhNMG9nS0VJQ0FnSUNsX3NfQzNnRRAB,4.0,0,2026/07/26,2024/07/26,2,Google Maps,,We appreciate you being our customer!
ChZDSUhNMG9nS0VJQ0FnSUNsMGR5TWJBEAE,1.0,0,2026/07/26,2024/07/26,2,Google Maps,Way faster and very harsh....!! Not a pleasant experience,"We're sorry to hear this was your experience. If you'd like, please email with the details and location. We will be happy to help you. Thank you."
ChZDSUhNMG9nS0VJQ0FnSUNsdy16bVpREAE,1.0,0,2026/07/26,2024/07/26,2,Google Maps,"Unfortunately, one of the worse cuts I got in a while (army or my daughter could have done better). On Black Friday, staff were overwhelmed and seemed distracted. Lady just grabbed that trimmer and went experimentally short on my hair… 🥹 …","We're sorry to hear this was your experience. If you'd like, please email with the details and location. We will be happy to help you. Thank you."
ChdDSUhNMG9nS0VJQ0FnSURsbWZIVm1RRRAB,5.0,0,2026/07/26,2024/07/26,2,Google Maps,"I wanted to take a moment to express my appreciation for the incredible work of my hair stylist. Christie is not just a hair artist but a true magician! Her talent and skill are evident in every cut and style she creates. I recently had the pleasure of experiencing her expertise, and I am beyond thrilled with the results. Her attention to detail, precision, and friendly demeanor made the entire experience enjoyable. I can't thank Christie enough for making me look and feel fabulous. She is truly a gem, and I look forward to my next visit to her chair!","Thank you for coming in! We look forward to your next visit, Raja!"
ChdDSUhNMG9nS0VJQ0FnSUNWNGItLV93RRAB,1.0,0,2026/07/26,2024/07/26,2,Google Maps,Very bad haircut. Gave my kid a bald spot and she wanted to tell me he got here like that.,"We're sorry to hear this was your experience. If you'd like, please email with the details and location. We will be happy to help you. Thank you."
ChZDSUhNMG9nS0VJQ0FnSURWeE1ES1d3EAE,1.0,0,2026/07/26,2024/07/26,2,Google Maps,Worst haircut of my life. The hairstylist commented the entire time how much she hated cutting my hair because she didn’t think I should cut it and her nails were so long a scratched up my forehead. Do not recommend this salon.,"We're sorry to hear this was your experience. If you'd like, please email with the details and location. We will be happy to help you. Thank you."
ChZDSUhNMG9nS0VJQ0FnSUMxNlBHQlV3EAE,1.0,0,2026/07/26,2024/07/26,2,Google Maps,Just had the absolute worst experience getting a haircut ever. Worker on speaker phone with a manger screaming about refunding a payment. Worker who cut my hair just chopped off side burns without asking. No regard for customers or taking the time to give a decent cut. Just trying to get people in and out. Horrible business model,"We're sorry to hear this was your experience. If you'd like, please email with the details and location. We will be happy to help you. Thank you."
ChZDSUhNMG9nS0VJQ0FnSUMxbk0zZldBEAE,1.0,0,2026/07/26,2024/07/26,2,Google Maps,I like to give places second chances but honestly done with Great Clips. Three times at different locations I run into the same problem of having someone cut my hair who can't understand what I'm telling them at all. This visit to this location she cut a part of my hair so short it doesn't even match up to the rest. I can't even understand what she was even thinking. When I describe something multiple times and their English isn't good enough to comprehend then that doesn't make for a good combination.,"We're sorry to hear this was your experience. If you'd like, please email with the details and location. We will be happy to help you. Thank you."
ChZDSUhNMG9nS0VJQ0FnSUMxc3RlYVB3EAE,5.0,0,2026/07/26,2024/07/26,2,Google Maps,The man who cut my mother's hair was really nice and funny. Thank you for a lovely experience 💕 …,Thank you! We’re always happy to help you and your family!
ChdDSUhNMG9nS0VJQ0FnSUNOLVlTdG93RRAB,1.0,0,2026/07/26,2024/07/26,2,Google Maps,Worst haircut ever. I asked for long layers and face framing and it’s so ridiculously choppy. My hair is cut diagonally and looks insane. She never told me to look down to cut it in the back or how I even part it. Very sketchy. I’m going to have to go to another salon to fix it. Don’t go!!,"We're sorry to hear this was your experience. If you'd like, please email with the details and location. We will be happy to help you. Thank you."
ChZDSUhNMG9nS0VJQ0FnSUROLUkyYVhBEAE,1.0,0,2026/07/26,2024/07/26,2,Google Maps,"This is my first time in Great Clips and they did not do my bread better, they made it worst and now I don’t know how to fix it. I am done with Great clips never going back,","We're sorry to hear this was your experience. If you'd like, please email with the details and location. We will be happy to help you. Thank you."
ChZDSUhNMG9nS0VJQ0FnSUR0X3NtMElREAE,4.0,0,2026/07/26,2024/07/26,2,Google Maps,"Anna was warm, friendly, and empathic and did a great job on my hair. !! —However mean hairdresser across the room from us ruined the atmosphere by yelling and cussing at us for unknown reasons. I am currently in the process of making a complaint to the franchise owners. Meanwhile, the whole Great Clips experience was warm and affordable. Thank you!! :)","We appreciate you being our customer, and are glad you enjoyed your experience with us!"
ChdDSUhNMG9nS0VJQ0FnSUNka1ByaHRnRRAB,1.0,0,2026/07/26,2024/07/26,2,Google Maps,Still bait and switch; Got response from owner who didn’t identify him/her self. I already contacted customer service via email and was told they basically it’s up to the owner as it’s franchised. Bait and switch. The FB page for Great Clips is a scam. The people at this location were completely unhelpful. They choose to be horrible and dishonest with their coupon.,"We're sorry to hear this was your experience. If you'd like, please email with the details and location. We will be happy to help you. Thank you."
ChZDSUhNMG9nS0VJQ0FnSUM5NFplT1l3EAE,1.0,0,2026/07/26,2024/07/26,2,Google Maps,Friendly staff at least. But haircut wasn’t worth the $8 I paid for it with my coupon. Wasn’t blended. I would post my picture but I’d be too embarrassed to put it on here.,"We're sorry to hear this was your experience. If you'd like, please email with the details and location. We will be happy to help you. Thank you."
ChZDSUhNMG9nS0VJQ0FnSUM5OWNxSk9REAE,5.0,0,2026/07/26,2024/07/26,2,Google Maps,"I didn't have time to use the sign in app, but it still wasn't a long wait. The hairdresser did a good job in a short amount of time. 😃 …","We appreciate you being our customer, and are glad you enjoyed your experience with us, Lee!"
ChZDSUhNMG9nS0VJQ0FnSUM5bllEVkVnEAE,5.0,0,2026/07/26,2024/07/26,2,Google Maps,Great job! It is hard to find someone who can cut a kids hair and show so much patience! Thanks.,"We appreciate you being our customer, and are glad you enjoyed your experience with us, Jay!"
ChdDSUhNMG9nS0VJQ0FnSUM5ZzlMajdBRRAB,2.0,0,2026/07/26,2024/07/26,2,Google Maps,"My first cut at this shop was so fast the guy next to me was in his chair before I walked in the door, and was still there when I was ""done"". Could have been better.","We're sorry to hear this. If you would like, please email with the details and location so we can best assist you and contact you, Steven. Thank you for reaching out to us."
ChZDSUhNMG9nS0VJQ0FnSUM5dzhfWWNREAE,5.0,0,2026/07/26,2024/07/26,2,Google Maps,Jackie is a very good hairstylist.i was impressed.thanks,Thank you for being our customer! We’re always happy to help you!
ChdDSUhNMG9nS0VJQ0FnSUNEeUpLUG9nRRAB,2.0,0,2026/07/26,2024/07/26,2,Google Maps,A bit rushed. Shorter than I asked for.,"We're sorry to hear this was your experience. If you'd like, please email with the details and location. We will be happy to help you. Thank you."
ChdDSUhNMG9nS0VJQ0FnSUNEcUxhSDRRRRAB,1.0,0,2026/07/26,2024/07/26,2,Google Maps,Will never be there .custmer service is too bad .no one there want work .if is there 0 rating I will give it .just the laddy saw me she sed will not take custmers anymore .,"We're sorry to hear this was your experience. If you'd like, please email with the details and location. We will be happy to help you. Thank you."
ChZDSUhNMG9nS0VJQ0FnSURqaXJQOWVREAE,5.0,0,2026/07/26,2024/07/26,2,Google Maps,Got my first perm in nearly 20 years. So happy with the result.,Thank you for being our customer! We’re always happy to help you!
ChdDSUhNMG9nS0VJQ0FnSURqbXJ5WmpnRRAB,1.0,0,2026/07/26,2024/07/26,2,Google Maps,Not a good experience. They just rush you into hair cut and not cut evenly. Wouldn’t recommend this place,"We're sorry to hear this was your experience. If you'd like, please email with the details and location. We will be happy to help you. Thank you."
ChZDSUhNMG9nS0VJQ0FnSURqalo2SmJREAE,5.0,0,2026/07/26,2024/07/26,2,Google Maps,Great staff and the online check is very convenient. Sundays are always busy.,Thank you for being our customer! We’re always happy to help you!
ChdDSUhNMG9nS0VJQ0FnSURqejRqSWlRRRAB,1.0,0,2026/07/26,2024/07/26,2,Google Maps,It was the worst haircut experience ever. The barber was ready to listen to what style I want. The staff was very rude. Will not visit this location again ever.,"We're sorry to hear this was your experience. If you'd like, please email with the details and location. We will be happy to help you. Thank you."
ChdDSUhNMG9nS0VJQ0FnSUNUN2VfU213RRAB,5.0,0,2026/07/26,2024/07/26,2,Google Maps,Anna is very good Stylist at this location.She did a fabulous job today . I am glad to refer her to other friends . Sam kaushik,Thank you for being our customer!
ChdDSUhNMG9nS0VJQ0FnSUR6N2VlT2tRRRAB,1.0,0,2026/07/26,2024/07/26,2,Google Maps,,"We're sorry to see your rating. If you'd like to share more, please email with the details and location. We will get in touch with you from there. Thank you."
ChZDSUhNMG9nS0VJQ0FnSUNMeE1pclNBEAE,3.0,0,2026/07/26,2024/07/26,2,Google Maps,,"We appreciate your feedback. If you'd like to share more regarding your review, please email with the details and location. We're always happy to help. Thank you!"
ChdDSUhNMG9nS0VJQ0FnSUNMazdLRjNnRRAB,4.0,0,2026/07/26,2024/07/26,2,Google Maps,,"We appreciate you being our customer, and are glad you enjoyed your experience with us, Nada!"
ChdDSUhNMG9nS0VJQ0FnSURtc2N1dDRRRRAB,5.0,0,2026/07/26,2024/07/26,2,Google Maps,Amazing service 👏 !! The staff is really nice and courteous.,Thank you for being our customer! We appreciate your feedback!
ChdDSUhNMG9nS0VJQ0FnSUNyektEVm1RRRAB,4.0,0,2026/07/26,2024/07/26,2,Google Maps,Not always the best butttt this last visit was awesome! I don’t know his name but the man that works there is great!,Great Clips stylists love getting to know you and your hair.
ChdDSUhNMG9nS0VJQ0FnSUNydlBhaTN3RRAB,5.0,0,2026/07/26,2024/07/26,2,Google Maps,,We appreciate you being our customer!
ChdDSUhNMG9nS0VJQ0FnSUNydGFTNHpRRRAB,1.0,0,2026/07/26,2024/07/26,2,Google Maps,Bad haircut. Don't get the Asian lady. She didn't understand my directions or didn't care. Done with that place.,"We're sorry to hear this was your experience. If you'd like, please email with the details and location. We will be happy to help you. Thank you."
ChdDSUhNMG9nS0VJQ0FnSUNiNlpMeWpRRRAB,5.0,0,2026/07/26,2025/07/26,2,Google Maps,"Specifically, 5 stars for Christie. She'll analyze the shape of your skull and make tweaks to give a good cut.",We appreciate you being our customer and are glad you enjoyed your experience!
ChdDSUhNMG9nS0VJQ0FnSURib3ZHRjNBRRAB,5.0,0,2026/07/26,2025/07/26,2,Google Maps,,"Thank you for being our customer! We’re always happy to help you, John!"
ChZDSUhNMG9nS0VJQ0FnSURiNjh6NkpnEAE,5.0,0,2026/07/26,2025/07/26,2,Google Maps,,"Thank you for being our customer! We’re always happy to help you, Harrison!"
ChZDSUhNMG9nS0VJQ0FnSUQ3ajVDOURnEAE,4.0,0,2026/07/26,2025/07/26,2,Google Maps,,We appreciate you being our customer!
ChZDSUhNMG9nS0VJQ0FnSUNIcVBld2VBEAE,4.0,0,2026/07/26,2025/07/26,2,Google Maps,"I shaved my hair here, the employees are polite, the interior is clean and more affordable than other places, the price-performance ratio is good but don't expect wonders, having a mobile application is also a plus.","We appreciate you being our customer, and are glad you enjoyed your experience with us, Isa!"
ChdDSUhNMG9nS0VJQ0FnSUNId2RYdDR3RRAB,5.0,0,2026/07/26,2025/07/26,2,Google Maps,"Good friendly staff, the lady was very cordial and accommodating my request for haircut.",Thank you for being our customer!
ChdDSUhNMG9nS0VJQ0FnSURIZ3YyendnRRAB,1.0,0,2026/07/26,2025/07/26,2,Google Maps,Worst costumer service ever never thought a so called manager would talk back to their costumers and say their wrong and their right that’s unprofessional behavior I recommend who ever reads this find a different place to get your hair done,"We're sorry to read this, Victor. If you'd like, please email with the details and location so we can best assist you and follow up with you. Thank you."
ChZDSUhNMG9nS0VJQ0FnSURuODR1d0ZREAE,1.0,0,2026/07/26,2025/07/26,2,Google Maps,,"We're sorry to see your rating Apurv. If you'd like to share more, please email with the details and location. We will get in touch with you from there. Thank you."
ChdDSUhNMG9nS0VJQ0FnSUNYdF9UUjRnRRAB,1.0,0,2026/07/26,2025/07/26,2,Google Maps,,"We're sorry to see your rating. If you'd like to share more, please email with the details and location. We will get in touch with you from there. Thank you."
ChZDSUhNMG9nS0VJQ0FnSUMzaTZtUlZnEAE,5.0,0,2026/07/26,2025/07/26,2,Google Maps,"Kim & Christie over there, the 2 of few hairstylists at Great Clips Tech Ridge, worked hard to ensure my haircut is just the way I'd like it each and every time. They're also very courteous and respectful with their work and haircut.",Thank you for being our customer!
ChdDSUhNMG9nS0VJQ0FnSUQzbEpuaWdnRRAB,1.0,0,2026/07/26,2025/07/26,2,Google Maps,,"We're sorry to see your rating. If you'd like to share more, please email with the details and location. We will get in touch with you from there. Thank you."
ChZDSUhNMG9nS0VJQ0FnSUNQMUtfU1pREAE,5.0,0,2026/07/26,2025/07/26,2,Google Maps,Great service at a good price.,Thank you for being our customer!
ChZDSUhNMG9nS0VJQ0FnSURQeklqYk93EAE,1.0,0,2026/07/26,2025/07/26,2,Google Maps,Asked for a simple “1 inch off scissors only” didn’t use scissors only and took about 3 inches off. Worst haircut I’ve ever had and I do not demand a lot during my haircuts literally Just trims and I can’t even get that done right,"We're sorry to read this. If you'd like, please email with the details and location so we can best assist you and follow up with you. Thank you, Trevor."
ChdDSUhNMG9nS0VJQ0FnSURQM2VtaGlnRRAB,5.0,0,2026/07/26,2025/07/26,2,Google Maps,Staff was very friendly and welcoming. Go see Cindy! She will leave your hair cut on point!💇🏻,We appreciate you being our customer!
ChdDSUhNMG9nS0VJQ0FnSUN2a0xTSWhRRRAB,5.0,0,2026/07/26,2025/07/26,2,Google Maps,"They’re great. I can see the wait time on the website, get in line before i leave the house and then arrive as my number comes up and never wait more than a minute or two.","Thank you for being our customer! We’re always happy to help you, Riley!"
ChdDSUhNMG9nS0VJQ0FnSUN2Z19MNHJ3RRAB,5.0,0,2026/07/26,2025/07/26,2,Google Maps,Christie is great! I’ll be asking her to cut my hair for my wedding!,We appreciate you being our customer!
ChRDSUhNMG9nS0VJQ0FnSUR2aHYwaRAB,1.0,0,2026/07/26,2025/07/26,2,Google Maps,They closed 10 minutes before their time and had locked the door by 6:51 pm where as they close by 7pm.,"We're sorry to hear this Somesh. If you would like, please email with the details and location so we can best assist you and contact you. Thank you for reaching out to us."
ChZDSUhNMG9nS0VJQ0FnSUNmdWFEdlpnEAE,5.0,0,2026/07/26,2025/07/26,2,Google Maps,"Puja, the hairstylist, did an amazing job cutting my hair exactly how I wanted. I highly recommend her, as she delivers great results every single time!",Thank you for being our customer! We’re always happy to help you!
ChdDSUhNMG9nS0VJQ0FnSURfLXZfM2dnRRAB,1.0,0,2026/07/26,2025/07/26,2,Google Maps,"I told my elderly parents to go to this place. When my parents got there, the lady that did my mom‘s hair was so rude unprofessional and she kept pulling my hair with her comb. When my mom try to defend herself, she just kept ignoring my mom. I will definitely not recommend this place since they don’t even know how to cut hair. My mom hair is not what she wanted at the end. My mom is so nice. She tried to give her tip. She didn’t even wanna take the tip. I think that’s very rude and unprofessional. Please do not go to this place .","We’re sorry to see this Brenda. If you would like, please email with the details and location we will be happy to help you. Thank you."
ChdDSUhNMG9nS0VJQ0FnTURBbU1xZnRnRRAB,4.0,0,2026/07/26,2025/07/26,2,Google Maps,I'm not very happy I want last week.Cause you guys have a coupon 899. I want there to go get my haircut. And they could not take the coupon would not work on their computer. I have been going to great cluster for over 10 years when I used to be in Florida. I used to go there too. I'm not very happy with the service right now.,Thank you for the great review of your salon experience. We look forward to your next visit.
ChZDSUhNMG9nS0VJQ0FnTUNncWVmb2N3EAE,5.0,0,2026/07/26,2025/07/26,2,Google Maps,Was good,Thank you for leaving a review. We’re happy to have you as a customer and are glad you enjoyed your haircut!
ChZDSUhNMG9nS0VJQ0FnTUNRb0lDTmZREAE,1.0,0,2026/07/26,2025/07/26,2,Google Maps,Horrible experience with my daughter. A vietnamese lady yanked her hair as she was brushing it. My daughter was almost in tears. Please don't take your children there!,"Hi Julieth, thank you for your feedback. We're concerned to hear about your daughter's experience and the discomfort she faced during her visit. Please reach out to us at so we can see if there's a way we can make things right."
ChZDSUhNMG9nS0VJQ0FnTUNRekoyUkFREAE,4.0,0,2026/07/26,2025/07/26,2,Google Maps,Quick and easy. We showed up with no reservation and we’re done and out within 15 minutes or so.,We’re happy we could help you look and feel great! Thank you for your review.
ChZDSUhNMG9nS0VJQ0FnTUN3NTVXN0NBEAE,1.0,0,2026/07/26,2025/07/26,2,Google Maps,"Went for a haircut. Kim, my hairstylist, was very rude. She made a mistake but did not accept it till the end. My spouse was standing near me, and she shouted on her to go to a corner. Not sure of the other stylists, but they seemed friendly.","Hi Anurag, thank you for sharing your experience with us. We're sorry to hear about your recent visit and the issues you encountered. Please reach out to so we can see if there's a way we can make things right."
ChdDSUhNMG9nS0VJQ0FnTURJelBlcWd3RRAB,1.0,0,2026/07/26,2025/07/26,2,Google Maps,She spoiled entire style,"Hi Shaker, thank you for your review. We're sorry to hear about your experience and would like to understand more about what happened. Please reach out to so we can see if there's a way we can make things right."
ChdDSUhNMG9nS0VJQ0FnTURJbm9Ub3J3RRAB,5.0,0,2026/07/26,2025/07/26,2,Google Maps,Got a good discount. Good people,We’re glad to hear that you love your haircut! We appreciate your feedback and the chance to help you look and feel great.
ChZDSUhNMG9nS0VJQ0FnTUNJc3JIbWJ3EAE,5.0,0,2026/07/26,2025/07/26,2,Google Maps,Great haircut.,Thank you for your review. We appreciate you being our customer and are glad you enjoyed your experience!
ChdDSUhNMG9nS0VJQ0FnTURvb1BmV2dnRRAB,5.0,0,2026/07/26,2025/07/26,2,Google Maps,,Thank you for your review! Your haircut details are saved in our Clip Notes® and we’ll make sure you get the same great look during future salon visits.
ChZDSUhNMG9nS0VJQ0FnTUNZX01LV0lBEAE,4.0,0,2026/07/26,2025/07/26,2,Google Maps,,Thank you for your review. We’re glad we could get you the look you love for less!
ChZDSUhNMG9nS0VJQ0FnTUNZZ1p1RGVnEAE,5.0,0,2026/07/26,2025/07/26,2,Google Maps,Great people work there.,"Thank you, Reynaldo, for your kind words and for giving us a 5-star rating! We're thrilled to hear that you had a positive experience with our team. We look forward to welcoming you back to Great Clips soon!"
ChZDSUhNMG9nS0VJQ0FnTUNZeGMycE9nEAE,1.0,0,2026/07/26,2025/07/26,2,Google Maps,,"Thank you for sharing your feedback with us. We’re sorry to hear that your experience didn’t meet your expectations. We’re committed to providing great experiences and input like yours helps us get there. If you’d like, please reach out to us directly at so we can understand more about what happened and see if there’s a way we can make things right."
ChdDSUhNMG9nS0VQT1Q3NGZScG9TaThBRRAB,5.0,0,2026/07/26,2025/07/26,2,Google Maps,Good hair stylist,"Thank you, Santu, for your review! We're thrilled to hear that you had a positive experience with our hair stylist. We look forward to welcoming you back to Great Clips soon!"
ChdDSUhNMG9nS0VQV3JuZHJRNE1PdGxRRRAB,5.0,0,2026/07/26,2025/07/26,2,Google Maps,"the people are nice, and never have to wait too long.","Thank you, John, for your kind review! We're delighted to hear that you enjoyed our friendly service and efficient wait times. We look forward to welcoming you back to Great Clips soon!"
ChdDSUhNMG9nS0VLQ1huTENGcnBMNHFBRRAB,1.0,0,2026/07/26,2025/07/26,2,Google Maps,"Poor experience. Did not give me the cut I asked for. Fought with me about my own hair. Started off by teasing my thick long hair into major tangles then preceded to pull on it with aggression despite telling him it really hurt. He just said, “yes, I bet it does.” I’m sad I paid for this cut and planning on getting it styled at a different store. Will not be returning until new stylists or management. Saw many men receiving cuts with no problems, but I would not recommend for any ladies.","Hi Kat, thank you for sharing your feedback with us. We're sorry to hear about your experience and would like to invite you to reach out to our customer service at so we can see if there's a way we can make things right. We appreciate your input and hope to improve your experience in the future."
Ci9DQUlRQUNvZENodHljRjlvT21KMmNWUmpRVnBJT1RSS1pXOHplVmxNTjBSVlowRRAB,5.0,0,2026/07/26,2025/07/26,2,Google Maps,Anna and Kim are wonderful. Very nice and gave a great haircut. I'll be back,"Thank you, Matthew, for your kind words! We're thrilled to hear that Anna and Kim provided you with a great experience. We look forward to seeing you again soon!"
ChZDSUhNMG9nS0VJQ0FnSUNBaUxLSll3EAE,2.0,0,2026/07/26,2025/07/26,2,Google Maps,,Thank you!
Ci9DQUlRQUNvZENodHljRjlvT25CR1JpMXBaRXRtZWxJMlNWazVUMnRhY25vMFRVRRAB,5.0,0,2026/07/26,2025/07/26,2,Google Maps,,Thank you for your review. We’re so happy we could help you look and feel great!
Ci9DQUlRQUNvZENodHljRjlvT21kYVVFRklOMjlTTnpsTGREbEdla3hWUVhab1prRRAB,1.0,0,2026/07/26,2025/07/26,2,Google Maps,Worst worst place to get a haircut. Please avoid going here!,"Hi Dhruv, thank you for sharing your feedback with us. We're sorry to hear about your experience and would like to invite you to reach out to our customer service at so we can see if there's a way we can make things right. We appreciate your input and hope to improve your experience in the future."
Ci9DQUlRQUNvZENodHljRjlvT21zelNUSkNTR3QwT1dwNU9TMTFiRTFRVDJSV1psRRAB,5.0,0,2026/07/26,2025/07/26,2,Google Maps,,Thank you for your review. We appreciate you being our customer and are glad you enjoyed your experience!
Ci9DQUlRQUNvZENodHljRjlvT2twZlFXNWhWREpqYjJsd2NFbzJNVlY2U214cWMzYxAB,4.0,0,2026/07/26,2025/07/26,2,Google Maps,,Thank you for your review. We’re glad we could get you the look you love for less!
Ci9DQUlRQUNvZENodHljRjlvT2xvMVZYQlhOVFpOVmxSeloyYzJla1ZpWHpCamJsRRAB,3.0,0,2026/07/26,2025/08/30,2,Google Maps,My haircut looks unproperly..,"Hi Carl, thank you for your review. We're sorry to hear that your haircut didn't meet your expectations. Please reach out to our customer service at so we can see if there's a way we can make things right."
Ci9DQUlRQUNvZENodHljRjlvT25kdGFrOXNUMnhMUnpNelkwY3RhVUoxUjBSUmNIYxAB,1.0,0,2026/07/26,2025/08/30,2,Google Maps,"Got myself a haircut today at this location. There seems to be a new employee (short guy) who is really rude and impatient. He wasn’t gentle at all and cut my hair for the sake of cutting it. The cut is really uneven. I asked him about it and he said that’s all he can do…I mean, really? Lastly, he dropped my glasses and never even cared to apologize. The store manager should address the unruly behavior of this male stylist. The lady stylists seem kinda gentle and okay but this guy is unbelievable. If anyone is reading my review, please make sure you don’t get your hair done by this guy.. I’m having second thoughts on coming to this salon the next time!!!!","Hi Vignesh, thank you for sharing your experience with us. We're sorry to hear about your recent visit and understand your concerns. Please reach out to our customer service at so we can see if there's a way we can make things right."
Ci9DQUlRQUNvZENodHljRjlvT2xaa2RGcHdRVlpDWnpkSGRubHVlV2RQY3kxSGFWRRAB,1.0,0,2026/07/26,2025/08/30,2,Google Maps,"Doors are locked and it’s not even 7 o’clock, 6:32 been coming here for years, I won’t ever come back here.","Hi Sam, thank you for your feedback and for being a loyal customer over the years. We're sorry to hear about your recent experience and understand your frustration. Please reach out to our customer service at so we can see if there's a way we can make things right."
Ci9DQUlRQUNvZENodHljRjlvT21ocU0zSllSR3hzVEVWM1RtVkJRM1ZxZUZkQ2IwRRAB,1.0,0,2026/07/26,2025/08/30,2,Google Maps,Worst haircut ever had and no clean,"Hi Tharunteja, thank you for your review. We're sorry to hear about your experience and would like to address your concerns. Please reach out to our customer service at so we can see if there's a way we can make things right."
Ci9DQUlRQUNvZENodHljRjlvT21zM05qQktNREozWDA5UFN6RXpSMFl3ZFVWS2NsRRAB,5.0,0,2026/07/26,2025/08/30,2,Google Maps,"Excelent, very friendly and accommodating. When having my kids go to another location the day previous my son was distraught and crying, and my daughters bangs and trim were uneven. No other Greatclips would fix their hair, saying to go back and have the same people fix it... I would recommend THIS Great Clips to anyone. They didn't charge me, considering I spent 48$ previously. Thank you so much!!!!","Hi Vincent, thank you for your kind words and recommendation! We're thrilled to hear that our team was able to assist and accommodate you and your family. We look forward to welcoming you back for your next visit!"
Ci9DQUlRQUNvZENodHljRjlvT2xCNmJqbEVTVWQxY0cxaFpHVmlZWGRpU0hoaWRVRRAB,5.0,0,2026/07/26,2025/08/30,2,Google Maps,,Thank you for your review! We’re happy to have saved you time on your haircut experience with Online Check-In.
Ci9DQUlRQUNvZENodHljRjlvT214TlUxOWFhRVp0TlRGSFpsUmZSVlZDUkhaRlVHYxAB,5.0,0,2026/07/26,2025/08/30,2,Google Maps,Christie and her team were. Amazing. Took great care of my exact styling. One recommendation check in online. The seats fill up fast to see this wonderful team,"Thank you, Ernesto, for your wonderful review! We're thrilled to hear that Christie and her team took great care of your styling needs. We appreciate your recommendation and look forward to seeing you again soon!"
Ci9DQUlRQUNvZENodHljRjlvT25CaE9HeDZkRUp2TUhWeVdHbHlRMDFJV21Wd1dVRRAB,4.0,0,2026/07/26,2025/09/29,2,Google Maps,Excellent and experienced person's,"Thank you, Khurshid, for your kind words and for taking the time to share your experience with us. We're glad to hear you enjoyed the service from our team. We look forward to welcoming you back soon!"
ChZDSUhNMG9nS0VJQ0FnSUNvMllMOEtnEAE,5.0,0,2026/07/26,2025/09/29,2,Google Maps,Great hair cut for the price...been going there for 9years...only 1 bad cut and I went back and they corrected it for free,We love to see this!
Ci9DQUlRQUNvZENodHljRjlvT2tGbGF6YzNhRkoyYVZWSVJETm1NWFJaUkRsTmIxRRAB,5.0,0,2026/07/26,2025/09/29,2,Google Maps,,Thank you for your review. We appreciate you being our customer and are glad you enjoyed your experience!
Ci9DQUlRQUNvZENodHljRjlvT2xGeGVrcEZhSGxTTFZwTGFuaFdWa1pzU0VvdExYYxAB,5.0,0,2026/07/26,2025/09/29,2,Google Maps,Go to place right now for a quick haircut. The staff are very friendly and good at their job.,"Hi Sharar, thank you for your wonderful review! We're thrilled to be your go-to place for a quick haircut and appreciate your kind words about our staff. We look forward to seeing you again soon!"
Ci9DQUlRQUNvZENodHljRjlvT2tSR1RqWnZja3hCU2pSRWR6azNaR2RXWDFWb0xWRRAB,5.0,0,2026/07/26,2025/09/29,2,Google Maps,"1.5 on sides and back, inch off the top, clean up nice","Thank you, Mark, for your review! We're thrilled to hear that you were pleased with your haircut. We look forward to seeing you again soon!"
Ci9DQUlRQUNvZENodHljRjlvT2xnMU1GTXhhV2xXUmtGeldsZzBjMnRpTmtORGFVRRAB,1.0,0,2026/07/26,2025/10/29,2,Google Maps,Did not get what I asked for she did the total opposite.,"Hi Makayla, thank you for sharing your feedback with us. We're sorry to hear about your experience and would like to invite you to reach out to our customer service at so we can see if there's a way we can make things right. We appreciate your input and hope to serve you better in the future."
Ci9DQUlRQUNvZENodHljRjlvT25WNVUzQk9WalZQU3pGWlMzTXdkVkJRZDJoeFdGRRAB,1.0,0,2026/07/26,2025/10/29,2,Google Maps,I was willing to give a second chance and the woman doesn't understand basic English. She cut the top of my head way too short and ignored what I said and it looks like crap. And it's way too expensive if you don't have a coupon. Anything is too expensive when the barber doesn't care what you ask for.,"Hi Chris, thank you for sharing your feedback with us. We're sorry to hear about your experience and would like to invite you to reach out to our customer service at so we can see if there's a way we can make things right. We appreciate your input and hope to improve your experience in the future."
Ci9DQUlRQUNvZENodHljRjlvT21kSlRqSkdTMmhWYjJ4d1gwVnBWSFYyVldRMGQyYxAB,5.0,0,2026/07/26,2025/10/29,2,Google Maps,"I’ve been getting my hair cut by Cindy for years, and she’s absolutely amazing. She recently moved to Great Clips, and I followed her there because she’s that good. Cindy always takes her time, listens to what I want, and consistently gives me a great haircut every single time. Beyond being a fantastic hairdresser, she’s just a genuinely kind and thoughtful person. It’s hard to find someone you trust with your hair, and once you do, you stick with them — that’s why I’ll keep following Cindy wherever she goes. Highly recommend her to anyone looking for a great haircut and an even better experience!","Hi Chris, thank you for your wonderful review! We're thrilled to hear that Cindy continues to provide you with excellent service and a great experience at Great Clips. We appreciate your recommendation and look forward to seeing you again soon!"
Ci9DQUlRQUNvZENodHljRjlvT2tsTmIwRmZXbFJPUTJ4RlNreHNTRzlWYzFKTVZrRRAB,1.0,0,2026/07/26,2025/10/29,2,Google Maps,"Went in for just my naturally difficult curly frizzy hair to be styled/tamed, and left completely traumatized from being gaslit and ganged up on because they didn't know how to handle natural frizzy hair and never disclosed it until after I realized I look like a lion or poodle. I left in tears. If explain more, but Google reviews only allows so few of text I can't fully express my negative experience.","Hi RevolutionGiver, thank you for sharing your experience with us. We're sorry to hear about your visit and understand your frustration. Please reach out to our customer service at so we can see if there's a way we can make things right."
Ci9DQUlRQUNvZENodHljRjlvT2pSSFIwNVhVSHBVZDFrd1ltVkRWekozU0RKM2RFRRAB,5.0,0,2026/07/26,2025/10/29,2,Google Maps,Greatest place always fantastic service,"Hi Frank, thank you for your wonderful review! We're thrilled to hear you always enjoy the service at our salon. We look forward to seeing you again soon!"
Ci9DQUlRQUNvZENodHljRjlvT2twSVNqZGZlWGh6ZFU0MlIyRjBSVXBXV2pJMGJIYxAB,5.0,0,2026/07/26,2025/10/29,2,Google Maps,"I'm writing to complement my Great Clips haircutter, Cindy (Austin Techridge location). Cindy has been cutting my hair for several years and she has consistently done a great job with me, my son, and my daughter. Luckily her current Great Clips location is even closer to my house, but I wouldn't hesitate to commute as far as I need to for a satisfaction guaranteed haircut.","Thank you, Mario, for your wonderful review! We're thrilled to hear that Cindy has been providing excellent service to you and your family over the years. We look forward to seeing you at the Austin Techridge location again soon!"
Ci9DQUlRQUNvZENodHljRjlvT2taWlJFZFZXRUpYZW1aa04waFVhV014YXpsWVVXYxAB,5.0,0,2026/07/26,2025/10/29,2,Google Maps,,Thank you for your review! We’re happy to have saved you time on your haircut experience with Online Check-In.
Ci9DQUlRQUNvZENodHljRjlvT2xSNlRucGFTWEphYjBRM1ozaDRkbk5YVEV4UlYzYxAB,4.0,0,2026/07/26,2025/11/28,2,Google Maps,,Thank you for your review. We’re glad we could get you the look you love for less!
Ci9DQUlRQUNvZENodHljRjlvT2tkUmMzZFlOa3RSU0hsME9HRnhVelJ3ZVdoMGRuYxAB,2.0,0,2026/07/26,2025/11/28,2,Google Maps,,"Thank you for taking the time to share your review with us. We’re sorry to hear that your experience didn’t meet your expectations. Our goal is to provide every guest with a great haircut and comfortable experience. If you’re open to it, we’d love to understand more about your visit so we can address the issue and improve. Feel free to reach out to us directly at . Your insights are valuable to us, and we hope to have the opportunity to serve you better in the future."
Ci9DQUlRQUNvZENodHljRjlvT25aVUxWbDNibWRsYXpCUVVqQklaRmRXZEhkdFJYYxAB,1.0,0,2026/07/26,2025/12/28,2,Google Maps,I drive all the way from round rock on christmas holiday cause this was the only place open and the first thing they ask me is how i wanna cit my hair the lady who was at the costumer service was so done i already knew she didn't wanted to do anything and then i told her i want a low fade and she told she can't cut my hair i was like what?? I mean i spend my time and gas all the way to travel and that what you respond i was so done that i left the place didnt even bothered arguing with crazy people. If you cant cut hair in a specific style or anything just let the costumer know so they dont spend their time and money on such a shitty place.,"Hi Kri, thank you for sharing your experience with us. We're sorry to hear about your visit and understand your frustration. Please reach out to our customer service at so we can see if there's a way we can make things right."
Ci9DQUlRQUNvZENodHljRjlvT25ack9UQkhWR0ZFZUU4MmVuTTNVakpXYTJndFpXYxAB,4.0,0,2026/07/26,2026/02/26,2,Google Maps,Not happy with the price since it is mainly for men’s haircuts.,"Thank you for your feedback, Ginger. We appreciate your input regarding our pricing and will take it into consideration. If you have any further concerns, please feel free to reach out to our customer service at"
Ci9DQUlRQUNvZENodHljRjlvT200MFduZGpWWEZsZDBscWJUWjRSMnRWTTFGa1JuYxAB,1.0,0,2026/07/26,2026/02/26,2,Google Maps,Worst service ever,"Hi Nagendra, thank you for sharing your feedback with us. We're sorry to hear about your experience and would like to help. Please reach out to our customer service at so we can see if there's a way we can make things right."
Ci9DQUlRQUNvZENodHljRjlvT21sblpqUlVTMTh0Y1hCc2IzVmFTbFJzYzNSQmQxRRAB,5.0,0,2026/07/26,2026/02/26,2,Google Maps,My favorite place to get a haircut the stylists are great at their job and everyone's always smiling and nice,"Hi Albert, thank you for your wonderful review! We're thrilled to hear that you enjoy your visits and appreciate our stylists. We look forward to seeing you again soon!"
Ci9DQUlRQUNvZENodHljRjlvT2xJeVFVbzRZekl6ZVVoMU9ITkhTM1pxV1VwNWJHYxAB,1.0,0,2026/07/26,2026/02/26,2,Google Maps,"This place has horrible customer service. My elderly father went to get his hair cut last week. He is very specific about how he wants his haircut, and oftentimes they do not cut it short enough and he makes them redo it. He made the woman aware of this the minute he got in the chair. She then proceeded to comb his hair and stopped, calling another hair stylist to consult in private. When she returned, she denied service because they said he had a very bad case of head lice. At this point the entire shop is staring completely embarrassing him. They rudely asked him to leave immediately. He was panicked and immediately had it checked, by two individuals. He in fact did NOT have head lice. There was no evidence at all of headlice. So not only were the rude, they are uneducated about things they should know about. He has very thin blonde hair! It would have been obvious if he had lice. You should be ashamed for humiliating people in this way. If you don't want to work on a customer because you think they are not going to be happy with your services, then tell them that. No need to make up a condition that doesn't exist. He found another shop to cut his hair and there was no mention of lice.","Hi Mary, thank you for sharing your experience with us. We're sorry to hear about your father's visit and the way it was handled. Please reach out to our customer service at so we can see if there's a way we can make things right."
Ci9DQUlRQUNvZENodHljRjlvT21kaVkyTkJaV1pYUzFVMVpWQXlOR1ZXYXpCemJHYxAB,5.0,0,2026/07/26,2026/02/26,2,Google Maps,,Thank you for your review and for sharing your positive experience!
Ci9DQUlRQUNvZENodHljRjlvT25oWGRYazJUSFJ6ZW5aV1RFcHFOM0ExTFZGbVExRRAB,4.0,0,2026/07/26,2026/03/28,2,Google Maps,Good cut for a good price! Nothing fancy but the lady did a great job.,"Hi Natalie, thank you for your kind words! We're glad to hear you enjoyed your haircut and found it to be a great value. We look forward to seeing you again soon!"
Ci9DQUlRQUNvZENodHljRjlvT2tRNU5sSjVSVUZ1WjBKbU5FTjFXRlY0WkhJNFkwRRAB,1.0,0,2026/07/26,2026/04/27,2,Google Maps,Rude and bad customer service. before sitting for cut the lady told me that she cant cut my hair as per my requirment. and my requirment was very simple. only sides fade. very easy. and yes she was right. she cant. just weast my time money and hair.,"Hi Kamal, thank you for your feedback. We're sorry to hear about your experience and would like to invite you to reach out to our customer service at so we can see if there's a way we can make things right. We appreciate your input and hope to serve you better in the future. -Great Clips Customer Service"
Ci9DQUlRQUNvZENodHljRjlvT2xadVJtMVhVWE5OUkU1RmRIaFpaMHRKZHpWNmJuYxAB,5.0,0,2026/07/26,2026/04/27,2,Google Maps,Nice place and great service.,"Hi So Fine, thank you for the kind words and the 5-star rating! It's wonderful to hear you enjoyed the service. Looking forward to seeing you again soon! -Great Clips Customer Service"
Ci9DQUlRQUNvZENodHljRjlvT21wdU9XZDNhbXMzUWpkSk9HZFZXRlpvV1RGNU1VRRAB,5.0,0,2026/07/26,2026/05/27,2,Google Maps,"I always go to the same one, and the service is excellent!",Thank you for your review. We’re so happy we could help you look and feel great!
Ci9DQUlRQUNvZENodHljRjlvT2tSbVozSjJTM2hDVUVoVlR6QlRjVUpuUnpkYU9IYxAB,1.0,0,2026/07/26,2026/06/26,2,Google Maps,"Been there a few times for a quick cut and never had any issues but today an older African American woman started talking about me while im right next to her getting my cut. Im covered in tattoos BTW and she told her client that it's sad what a woman does for attention and there are better things I could have done. Then said I should be ashamed of myself. All while glancing over at me. I held my tongue until I was walking out. She was telling her client that shes a Christian woman. I let her know that as a Christian woman I sure hope she wasn't talking about me trying to get attention and needing to be ashamed of myself. I wanted to say so much more but despite how I ""look""....I'm not the type to stoop to that level. She was just looking at me. I will never come here again. Christian woman my behind.","Hi Selena, thank you for sharing your experience. It's important for everyone to feel comfortable and respected during their visit. Please reach out to customer service at for further assistance. -Great Clips Customer Service"
Ci9DQUlRQUNvZENodHljRjlvT2xBNFpYVTBhMkp1YVZGaE1raHBjWEZWWDJ0WU4yYxAB,5.0,0,2026/07/26,2026/06/26,2,Google Maps,"Highly recommended. Great location, very nice people that know how to cut hair. Very pleased with my hair cut thank you Mrs Cindy and great clips. Keep up the hard work and keep making ur customers wanna come back for professional haircuts .","Hi Johnny, thank you for the wonderful review! It's great to hear that Mrs. Cindy and the team provided a haircut you loved. Looking forward to seeing you again for your next visit! -Great Clips Customer Service"
Ci9DQUlRQUNvZENodHljRjlvT2xsUVNIQjZMVmhVV1ZKV1l6STVXSEJhT1VOTU1YYxAB,1.0,0,2026/07/26,2026/07/05,2,Google Maps,,"Thank you for your feedback. We're sorry to hear that your experience did not meet your expectations. We take customer satisfaction very seriously and would like to understand what went wrong. Please reach out to us at so we can address your concerns. Your insights are valuable to us, and we hope to have the chance to improve your experience."
ChdDSUhNMG9nS0VJQ0FnSURBaFlUUW5BRRAB,5.0,0,2026/07/26,2016/07/28,3,Google Maps,,
ChZDSUhNMG9nS0VJQ0FnSUN3bVBUX0NnEAE,1.0,0,2026/07/26,2016/07/28,3,Google Maps,,
ChZDSUhNMG9nS0VJQ0FnSURRb2FYZkF3EAE,5.0,0,2026/07/26,2016/07/28,3,Google Maps,New stylist Brittany is wonderful! She is very experienced and has a fresh new eye for cut and color. Manor is lucky to have her.,
ChZDSUhNMG9nS0VJQ0FnSURBMnVqVVhBEAE,4.0,0,2026/07/26,2016/07/28,3,Google Maps,,
ChdDSUhNMG9nS0VJQ0FnSUNBZy1qd2t3RRAB,5.0,0,2026/07/26,2016/07/28,3,Google Maps,,
ChZDSUhNMG9nS0VJQ0FnSUNRNklLbGV3EAE,5.0,0,2026/07/26,2017/07/28,3,Google Maps,Very friendly staff and no wait,Thank you! We are always happy to help you!
ChRDSUhNMG9nS0VJQ0FnSUNnaTZJNhAB,5.0,0,2026/07/26,2017/07/28,3,Google Maps,I had Shayla. She was so friendly and did a great job! My haircut was reasonably priced and it came out really nicely!,"Thank you, Jailene! We appreciate you being our customer, and are always happy to help you!"
ChZDSUhNMG9nS0VJQ0FnSURBXy11cGF3EAE,4.0,0,2026/07/26,2017/07/28,3,Google Maps,Fast and great for a quick cut,Thank you Kris!
ChZDSUhNMG9nS0VJQ0FnSUNRbElqdGJ3EAE,2.0,1,2026/07/26,2017/07/28,3,Google Maps,Wasn't very satisfied. The lady I had barely knew English and she didn't understand what I was asking.,"We are sorry Mary. If you would like follow up, please email with the salon location & details. We will contact you and forward it to the franchisee as well. Thank you."
ChZDSUhNMG9nS0VJQ0FnSUNBbWFTOFNREAE,5.0,0,2026/07/26,2017/07/28,3,Google Maps,Friendly and helpful quick cuts and 7.99 cuts is awesome sauce,"Thank you, Andrew!"
ChdDSUhNMG9nS0VJQ0FnSURnd3N2TXZBRRAB,3.0,0,2026/07/26,2017/07/28,3,Google Maps,,We hope to see you again Christian. Thank you.
ChZDSUhNMG9nS0VJQ0FnSURnbTQ3dExBEAE,2.0,1,2026/07/26,2017/07/28,3,Google Maps,"I requested Shayla, I was told by the other lady who barely spoke English that Shayla was doing something in the back and that she would be out shortly. I waited about 10 minutes for her. When she came out she didn't seem too happy. The cut for my 4 year old daughter came out good and I'm satisfied with it. After the cut was done and when I was ready to pay she all of sudden became more friendly. I also purchased a hair product that was mislabeled, I over paid by $1. Which she apologized for and said that they had changed the pricing, some went up and some went down. That was her explanation.... This place would have received 4 stars if they had better customer service.","We're sorry to read this, Basima. If you would like, please email with the details and location. We will follow up with you regarding your experience. Thank you for reaching out to us."
ChdDSUhNMG9nS0VJQ0FnSURRc1plZWpRRRAB,5.0,0,2026/07/26,2017/07/28,3,Google Maps,,Thank you!
ChdDSUhNMG9nS0VJQ0FnSUNBODczQjB3RRAB,5.0,0,2026/07/26,2017/07/28,3,Google Maps,I love it and the people where so nice to me,"Thank you! We are always happy to help you, Rosalina!"
ChZDSUhNMG9nS0VJQ0FnSUNRd1llVFZ3EAE,4.0,0,2026/07/26,2017/07/28,3,Google Maps,"Frequent customer. Love going there. Have not had any problems. Only down side is on Tuesdays, not enough seats. I recommend it.","Thank you for being our customer, Jessica! We look forward to seeing you next time!"
ChdDSUhNMG9nS0VJQ0FnSURnNTluV3lBRRAB,1.0,2,2026/07/26,2017/07/28,3,Google Maps,Some rough haircuts to be had here. Major regrets,"We're sorry to read this. If you would like follow up, please email with the details and location so we can best assist you and contact you. Thank you."
ChZDSUhNMG9nS0VJQ0FnSURRbnJmeFBBEAE,3.0,0,2026/07/26,2017/07/28,3,Google Maps,,"We appreciate your feedback, Carolyn. If you'd like to share more, please email with the details and location. We will contact you regarding your visit. Thank you."
ChdDSUhNMG9nS0VJQ0FnSURBd01xb2dBRRAB,2.0,2,2026/07/26,2017/07/28,3,Google Maps,Not a great experience half of my head got faded the other half did not,"We're sorry to read this, Chris. If you would like, please email with the details and location, or call us at 1-800-473-2825 ext 3. We will contact you regarding your experience. Thank you."
ChdDSUhNMG9nS0VJQ0FnSURRdG9HWjF3RRAB,1.0,3,2026/07/26,2017/07/28,3,Google Maps,"One out of four cuts was decent, the rest didn't know how to fade or clean up. I cut my own hair better than they did. Never again","We're sorry to hear this was your experience, Berny. If you would like, please email with the details and location or call us at 1-800-473-2825 ext 3. We will follow up with you regarding your visits. Thank you."
ChdDSUhNMG9nS0VJQ0FnSURRbGJlRmd3RRAB,4.0,0,2026/07/26,2017/07/28,3,Google Maps,,
ChZDSUhNMG9nS0VJQ0FnSURneXRYZEdREAE,3.0,0,2026/07/26,2017/07/28,3,Google Maps,Good,"We appreciate you being our customer, Dawn. Thank you."
ChZDSUhNMG9nS0VJQ0FnSURRMUlud0RnEAE,5.0,0,2026/07/26,2018/07/28,3,Google Maps,With new app you're in and out!!!! Also have some awesome stylist!,We appreciate you being our customer! Thank you!
ChZDSUhNMG9nS0VJQ0FnSUNRNHF2T1NREAE,4.0,0,2026/07/26,2018/07/28,3,Google Maps,,Thank you!
ChZDSUhNMG9nS0VJQ0FnSURncVpmWU5BEAE,1.0,0,2026/07/26,2018/07/28,3,Google Maps,,
ChdDSUhNMG9nS0VJQ0FnSUNncDVpTWhnRRAB,5.0,1,2026/07/26,2018/07/28,3,Google Maps,Good job,"We are happy to help you, Richard! Thank you!"
ChdDSUhNMG9nS0VJQ0FnSUNRcVBxczJRRRAB,1.0,2,2026/07/26,2018/07/28,3,Google Maps,"Today ( 01/23/18),I took my daughter, so they could eliminate her split ends. I was shocked that it took stylist under 2 minutes to do the job. It was a very bad job done. I had to take her to different location so they could fix the problem. Worst experience ever. I'm giving it 1 star, because that's the lowest rating it shows. This rating is on the stylist not on company..","We're sorry to read this. If you'd like follow up, please email with the details and location so we can best assist you and contact you. Thank you."
ChdDSUhNMG9nS0VJQ0FnSURRNm95WWlBRRAB,5.0,0,2026/07/26,2018/07/28,3,Google Maps,YEEEEEEEEESSSS! I had a bad haircut (i showed how bad it was in the picture. This is NOT Aprils cut) and came here to get it fixed. April was amazing! Up front and honest letting me know she would have to cut some inches to make it right but she did. It's beautiful! Thank you April for turning me into a believer. I absolutely will be coming back again. Staff was friendly and kind. Just a great overall experience hands down. 😁,"We're sorry to hear this was your experience, Hope. If you'd like, please call us at 1-800-473-2825 ext 3 or email with the details and location so we can best assist you and follow up with you. Thank you."
ChdDSUhNMG9nS0VJQ0FnSURRbUtfamxnRRAB,1.0,3,2026/07/26,2018/07/28,3,Google Maps,"NEVER AGAIN! MY HAIR WAS REALLY LONG WHEN I WENT IN AND I WANTED LONG LAYER'S FOR MY CUT AND GOT A super short ,short haircut..was really hurt to know I didn't get the cut I WANTED! instead I got whatever she gave me..NEVER GOING BACK!","We're sorry to see this, Janie. If you'd like follow up, please email with the details and location or call us at 1-800-473-2825 ext 3. We will contact you regarding your experience from there. Thank you."
ChdDSUhNMG9nS0VJQ0FnSUNRc3ZhNXJBRRAB,5.0,0,2026/07/26,2018/07/28,3,Google Maps,The lady who cut my hair was very helpful and very nice she did a awesome job. The place is also clean and welcoming. I will be back again I'm not sure what her name was but I know it was different and she was awesome great customer service.,"Thank you for your review, Rebecca! We look forward to seeing you next time!"
ChZDSUhNMG9nS0VJQ0FnSUNRMS0zRFlBEAE,4.0,0,2026/07/26,2018/07/28,3,Google Maps,I was lost,"If you would like to share more regarding your review, please email with the salon location and details, or call 800-473-2825, ext 3. We will follow up with you from there. Thank you."
ChdDSUhNMG9nS0VJQ0FnSUNBa2V6WC1nRRAB,1.0,3,2026/07/26,2018/07/28,3,Google Maps,"Almost wrote the place off 'cause they never answered their phone the several times I called for info. Went anyway, compelled by timing and proximity. BIG mistake. My cut is a short, stacked, asymmetrical swing bob. I was explaining that I was thinking of growing it out a bit to be a little softer on the short side but wanted it tidied up. I showed the guy pictures. And what I got was he basically lopped off the longer side all bluntly and thinned the rest with really dull scissors that pulled as they cut. He made some comment about how he'd fixed the ""weird""ness of my cut. Not cool. Then this guy declines my instruction to cut my daughter's hair 'cause ""she's a girl. It doesn't need to be short."" (I keep it in a pixie cut.) Then he cut the bangs exactly how I asked him not to: straight across. I am so irritated. Worse than just throwing the money away. I wanted our hair cleaned up for Easter and instead we look worse!","We're sorry to hear this was your experience, Cristal. If you'd like, please call us at 1-800-473-2825 ext 3 or email with the details and location so we can best assist you and follow up with you. Thank you."
ChdDSUhNMG9nS0VJQ0FnSUN3cG9lRmd3RRAB,3.0,0,2026/07/26,2018/07/28,3,Google Maps,,"We value your feedback, Anna. If you'd like, please email with the details and location or call us at 1-800-473-2825 ext 3 so we can best assist you and follow up with you. Thank you."
ChZDSUhNMG9nS0VJQ0FnSUNnNkpfNEZBEAE,5.0,1,2026/07/26,2018/07/28,3,Google Maps,"Walked in 5 minutes before closing and the staff still gave both my son and I great haircuts! Store was clean, staff was friendly and professional. I'd recommend anyone needing a haircut to try Great Clips in Manor!",Thank you! We're always happy to help you and your family!
ChZDSUhNMG9nS0VJQ0FnSUNnN2N2ZE9nEAE,1.0,3,2026/07/26,2018/07/28,3,Google Maps,Terrible cuts,"We're sorry to read this, Lisa. If you would like, please email with the salon location and details, or call 800-473-2825, ext 3 so we can best assist you and follow up with you. Thank you."
ChdDSUhNMG9nS0VJQ0FnSUNnZ09tRG1RRRAB,2.0,0,2026/07/26,2018/07/28,3,Google Maps,,"If you would like to share more, please email with the salon location and details. Thank you, Kenneth."
ChdDSUhNMG9nS0VJQ0FnSUNnbHNhcHJBRRAB,4.0,0,2026/07/26,2018/07/28,3,Google Maps,,Thank you for being our customer!
ChZDSUhNMG9nS0VJQ0FnSURnMXFLS1FBEAE,1.0,4,2026/07/26,2018/07/28,3,Google Maps,"If you’re a woman, DO NOT GET YOUR HAIR CUT HERE! I went in asking for the person who was best with long hair and was told it is whomever is next in cue. I had hair down to the middle of my back, and was asking for an angled lob, even showing a picture of a woman with hair 3 inches below her shoulder. I came out with a hairline above my shoulders that was blunt cut. When I asked for them to layer it out a bit to take care of my natural curls, she said she wouldn’t recommend it. I went back after two days of bozo the clown hair hoping for manager correction on my hair. The person who cut my hair had to ask for help trying to figure out how to get the hair to curl under as I requested, and to cut it evenly on both sides. She had to be taught. I was told it was even. They do not dry your hair to check if it truly is. What I walked out with was hair that was cut even more on the already short side (now a good 2 inches difference at least) so now I’m looking at paying $50 plus tip to correct it with a reputable stylist, plus the $15 plus tip I already spent on the botched job, plus probably at least a year’s worth of growth to get it where I wanted it... a lob below my shoulders. And each visit they spent less than 5 minutes cutting my hair. I waited a week after the second cut to write this review, just to make sure my feelings weren’t misplaced. As for men, I understand tho it depends on the stylist, you can wind up feeling very beaten up with the clippers. It’s been a 50/50 hit or miss there on good men’s styles.","We're sorry to read this, Kelly. If you would like, please email with the salon location and details, or call 800-473-2825, ext 3. We will follow up with you from there. Thank you."
ChZDSUhNMG9nS0VJQ0FnSUN3dFk2WUVnEAE,1.0,4,2026/07/26,2018/07/28,3,Google Maps,"My husband and I went in for haircuts this past weekend and I wish we would have waited and gone to our usual location. The one star I'm giving is mainly due to the friendliness of the staff; that I won't deny, as for the quality of our haircuts I can't say the same, we were 100% dissatisfied with the outcome. My poor husband has decided to wear a baseball cap until his grows back, and my hair is totally uneven. We felt that once they began working on us, they were just in a rush to get us out of the seat and onto the next customer. We were deeply disappointed that we basically paid someone to destroy our hair. Unfortunately, we will never return to this location again.","We're sorry to hear this, Crystal. If you'd like, please call us at 1-800-473-2825 ext 3 or email with the details and location so we can best assist you and follow up with you. Thank you for reaching out."
ChZDSUhNMG9nS0VJQ0FnSURRaGZhNUxnEAE,3.0,1,2026/07/26,2018/07/28,3,Google Maps,"It was quick, not much of a wait and staff wasn't rude but......haircut was crooked over my ears (one was trimmed and one wasn't) so i'm still a little hesitant.","We're sorry to read this, Rob. If you'd like, please email with the details and location or call us at 1-800-473-2825 ext 3 so we can best assist you and follow up with you. Thank you."
ChdDSUhNMG9nS0VJQ0FnSUNnZ3ZIRF9BRRAB,1.0,0,2026/07/26,2018/07/28,3,Google Maps,,"We're sorry to see your rating, Kayla. If you'd like follow up, please email with the details and location or call us at 1-800-473-2825 ext 3 so we can best assist you and contact you. Thank you."
ChdDSUhNMG9nS0VJQ0FnSUNncG8tMjBBRRAB,2.0,3,2026/07/26,2019/07/28,3,Google Maps,"The stylist can cut men's hair, but today a lady stylist butchered my 6 year old daughter's hair. I'm not impressed as a stylist should be well rounded on men's and ladies hair as well as children. Toan is a terrific stylist. Has always cut mine and my son's hair on point. I can't say that for the lady stylist that butchered my daughter's hair.","We're sorry to hear this was your experience, David. If you'd like, please email with the details and location or call us at 1-800-473-2825 ext 3. We will follow up with you from there. Thank you for reaching out."
ChZDSUhNMG9nS0VJQ0FnSUN3bDRETmVREAE,5.0,0,2026/07/26,2019/07/28,3,Google Maps,The lady that does mine is great,"Thanks so much! We look forward to seeing you in our salon soon, Martin!"
ChdDSUhNMG9nS0VJQ0FnSUN3N2VUMWdBRRAB,5.0,0,2026/07/26,2019/07/28,3,Google Maps,Excellent cut and beard trim. $20 Double checked on a lot to get it just right.,"Thank you for coming in, Juan! We are always happy to help you!"
ChZDSUhNMG9nS0VJQ0FnSUNBN3ZQZUNnEAE,1.0,2,2026/07/26,2019/07/28,3,Google Maps,"Very disappointed with my hair trim, lady who did my hair didn't seem friendly not even a smile. I didn't get the service that I wanted instead she did what she wanted to do. the service took less than 5 min....and I was very disappointed of how she talked me out of it's very intimidating. I came home to fix it right away I should've taken pictures of my Choppy mess but I was just too upset about it. my husband doesn't seem to understand that it is a big deal for woman since he says it's just hair but if you're paying for something at least get what you want in return I told my husband not to go there either. Definitely not going to this place ever again, $20.00 For just 2 inches off my long hair and bangs which were all uneven I don't think so, it's my fault for thinking a ""PROFESSIONAL"" could've done it better but instead I'm just going to stick with doing it myself at home no more great clips for me. like other previous comments if you're a woman don't go there they don't seem to know how to cut woman's hair. I didn't want to go back, because I was just too upset, this isn't the first time but is definitely the last.","We're sorry to hear this was your experience. If you'd like, please email with the details and location or call us at 1-800-473-2825 ext 3. We will follow up with you from there. Thank you for reaching out."
ChZDSUhNMG9nS0VJQ0FnSURRdU1XNFBnEAE,5.0,0,2026/07/26,2019/07/28,3,Google Maps,,"Thank you for your review, Mark!"
ChdDSUhNMG9nS0VJQ0FnSUR3blBfUjVBRRAB,1.0,0,2026/07/26,2019/07/28,3,Google Maps,Rude women working there and no experience,"We're sorry to read this, Mayra. If you would like, please email with the salon location and details, or call 800-473-2825, ext 3. We will follow up with you from there. Thank you."
ChdDSUhNMG9nS0VJQ0FnSUR3eDl6dy13RRAB,5.0,0,2026/07/26,2019/07/28,3,Google Maps,"They were very friendly , I liked my hair cut and I would definitely recommend","Thank you for your review, Bree! We are so glad you enjoyed your experience with us!"
ChZDSUhNMG9nS0VJQ0FnSUNvNVkySEF3EAE,5.0,0,2026/07/26,2019/07/28,3,Google Maps,Good place for a kids quick basic cut. Check in online and when you show up you're usually up next!,Thank you for your feedback! We are always happy to help you and your family!
ChZDSUhNMG9nS0VJQ0FnSUNJdm96TlNBEAE,3.0,0,2026/07/26,2019/07/28,3,Google Maps,Although the price isn't that much I always walk out knowing I was a number and not a name.,"We appreciate your feedback, Brad. If you'd like to share more regarding your review, please email with the details and location or call us at 1-800-473-2825 ext 3. We're always happy to help. Thank you!"
ChdDSUhNMG9nS0VJQ0FnSUNJZ2N1VDV3RRAB,3.0,0,2026/07/26,2019/07/28,3,Google Maps,,"We appreciate your feedback, Sergio. If you'd like to share more regarding your review, please email with the details and location or call us at 1-800-473-2825 ext 3. We're always happy to help. Thank you!"
ChZDSUhNMG9nS0VJQ0FnSUNJcDlLSlh3EAE,1.0,2,2026/07/26,2019/07/28,3,Google Maps,Can’t trust a bob maintenance cut after three location fails.,"We're sorry to hear this, Brandy. If you'd like, please email with the details and location or call us at 1-800-473-2825 ext 3. We will follow up with you from there. Thank you for reaching out."
ChdDSUhNMG9nS0VJQ0FnSUNJcDkzQi1RRRAB,5.0,0,2026/07/26,2019/07/28,3,Google Maps,,"We appreciate you being our customer, Juan! Thank you!"
ChdDSUhNMG9nS0VJQ0FnSUNJdDRyNnJBRRAB,1.0,0,2026/07/26,2019/07/28,3,Google Maps,,"We're sorry to see your rating, Jamie. If you'd like follow up, please email with the details and location or call us at 1-800-473-2825 ext 3 so we can best assist you and contact you. Thank you."
ChdDSUhNMG9nS0VJQ0FnSURJZ00yWDV3RRAB,1.0,0,2026/07/26,2019/07/28,3,Google Maps,Hurt my head so bad almost started bleeding,"We're sorry to hear this, Kobe. If you'd like, please email with the details and location or call us at 1-800-473-2825 ext 3. We will follow up with you from there. Thank you for reaching out."
ChZDSUhNMG9nS0VJQ0FnSURJdE51T2JREAE,3.0,0,2026/07/26,2019/07/28,3,Google Maps,,"We appreciate your feedback, Jeff. If you'd like to share more regarding your review, please email with the details and location or call us at 1-800-473-2825 ext 3. We're always happy to help."
ChZDSUhNMG9nS0VJQ0FnSURJakoyRlBnEAE,1.0,1,2026/07/26,2019/07/28,3,Google Maps,He cut my hair and he play with his phone he doesn't care about my hair style,"We're sorry to read this, Bwa. If you'd like, please email with the details and location or call us at 1-800-473-2825 ext 3 so we can best assist you and follow up with you. Thank you."
ChZDSUhNMG9nS0VJQ0FnSURJelBIQ1dREAE,1.0,3,2026/07/26,2019/07/28,3,Google Maps,"This place WAS HORRIBLE people were rude, yes I understand its Christmas Eve, but customers are cutomers.........I was livid......I walked out my haircut wasnt even finished....you dont tell me that u wet my hair down for a guaranteed precision hair cut and leave my hair bone dry, never seen anyone frame to face by snipping, IM PICKY AF ABOUT MY HAIR...........and that woman was why........sticking with bastrop, not only nice and professional but they conversant with you, seems the ladies working were not getting along with the lady that was cutting my hair........I felt bad because I heard the lady say this is my cut........the woman cutting my hair was snooty, rude, unwilling to listen, I dont know what her name was, but I WILL NEVER SET FOOT IN THERE AGAIN.....👎","We're sorry to hear this was your experience, Misty. If you'd like, please email with the details and location or call us at 1-800-473-2825 ext 3. We will follow up with you from there. Thank you for reaching out."
ChdDSUhNMG9nS0VJQ0FnSUNvbUtqenhnRRAB,5.0,0,2026/07/26,2019/07/28,3,Google Maps,I really like how they keep track of my haircuts and know what I want when I get there.,"Thank you for being our customer, Thomas! We look forward to seeing you again next time!"
ChZDSUhNMG9nS0VJQ0FnSUNvOHNyZGRBEAE,5.0,0,2026/07/26,2019/07/28,3,Google Maps,,Thank you for the feedback!
ChdDSUhNMG9nS0VJQ0FnSUNvMi1XSDBnRRAB,5.0,0,2026/07/26,2019/07/28,3,Google Maps,,"Thank you, Michael!"
ChZDSUhNMG9nS0VJQ0FnSUNZMmNMOEJ3EAE,5.0,0,2026/07/26,2019/07/28,3,Google Maps,Thank you for standing behind your work. I am very happy to be a customer here!!!,"We're sorry to see your rating. If you'd like follow up, please email with the details and location or call us at 1-800-473-2825 ext 3 so we can best assist you and contact you. Thank you, Rick."
ChZDSUhNMG9nS0VJQ0FnSURZMHRyd1dREAE,1.0,2,2026/07/26,2019/07/28,3,Google Maps,This Great Clips is HORRIBLE! I will never use this one again! Poor customer service.I took my daughter to get a haircut and got turned away because they had 30 mins left and supposedly had a long list of customers. This location has gone downhill and they are lucky they even got a 1 star rating cause I believe they dont deserve that!,"We're sorry to hear this was your experience, Sara. If you'd like, please email with the details and location or call us at 1-800-473-2825 ext 3. We will follow up with you from there. Thank you for reaching out."
ChZDSUhNMG9nS0VJQ0FnSURZaXNuM1JnEAE,1.0,1,2026/07/26,2019/07/28,3,Google Maps,The lady who cut my hair was very short and rude. I found it very hard to understand her and she was irritated with me. She cut my hair so fast I wasn't sure if I should be impressed or nervous. That was before my roommates told me she completely messed up my neck line. There was nothing great about this clip.,"We're sorry to hear this was your experience. If you'd like, please email with the details and location or call us at 1-800-473-2825 ext 3. We will follow up with you from there. Thank you for reaching out, Zack."
ChZDSUhNMG9nS0VJQ0FnSURZdmFlYk9nEAE,5.0,0,2026/07/26,2019/07/28,3,Google Maps,,"Thank you, Luis!"
ChdDSUhNMG9nS0VJQ0FnSURZa19MWTlRRRAB,4.0,0,2026/07/26,2019/07/28,3,Google Maps,Well satisfied!,"We're sorry to hear this was your experience, Leo. If you'd like, please email with the details and location or call us at 1-800-473-2825 ext 3. We will follow up with you from there. Thank you for reaching out."
ChdDSUhNMG9nS0VJQ0FnSUM0aWFfSWhnRRAB,1.0,1,2026/07/26,2019/07/28,3,Google Maps,"very rude, made me cry, and embarrassed me. never coming back.","We're sorry to hear this was your experience, Sofia. If you'd like, please email with the details and location or call us at 1-800-473-2825 ext 3. We will follow up with you from there. Thank you for reaching out."
ChdDSUhNMG9nS0VJQ0FnSUQ0MXUybi1RRRAB,5.0,0,2026/07/26,2019/07/28,3,Google Maps,"Nice stylist. Listened to my wants, worked with me. Very accomadating.","Thank you for coming in, Dorothy! We are so glad you enjoyed your experience with us!"
ChZDSUhNMG9nS0VJQ0FnSUNFcU1XeWVBEAE,1.0,1,2026/07/26,2019/07/28,3,Google Maps,Absolutlety the worst service ever. Nancy was so rude when it came to correcting my son's hair. Very unprorfessional!!! I guess the extra miles to Austin for his haircuts from now on will be worth it. Save your time and money people. This service is not for you.,"We're sorry to hear this was your experience, Nicole. If you'd like, please email with the details and location or call us at 1-800-473-2825 ext 3. We will follow up with you from there. Thank you for reaching out."
ChdDSUhNMG9nS0VJQ0FnSURrMGFDSDB3RRAB,4.0,0,2026/07/26,2019/07/28,3,Google Maps,I like great clips .,"Thanks for being our customer, Olga!"
ChdDSUhNMG9nS0VJQ0FnSURraWJ2aTFRRRAB,5.0,0,2026/07/26,2019/07/28,3,Google Maps,Always do good,"We're always happy to help you, Katie! See you next time!"
ChZDSUhNMG9nS0VJQ0FnSURrMWJTRk5REAE,5.0,0,2026/07/26,2019/07/28,3,Google Maps,Everybody works very hard here and everybody tries their best to make each individual customer very happy but we’re all humans and we cannot make everybody happy .,"Thank you for being our customer, Nancy! We're always happy to help!"
ChdDSUhNMG9nS0VJQ0FnSURrazZyWDV3RRAB,5.0,0,2026/07/26,2019/07/28,3,Google Maps,,"Thank you for coming in, Peter!"
ChdDSUhNMG9nS0VJQ0FnSURrODhmUXFnRRAB,4.0,1,2026/07/26,2019/07/28,3,Google Maps,Amazing nice hairstyles! Wonderful work,"Thank you for being our customer, Jenifer! We're always happy to help!"
ChZDSUhNMG9nS0VJQ0FnSUNVNGJ6NFJ3EAE,5.0,0,2026/07/26,2019/07/28,3,Google Maps,Always look foward to getting my hair cut,"We love to hear this! Thanks for being our customer, Francisco!"
ChdDSUhNMG9nS0VJQ0FnSUNVeTdHendnRRAB,5.0,0,2026/07/26,2020/07/27,3,Google Maps,Great!,"Thank you, Rafael! We value your feedback!"
ChZDSUhNMG9nS0VJQ0FnSUNVM19uRVJ3EAE,4.0,1,2026/07/26,2020/07/27,3,Google Maps,"It's a good, cheap place to get your hair did. Some of the staff doesn't know what they are doing ...","Thank you for being our customer, Joseph! We're always happy to help!"
ChdDSUhNMG9nS0VJQ0FnSUNVdl9qMDJBRRAB,5.0,0,2026/07/26,2020/07/27,3,Google Maps,,"Thank you, Mohammed!"
ChZDSUhNMG9nS0VJQ0FnSURVeXJqM0tBEAE,5.0,0,2026/07/26,2020/07/27,3,Google Maps,,
ChdDSUhNMG9nS0VJQ0FnSUMwbW9tVThBRRAB,4.0,0,2026/07/26,2020/07/27,3,Google Maps,,"Thank you, Kristi!"
ChdDSUhNMG9nS0VJQ0FnSUMwaHJqTnRRRRAB,4.0,0,2026/07/26,2020/07/27,3,Google Maps,,"Thank you for your rating, David!"
ChdDSUhNMG9nS0VJQ0FnSUMwOWFhY3dBRRAB,5.0,0,2026/07/26,2020/07/27,3,Google Maps,,"We appreciate you being our customer, and are glad you enjoyed your experience with us!"
ChZDSUhNMG9nS0VJQ0FnSUMwdDlUT1pnEAE,5.0,0,2026/07/26,2020/07/27,3,Google Maps,Not much wait time. Great hair cut.,"Thank you for coming in, Mark! We hope to see you again!"
ChZDSUhNMG9nS0VJQ0FnSUMwbjVpVUdnEAE,1.0,2,2026/07/26,2020/07/27,3,Google Maps,"My wife came home in tears. Her hair was cut so short, worse than mine! She says she will never go back!","We're sorry to hear this was your experience, Jonathan. If you'd like, please email with the details and location or call us at 1-800-473-2825 ext 3. We will follow up with you from there. Thank you for reaching out."
ChdDSUhNMG9nS0VJQ0FnSUQwZ3AtWG9RRRAB,5.0,0,2026/07/26,2020/07/27,3,Google Maps,"Went in right as they opened on Sunday, got sat down immediately because no one else was there yet. Rhonda trimmed two inches off my hair and discussed some products I could use to help my damaged hair. I love the feeling of my hair now! And she was very nice. I will definitely be coming back for a trim again soon!","Thank you for coming in, Kayla! We look forward to seeing you next time!"
ChdDSUhNMG9nS0VJQ0FnSUQwaWI3ZzJ3RRAB,5.0,0,2026/07/26,2020/07/27,3,Google Maps,,"Thank you, Maria!"
ChZDSUhNMG9nS0VJQ0FnSUQwM2NYZUV3EAE,1.0,2,2026/07/26,2020/07/27,3,Google Maps,I walked in for a haircut 3 stylist were sitting down with their feet propped up on the chairs. I asked for a haircut one stylist took a minute away from her cell phone to tell her other two co workers one of you do it I just did one. The other two both said nooo nooo VERY RUDE AND UNPROFESSIONAL,"We're sorry to read this, Robin. If you'd like, please email with the details and location or call us at 1-800-473-2825 ext 3 so we can best assist you and follow up with you. Thank you."
ChZDSUhNMG9nS0VJQ0FnSUNNbXNqRkV3EAE,5.0,0,2026/07/26,2020/07/27,3,Google Maps,,"Thank you, Jennifer!"
ChdDSUhNMG9nS0VJQ0FnSURNb01EYnZRRRAB,5.0,0,2026/07/26,2020/07/27,3,Google Maps,,"Thank you for your rating, Joelle!"
ChZDSUhNMG9nS0VJQ0FnSURNanEzM01BEAE,4.0,0,2026/07/26,2020/07/27,3,Google Maps,"Cheap and simple haircuts. Different stylists can interpret directions differently, but for a cheap cut I can't complaint really","Thank you for being our customer, Maxime! We appreciate you!"
ChZDSUhNMG9nS0VJQ0FnSURNeGNuWVFREAE,5.0,0,2026/07/26,2020/07/27,3,Google Maps,,"Thank you, Siana!"
ChdDSUhNMG9nS0VJQ0FnSUNzNk1xbHh3RRAB,5.0,0,2026/07/26,2020/07/27,3,Google Maps,,"Thank you, Dawn!"
ChZDSUhNMG9nS0VJQ0FnSUNzdU43TElnEAE,5.0,0,2026/07/26,2020/07/27,3,Google Maps,Great haircut enjoy the experience,
ChdDSUhNMG9nS0VJQ0FnSUNzekx5OG9RRRAB,5.0,0,2026/07/26,2020/07/27,3,Google Maps,I love coming here to get a buzzcut,"Thank you for choosing Great Clips, Justin! We love having you as our customer!"
ChZDSUhNMG9nS0VJQ0FnSUNzM0lDZU5REAE,5.0,0,2026/07/26,2020/07/27,3,Google Maps,,"Thank you, Weida!"
ChdDSUhNMG9nS0VJQ0FnSUNzOGREV3dnRRAB,5.0,0,2026/07/26,2020/07/27,3,Google Maps,,"Thank you for being our customer, Ivey!"
ChZDSUhNMG9nS0VJQ0FnSUNzaWFLN0VnEAE,5.0,0,2026/07/26,2020/07/27,3,Google Maps,,"Thank you, Megan!"
ChdDSUhNMG9nS0VJQ0FnSUNzbzZMNHJRRRAB,5.0,0,2026/07/26,2020/07/27,3,Google Maps,,Thank you!
ChZDSUhNMG9nS0VJQ0FnSUNzNDZucGVnEAE,5.0,0,2026/07/26,2020/07/27,3,Google Maps,,"Thank you for your rating, Juliet!"
ChdDSUhNMG9nS0VJQ0FnSUNzMF9tRml3RRAB,5.0,0,2026/07/26,2020/07/27,3,Google Maps,,"Thank you for your rating, Michael!"
ChZDSUhNMG9nS0VJQ0FnSURzdE55SEVREAE,3.0,0,2026/07/26,2020/07/27,3,Google Maps,,"We appreciate your feedback, Blanca. If you'd like to share more regarding your review, please email with the details and location or call us at 1-800-473-2825 ext 3. We're always happy to help. Thank you!"
ChZDSUhNMG9nS0VJQ0FnSURzcXE3Q0F3EAE,4.0,0,2026/07/26,2020/07/27,3,Google Maps,,"Thank you, Tamera!"
ChZDSUhNMG9nS0VJQ0FnSURzNnZXTVZBEAE,5.0,0,2026/07/26,2020/07/27,3,Google Maps,,Thank you!
ChdDSUhNMG9nS0VJQ0FnSURzc1p2bl93RRAB,1.0,2,2026/07/26,2020/07/27,3,Google Maps,"Not only did the hair stylist do a horrible job with the haircut, she actually cut the back of my son's neck and behind both ears. She knew we were dissatisfied and didn't even offer an apology. Won't be coming back.","We're sorry to read this, Crystal. If you'd like, please email with the details and location or call us at 1-800-473-2825 ext 3 so we can best assist you and follow up with you. Thank you."
ChZDSUhNMG9nS0VJQ0FnSUNjNGE3U1RnEAE,4.0,1,2026/07/26,2020/07/27,3,Google Maps,For the first time i went here they did such a great job much better than super cuts,We appreciate you being our customer! We're always happy to help you!
ChZDSUhNMG9nS0VJQ0FnSURjeExiVUl3EAE,1.0,0,2026/07/26,2020/07/27,3,Google Maps,,"If you'd like to share more regarding your review, please email with the details and location. We're always happy to help. Thank you!"
ChdDSUhNMG9nS0VJQ0FnSURjMnZUaG13RRAB,1.0,7,2026/07/26,2020/07/27,3,Google Maps,My wife went in for the first and last time and was not happy with the out come and you may not either based on other reviews I've seen. Had to give to give it a star just to right a review but in my opinion it shouldn't even get a star. Maybe there stylist should have more training.,"We're sorry to read this, Joe. If you or your wife would like, please email with the details and location so we can best assist you and follow up with you. Thank you."
ChdDSUhNMG9nS0VJQ0FnSURjenJqMnhBRRAB,1.0,2,2026/07/26,2020/07/27,3,Google Maps,"They absolutely massacred my son's hair. It looks terrible. His bangs are totally uneven, he's got a weird patch of longer hair on the top of his head, and the entire cut is all around choppy and uneven. Severely disappointed. I could've done a better job at home.","We’re sorry to see this. If you would like a follow up, please email with the details and location or call us at 1-800-473-2825 ext 3. We will be happy to help you. Thank you."
ChdDSUhNMG9nS0VJQ0FnSURjMGV5VjJBRRAB,1.0,0,2026/07/26,2020/07/27,3,Google Maps,"This must’ve been the worst customer service experience I’ve ever had. I asked for simple layers, and the stylist Arlett chops off a huge bundle of my hair, I was mortified! stopped her to tell her that it wasn’t what I had asked for and she started arguing with me that it is how layers are done etc, I tried telling her that it is not but there was no point as she did not even want to hear it. No apology, comforting or an offer to fix it. She did, however, ask me what I wanted to do, I asked her if the person who cut my hair last time was available, she pointed at Nancy (curly hair) and asked if it was her I wanted, I wasn’t sure but I said yes as I feared Arlett would further botch my hair if I said no. I had to wait for Nancy for about 15 minutes, then when she became available; I spoke with her nicely and expressed that I’d hoped she could fix the mistake, she pretended like she couldn’t pinpoint a mistake, which got me even more frustrated. She claimed to be the store manager, I explained the issue to her and she could see that I was in distress because of the mistake her coworker did, still no apology and on top of that she didn’t even acknowledge a mistake, then she told me to ‘drop the attitude or else I won’t fix it’, wow! I wasn’t even yelling, being aggressive, cussing anyone out or making a scene in any way shape or form, all I was hoping for was a simple apology and the offer to fix it and make it better, which did not happen. I asked for the manager, Nancy said she’s the manager, I asked for their supervisor’s number and began calling the supervisor while standing in the lobby. Nancy then told me that I was no longer welcome at the store and must leave, my response was that I would like to speak with the supervisor while still inside the store, she then threatened that I either leave or she will call the cops, I told her that she could go ahead and do that. She called the cops and 2 police cars showed up, the officer asked me to step outside so we could talk, I explained the situation to him and his response was that their involvement was not justified in this issue, apologized for the poor customer service I had just experienced and left. I then was able to get a hold of the supervisor, he was extremely nice and apologetic, He acknowledged that I should not have been treated the way I was and promised that this wouldn’t happen in the future. I was humiliated, mistreated and mocked. All I wanted was a simple apology, some sympathy and the offer to get it fixed, that is it...","We’re sorry to see this. If you would like a follow up, please email with the details and location or call us at 1-800-473-2825 ext 3. We will be happy to help you. Thank you."
ChdDSUhNMG9nS0VJQ0FnSUM4bmRTQWhBRRAB,5.0,0,2026/07/26,2020/07/27,3,Google Maps,,"Thank you for your review, Jessica!"
ChdDSUhNMG9nS0VJQ0FnSUM4bV92RXR3RRAB,5.0,0,2026/07/26,2020/07/27,3,Google Maps,I had all kinds of greñas all over the place and Arlette hooked it up with an awesome cut!!!,"Thank you for coming in! We are always happy to help you, Erik!"
ChZDSUhNMG9nS0VJQ0FnSUQ4dGZUclB3EAE,5.0,0,2026/07/26,2020/07/27,3,Google Maps,,"Thank you for your rating, Tori!"
ChdDSUhNMG9nS0VJQ0FnSUQ4el9TWXpRRRAB,1.0,0,2026/07/26,2021/07/27,3,Google Maps,Just didn't have the information to basic questions.,"We're sorry to read this. If you'd like, please email with the details and location so we can best assist you and follow up with you. Thank you."
ChZDSUhNMG9nS0VJQ0FnSUNDbnVyRURnEAE,5.0,1,2026/07/26,2021/07/27,3,Google Maps,"I’m pretty picky when it comes to who cuts my hair, because I’m looking for something very specific. This is the first time I’ve found someone I trust to cut it well and consistently (I go in for a cut 2-3x a year). Thank you!","We appreciate you being our customer, and are glad you enjoyed your experience with us, Romario!"
ChZDSUhNMG9nS0VJQ0FnSUNDbDZpMEZnEAE,4.0,1,2026/07/26,2021/07/27,3,Google Maps,"I needed my hair cut so badly. The guy listened to me and when something bothered me on on side, he remembered when he got to the other side. Cutting hair while the client is wearing a mask has got to difficult. Overall I was satisfied with the cut, service, price, and wait time",
ChdDSUhNMG9nS0VJQ0FnSUNDMTQ3RTF3RRAB,5.0,0,2026/07/26,2021/07/27,3,Google Maps,,Thank you very much! We appreciate you being our customer!
ChZDSUhNMG9nS0VJQ0FnSURDeExEZUNREAE,1.0,0,2026/07/26,2021/07/27,3,Google Maps,This place is terrible. I checked in online an hour in advance. When I got there I had to wait another 20 minutes because their thermometer test said my temperature was running hot. The fact that it is summer and over 100 degrees outside does not seem to register with these people. But I guess Covid has most people doing ridiculous things in the name of public safety I got some 18 year old girl who I explained my haircut to multiple times and she still messed it up. When I asked her to correct it she got offended and I honestly believe that she then intentionally proceeded to cut a line in my hair cut in entirely the wrong place. When I noticed this at home I called the manager to schedule an appointment to get a correction on my next day off and the manager said I needed to come back that day or they were going to charge me for a new haircut. I feel bad that these people did not go out of business during the lockdown. I do not recommend this place to anyone.,Please email with the salon location and details or call us at 1-800-473-2825 ext 3. We will forward it onto the franchisee so they can get in touch with you regarding your concerns. Thank you.
ChZDSUhNMG9nS0VJQ0FnSURDNGNuX1h3EAE,2.0,0,2026/07/26,2021/07/27,3,Google Maps,,"We're sorry to see your rating, Lora. If you'd like to share more, please email with the details and location or call us at 1-800-473-2825 ext 3. We will get in touch with you from there. Thank you."
ChZDSUhNMG9nS0VJQ0FnSURDb19HRGZ3EAE,5.0,0,2026/07/26,2021/07/27,3,Google Maps,Friendly and know what they are doing,"Thank you for the great review, Brian! We love having you as our customer!"
ChZDSUhNMG9nS0VJQ0FnSURDbi1MUmFnEAE,1.0,1,2026/07/26,2021/07/27,3,Google Maps,I went in and asked owner how much for shampoo and blow dry and asked how much for that service. She asked the only stylist that was there how much would she charge and she said depends on how long it takes me. She could clearly see my hair length not sure why they would charge based on how long the stylist takes. There should be prices posted. Never heard of anything like that. So if she takes her time she gets paid more????,"Each location is independently owned and operated by a franchisee who sets their pricing. If you’d like a follow up, please email with the salon location and details. We will forward it onto the franchisee so they can get in touch with you regarding your concerns. Thank you, Sarah."
ChZDSUhNMG9nS0VJQ0FnSUNpenZ1RlNBEAE,5.0,0,2026/07/26,2021/07/27,3,Google Maps,Got a great cut from Nhu. She was very professional and fun to talk to. I've had great service 4 times in a row at the Manor Great Clips.,"We appreciate your review! Thank you for being our customer, Clint!"
ChZDSUhNMG9nS0VJQ0FnSUNTblozR2N3EAE,4.0,0,2026/07/26,2021/07/27,3,Google Maps,,"Thank you for your feedback, Cameron!"
ChdDSUhNMG9nS0VJQ0FnSURTMHA3RzRBRRAB,1.0,0,2026/07/26,2021/07/27,3,Google Maps,Sucked my hair is horrible 😫 …,"We’re sorry to see this. If you would like, please email with the details and location or call us at 1-800-473-2825 ext. 5. We will be happy to help you. Thank you, Margarito."
ChZDSUhNMG9nS0VJQ0FnSUN5d0lmRVVREAE,5.0,0,2026/07/26,2021/07/27,3,Google Maps,"As always, great service","We're always happy to help you, Ali! See you next time!"
ChZDSUhNMG9nS0VJQ0FnSUN5OU9lTk1REAE,1.0,0,2026/07/26,2021/07/27,3,Google Maps,,"We're sorry to see your rating, Jose. If you'd like to share more, please email with the details and location or call us at 1-800-473-2825 ext. 5. We will get in touch with you from there. Thank you."
ChZDSUhNMG9nS0VJQ0FnSUN5Nm92NkdBEAE,3.0,0,2026/07/26,2021/07/27,3,Google Maps,The hair stylists seem bothered. The haircut was rushed little attention to detail but ok. It is convinient to check in online.,"We're sorry to hear this was your experience, Neria. If you'd like, please email with the details and location or call us at 1-800-473-2825 ext. 5. We will be happy to help you. Thank you."
ChdDSUhNMG9nS0VJQ0FnSUN5azRyV2p3RRAB,1.0,0,2026/07/26,2021/07/27,3,Google Maps,"I went in for a haircut and the staff member refused to cut my hair because I ""have lice"" which is admittedly a valid reason to refuse service. So I immediately leave to go pay 20 dollars for an at home treatment. However when I got home and investigated my ""lice"" with my girlfriend we found that it was CLEARLY the same dandruff that I've had since I was a kid, NOT LICE. Granted, i should have gone in with a clean head, but shouldn't a professional beautician should know the difference between lice and dandruff? Im i the first person to come in with a dandruff in my hair? Now I have spent 20 dollars for a product i didn't need and I still don't have a haircut.","We're sorry to hear this was your experience, Justin. If you'd like, please email with the details and location or call us at 1-800-473-2825 ext. 5. We will be happy to help you. Thank you."
ChdDSUhNMG9nS0VJQ0FnSUR5M0ttOG13RRAB,5.0,0,2026/07/26,2021/07/27,3,Google Maps,Super sweet ladies! Fast and my daughter got a great cut!,"Thank you for being our customer, Becca! See you next time!"
ChZDSUhNMG9nS0VJQ0FnSUR5NW9LOURnEAE,4.0,0,2026/07/26,2021/07/27,3,Google Maps,,"Thank you for your feedback, Allan!"
ChdDSUhNMG9nS0VJQ0FnSUR5anN2UHRRRRAB,4.0,0,2026/07/26,2021/07/27,3,Google Maps,Always a go to if my barber is booked. Just make sure you check in online.,Thank you for being our customer! We're always happy to help!
ChdDSUhNMG9nS0VJQ0FnSUR5MWV6SDhRRRAB,1.0,0,2026/07/26,2021/07/27,3,Google Maps,Made my forehead bigger and the hair cut is ugly and I asked for something that I usually get at a barbershop,"We're sorry to hear this was your experience, Deandre. If you'd like, please email with the details and location or call us at 1-800-473-2825 ext. 5. We will be happy to help you. Thank you."
ChdDSUhNMG9nS0VJQ0FnSUR5ajVxQXBBRRAB,5.0,0,2026/07/26,2021/07/27,3,Google Maps,No problem. Great cut and she listened to what I wanted.,"Thank you for being our customer! We’re always happy to help you, Chris!"
ChdDSUhNMG9nS0VJQ0FnSUNLb1l5Ym5RRRAB,5.0,0,2026/07/26,2021/07/27,3,Google Maps,Jazz does great. Highly recommended.,"Thank you for the great review, Mark! We love having you as our customer!"
ChZDSUhNMG9nS0VJQ0FnSUNLMFpxN01nEAE,1.0,1,2026/07/26,2021/07/27,3,Google Maps,I’ve never had an issue with this place until now. I asked for a simple trim at the top of my hair and a cleanup. The hairstylist cut so much of my hair off. She didn’t even ask how much of it I wanted trimmed and decided to cut whatever she felt like off. She didn’t even ask about how I want my neck line done and decided to give me a rounded line up. The haircut was extremely rushed and looks awful now.,"We're sorry to hear this was your experience, Dinesh. If you'd like, please email with the details and location or call us at 1-800-473-2825 ext. 5. We will be happy to help you. Thank you."
ChdDSUhNMG9nS0VJQ0FnSUNLMllTQjVRRRAB,5.0,0,2026/07/26,2021/07/27,3,Google Maps,,Thank you for coming in! We look forward to your next visit!
ChZDSUhNMG9nS0VJQ0FnSUNLNWNXbFV3EAE,3.0,0,2026/07/26,2021/07/27,3,Google Maps,,"We appreciate your feedback. If you'd like to share more regarding your review, please email with the details and location or call us at 1-800-473-2825 ext. 5. We're always happy to help. Thank you!"
ChZDSUhNMG9nS0VJQ0FnSUNLaV9xRU1BEAE,5.0,0,2026/07/26,2021/07/27,3,Google Maps,Fast clean service,We love to hear this! Thank you!
ChdDSUhNMG9nS0VJQ0FnSURLLXV5YTN3RRAB,3.0,0,2026/07/26,2021/07/27,3,Google Maps,"I'm so disappointed!!! I went to Great Clips (Manor) today for a ""shampoo/ dead-end trim"". I signed-in upon arrival and waited about 35 minutes. Wait time is not my concern as I understand it's the Saturday before Mother's Day, I didn't have an appointment, or sign-in online. My Cosmetologist did fine with trim and was pleasant enough. Here's where my issue lies.. I sought out for a shampoo & haircut. I signed in at ""Great Clips"", and patiently waited over 30 minutes for my turn. I looked at ""services offered"" on website and they offer what I'm looking for. Upon signing in I noticed a couple of signs stating ""no beard/ mustache trims"". Ok, it makes sense because they require being unmasked. It's my turn and I mention my request for ""shampoo service"", to learn it's another service they don't offer... It's VERY frustrating to have done your research, read all posted signs, select desired service upon login, and wait your turn, then find out you will NOT be getting what you requested. I can certainly understand why you'd only want to offer almost $20 haircuts that take less than 5 minutes, but why waste your customers time by offering something you won't do???","We're sorry to hear this was your experience. If you'd like, please email with the details and location or call us at 1-800-473-2825 ext. 5. We will be happy to help you. Thank you."
ChdDSUhNMG9nS0VJQ0FnSURLaGEyXzNBRRAB,1.0,0,2026/07/26,2021/07/27,3,Google Maps,,"We're sorry to see your rating. If you'd like to share more, please email with the details and location or call us at 1-800-473-2825 ext. 5. We will get in touch with you from there. Thank you."
ChdDSUhNMG9nS0VJQ0FnSURLNTV1S3BRRRAB,5.0,0,2026/07/26,2021/07/27,3,Google Maps,Every time I come here I get a perfect hair cut. This is the best place that I've been to between Austin and Houston. I will be coming here for the rest of my life,"We are happy to hear this, Chris! See you next time!"
ChdDSUhNMG9nS0VJQ0FnSUNxNUl2RjZnRRAB,5.0,0,2026/07/26,2021/07/27,3,Google Maps,Love these guys!!!,Thank you for your loyalty! We look forward to seeing you again next time!
ChdDSUhNMG9nS0VJQ0FnSUNxbElLVGdnRRAB,1.0,0,2026/07/26,2021/07/27,3,Google Maps,"I brought my daughter in for a hair cut today and as I was waiting in the front to get her hair cut the hair stylist named Arlet waived me over to talk to her at the front counter, in front of other customers and told me she will not cut my daughters hair because she has lice. She did not even look at her hair,she just saw her itching because she has dandruff. I asked the other stylist to check her hair because there is no lice, just dandruff, the stylist confirmed there was no lice and cut her hair. Arlet had a horrible attitude and did not even apologize to us. Another customer even commented how rude she was to do that. It really hurt my daughter's feelings and I will not come back.","We’re sorry to see this, Ashley. If you would like, please email with the details and location or call us at 1-800-473-2825 ext. 5. We will be happy to help you. Thank you."
ChdDSUhNMG9nS0VJQ0FnSUNxOU96NWh3RRAB,5.0,0,2026/07/26,2021/07/27,3,Google Maps,,Thank you for your loyalty! We look forward to seeing you again next time!
ChdDSUhNMG9nS0VJQ0FnSUNxb3JXaWd3RRAB,5.0,0,2026/07/26,2021/07/27,3,Google Maps,Walked-in today for my son's haircut. The hairdresser who cut my son's hair was so patient and kind to my son. And the haircut looks amazing! We will definitely come back here when we go to manor,"Thank you for being our customer, Samson Family! See you next time!"
ChZDSUhNMG9nS0VJQ0FnSUNxZ1lmckJREAE,1.0,0,2026/07/26,2021/07/27,3,Google Maps,"I went in asked to get CURTAIN BANGS, and by the way my hair was long and it does not grow fast and once i realized it that it was not at all what i wanted it to look like she just heard bangs and chopped instead of asking if it was bangs or Curtain it was too late now they just look like regular bangs🙄","We're sorry to hear this, Suzie. If you would like, please email with the details and location or call us at 1-800-473-2825 ext. 5 so we can best assist you and contact you. Thank you for reaching out to us."
ChdDSUhNMG9nS0VJQ0FnSUNxNmZfZ29BRRAB,1.0,0,2026/07/26,2021/07/27,3,Google Maps,Always pushing the clippers too hard because they are rushing and hurt my kids head. Not coming back to this location.,"We’re sorry to see this, Scott. If you would like, please email with the details and location or call us at 1-800-473-2825 ext. 5. We will be happy to help you. Thank you."
ChdDSUhNMG9nS0VJQ0FnSURxbkt5QmxRRRAB,4.0,0,2026/07/26,2021/07/27,3,Google Maps,,We appreciate your rating! Thank you for stopping in!
ChZDSUhNMG9nS0VJQ0FnSURxM3EyX2ZBEAE,1.0,0,2026/07/26,2021/07/27,3,Google Maps,,"We're sorry to see your rating. If you'd like to share more, please email with the details and location or call us at 1-800-473-2825 ext. 5. We will get in touch with you from there. Thank you."
ChZDSUhNMG9nS0VJQ0FnSURxdnZhcmZREAE,1.0,0,2026/07/26,2021/07/27,3,Google Maps,El horario dice que cierran a las 7. Llegue a las 6:30 y la puerta ya la tenian cerrada .no me atendieron. La muchacha que estaba adentro no fue ni para decirme que cerraban temprano o algo.. solo me ignorò.,
ChZDSUhNMG9nS0VJQ0FnSURxaDVmUUdnEAE,1.0,1,2026/07/26,2021/07/27,3,Google Maps,Went it and asked for a mid fade and to cut the tips of my hair. What I got was a 1 all the way around and half of my hair gone at the top. I don’t if people dont know what just the tips are. Never going back again and will look for a new place. Just moved into this area and unfortunately great clips will not do.,"We're sorry to hear this. If you would like, please email with the details and location or call us at 1-800-473-2825 ext. 5 so we can best assist you and contact you. Thank you for reaching out to us."
ChZDSUhNMG9nS0VJQ0FnSUNhN3FQRUVBEAE,1.0,1,2026/07/26,2022/07/27,3,Google Maps,Decided to give them another chance after my first haircut was OK with the exception of my neck line being really high; figured I'd just tell them not to do it so high this time. Just needed a 1.5 on the side and the top trimmed. Apparently the side means all the way to the top with no blending and a trim means to cut 3/4 off. Worst haircut I've ever had. I'll never go back to this location.,"We're sorry to read this. If you'd like, please email with the details and location or call us at 1-800-473-2825 ext. 5 so we can best assist you and follow up with you. Thank you."
ChZDSUhNMG9nS0VJQ0FnSUNhdmV2Ykd3EAE,1.0,0,2026/07/26,2022/07/27,3,Google Maps,,"We're sorry to see your rating. If you'd like to share more, please email with the details and location or call us at 1-800-473-2825 ext. 5. We will get in touch with you from there. Thank you."
ChZDSUhNMG9nS0VJQ0FnSUNhdlpmOFh3EAE,1.0,0,2026/07/26,2022/07/27,3,Google Maps,,"We're sorry to see your rating. If you'd like to share more, please email with the details and location or call us at 1-800-473-2825 ext. 5. We will get in touch with you from there. Thank you."
ChZDSUhNMG9nS0VJQ0FnSURhdXN2VVB3EAE,5.0,0,2026/07/26,2022/07/27,3,Google Maps,Arlette was great! A+,"Thank you for the great review! We love having you as our customer, Hasan!"
ChZDSUhNMG9nS0VJQ0FnSUM2Nm9IS0R3EAE,5.0,0,2026/07/26,2022/07/27,3,Google Maps,Fast and great service!,"Thank you! We value your feedback, Valerie!"
ChZDSUhNMG9nS0VJQ0FnSUM2NC0zcFFnEAE,1.0,1,2026/07/26,2022/07/27,3,Google Maps,The hair stylist did not give me the hair cut I asked for. I even brought a picture and explained how I wanted the under cut. She just cut it how she wanted and did not listen when I questioned why she was not cutting the undercut as I wanted. It is hit and miss with this place. Now I need to wait for my hair to grow out and attempt to find a place that will give me the cut I want and not the cut the stylist wants to give. This is the second time this year I have had this happen to me here. I guess you get what you pay for ... a cheap cut that probably will not be what you want.,"We're sorry to hear this. If you would like, please email with the details and location or call us at 1-800-473-2825 ext. 5 so we can best assist you and contact you. Thank you for reaching out to us."
ChZDSUhNMG9nS0VJQ0FnSUQ2bUxLV1pnEAE,1.0,0,2026/07/26,2022/07/27,3,Google Maps,"Sent my son in to get a hair cut. 1 on the sides trim the top. They BUTCHERED his hair. The back was too high, uneven, and blunt. They used clippers on top cutting it too short and very choppy and uneven. I guess they let anyone cut hair now days at “Great” Clips.","We're sorry to read this, Carrie. If you'd like, please email with the details and location or call us at 1-800-473-2825 ext. 5 so we can best assist you and follow up with you. Thank you."
ChZDSUhNMG9nS0VJQ0FnSUQ2ck1yakNBEAE,1.0,0,2026/07/26,2022/07/27,3,Google Maps,"There is no point to there online check in, terrible service.","We're sorry to read this, Clayton. If you'd like, please email with the details and location or call us at 1-800-473-2825 ext. 5 so we can best assist you and follow up with you. Thank you."
ChdDSUhNMG9nS0VJQ0FnSUQ2dm83TDdRRRAB,3.0,0,2026/07/26,2022/07/27,3,Google Maps,It's okay if you don't want anything complicated. It was way understaffed as well. The area was clean and the one lady who was working was super busy. The store itself was well organized and clean.,"We appreciate your feedback. If you'd like to share more regarding your review, please email with the details and location or call us at 1-800-473-2825 ext. 5. We're always happy to help. Thank you, Michele."
ChdDSUhNMG9nS0VJQ0FnSUQ2cWNQMGlnRRAB,1.0,0,2026/07/26,2022/07/27,3,Google Maps,,"We're sorry to see your rating, Tina. If you'd like to share more, please email with the details and location or call us at 1-800-473-2825 ext. 5. We will get in touch with you from there. Thank you."
ChZDSUhNMG9nS0VJQ0FnSUNHcElfNU5BEAE,2.0,0,2026/07/26,2022/07/27,3,Google Maps,,"We're sorry to see your rating. If you'd like to share more, please email with the details and location or call us at 1-800-473-2825 ext. 5. We will get in touch with you from there. Thank you."
ChZDSUhNMG9nS0VJQ0FnSUNHak1USFlBEAE,3.0,3,2026/07/26,2022/07/27,3,Google Maps,Place was nice. Just had to wait like 3min in a saturday. Good price. The haircut looked good but it wasnt what i wanted. The lady didnt really understand what i wanted i guess even though i even showed her pictures. And i found it weird tht she didnt wet my hair to cut. Everytime ive gotten a haircut the ladies have always wet my hair. The one in yellow is my cut the other pic is what i wanted.,"We appreciate your feedback. If you'd like to share more regarding your review, please email with the details and location or call us at 1-800-473-2825 ext. 5. We're always happy to help. Thank you!"
ChZDSUhNMG9nS0VJQ0FnSUNHeGFEMURREAE,1.0,1,2026/07/26,2022/07/27,3,Google Maps,"My husband got a horrible haircut! He had to go to a different place to get it fix. I didnt get the hairstyle I asked for, the stylist was not professional. Hair stylists there are always talking bad about their job and how they dont like it there. We will never go back to this place ever again.","We're sorry to read this, Brenda. If you or your husband would like, please email with the details and location or call us at 1-800-473-2825 ext 3 so we can best assist you and follow up with you. Thank you."
ChZDSUhNMG9nS0VJQ0FnSUNHei1XeURREAE,4.0,0,2026/07/26,2022/07/27,3,Google Maps,,Thank you for your review! We look forward to seeing you next time!
ChdDSUhNMG9nS0VJQ0FnSURHbWUtdzBRRRAB,2.0,1,2026/07/26,2022/07/27,3,Google Maps,Do any of the employees there know what a fade is?,"We're sorry to read this, Justin. If you'd like, please email with the details and location or call us at 1-800-473-2825 ext 5 so we can best assist you and follow up with you. Thank you."
ChZDSUhNMG9nS0VJQ0FnSUNtanVQRFJ3EAE,5.0,0,2026/07/26,2022/07/27,3,Google Maps,Place stays pretty busy so to help things go faster I highly advise to check-in online.,"We appreciate you being our customer, and are glad you enjoyed your experience with us!"
ChdDSUhNMG9nS0VJQ0FnSURta0lUN213RRAB,1.0,2,2026/07/26,2022/07/27,3,Google Maps,"The lady did a horrible job on my husband's hair. She didn't do the edges like he told her TWICE, that he wanted square. She did round. She chopped off his side burns too. This was our first and last time at this location. I don't recommend anyone going there.","We're sorry to read this, Crystal. If you or your husband would like, please email with the details and location or call us at 1-800-473-2825 ext. 5 so we can best assist you and follow up with you. Thank you."
ChZDSUhNMG9nS0VJQ0FnSURtOE9mSFJnEAE,5.0,0,2026/07/26,2022/07/27,3,Google Maps,Friendly people.,"We love to hear this, Brian! Thank you!"
ChdDSUhNMG9nS0VJQ0FnSURtdHJEWnN3RRAB,5.0,2,2026/07/26,2022/07/27,3,Google Maps,"Nicest customer service Manor, TX location ROCKS!!! AWESOME gentlemen cut my long hair and made me feel awesome, my boyfriend can't wait to experience THE #1 GREAT CLIPS STYLES!!! Thanks Great Clips for all your hard work during these unprecedented times!!!",Thank you for your rating!
ChZDSUhNMG9nS0VJQ0FnSURtN3VpYkhnEAE,1.0,0,2026/07/26,2022/07/27,3,Google Maps,,"We're sorry to see your rating. If you'd like to share more, please email with the details and location or call us at 1-800-473-2825 ext. 5. We will get in touch with you from there. Thank you."
ChdDSUhNMG9nS0VJQ0FnSUNXb28yVnNRRRAB,1.0,0,2026/07/26,2022/07/27,3,Google Maps,"Randomly removed name from waitlist, saying names automatically get removed after an hour (and my wait time was over an hour). Horrible service","We're sorry to hear this. If you would like, please email with the details and location or call us at 1-800-473-2825 ext. 5 so we can best assist you and contact you. Thank you for reaching out to us."
ChZDSUhNMG9nS0VJQ0FnSUNXZzZ6QVZBEAE,2.0,3,2026/07/26,2022/07/27,3,Google Maps,"Let's just say, you get what you pay for. Yes this place is cheap but there is a reason for that. My ""stylist"" was playing online poker the entire time he was cutting my hair (which should have been my first red flag to get up and run). He drenched my hair and cut it wet (second big red flag since I have wavy hair). It seemed okay until I got home and dried my hair. That's when I saw the choppy, uneven, hack job. The only Haircut I've ever had worse than this one was when I literally took clippers to my own ponytail in desperation of Covid times. I only give two stars because my husband goes here and they do an okay job for him.","We're sorry to hear this. If you would like, please email with the details and location or call us at 1-800-473-2825 ext. 5 so we can best assist you and contact you. Thank you for reaching out to us."
ChZDSUhNMG9nS0VJQ0FnSURXX0x5aFVREAE,5.0,0,2026/07/26,2022/07/27,3,Google Maps,,"We appreciate you being our customer, and are glad you enjoyed your experience with us!"
ChZDSUhNMG9nS0VJQ0FnSURXdXFyU1dREAE,1.0,2,2026/07/26,2022/07/27,3,Google Maps,"How do I give 1/2 star? The 2 girls working there are sooo horrible. I asked for a high fade for my son and Nhu gave what looks like a Mohawk. Cut too much off the top it looks horrendous. The other girl Nancy who cut my hair did it in what seems record time like less then 10 minutes. She didn't speak to me once, when I payed barely acknowledged me, and when I said thank you she turned and walked away. Rude and with an attitude. Seriously don't know how this place can pay their rent.","We're sorry to hear this was your experience. If you'd like, please email with the details and location. We will be happy to help you. Thank you."
ChZDSUhNMG9nS0VJQ0FnSUMya3B5TmZREAE,1.0,0,2026/07/26,2022/07/27,3,Google Maps,,"We're sorry to see your rating. If you'd like to share more, please email with the details and location or call us at 1-800-473-2825 ext. 5. We will get in touch with you from there. Thank you, Saikiran."
ChdDSUhNMG9nS0VJQ0FnSUQyZ2Z6ZWhBRRAB,5.0,0,2026/07/26,2022/07/27,3,Google Maps,,"Thank you for your rating, Aiden!"
ChdDSUhNMG9nS0VJQ0FnSUQyMjkzbTBnRRAB,1.0,1,2026/07/26,2022/07/27,3,Google Maps,"The same guy who has cut my hair has also cut my husbands hair, he smells like cigarettes and literally took a facetime call with his girlfriend, or wife(?) while giving me a haircut. He jams the clippers against your head and when my husband mentioned that he was being stuck with the comb in his scalp was told “i’ll call china” I guess in reference to the manufacturer of the comb? Zero self awareness, unable to know how to respond when someone tells him he's hurting them and a crazy level of lack of understanding customer service. Its not even an option to ask for a different person because when asked if someone else was available he said “she’s in the back eating. Its her third time eating today, you know?” The wall decal in the store says “relax, you’re at great clips” but honestly, that’s the reason I’m stressing when I have to go local for a haircut.","We're sorry to read this, Josh. If you'd like, please email with the details and location or call us at 1-800-473-2825 ext. 5 so we can best assist you and follow up with you. Thank you."
ChdDSUhNMG9nS0VJQ0FnSUNPMDktbm53RRAB,5.0,0,2026/07/26,2022/07/27,3,Google Maps,,"Thank you for your review, Gilbert!"
ChZDSUhNMG9nS0VJQ0FnSURPX3ZiRFNnEAE,5.0,0,2026/07/26,2022/07/27,3,Google Maps,"So glad Great Clips is here! Love the senior price, too!",Thank you for being our customer! We’re always happy to help you!
ChdDSUhNMG9nS0VJQ0FnSURPdDdPSy1BRRAB,1.0,1,2026/07/26,2022/07/27,3,Google Maps,"My husband and I have been here only 3 times and each time they managed to butcher our hair. NOT worth the $19 per cut at all, go elsewhere.","We're sorry to read this, Eric. If you or your husband would like, please email with the details and location or call us at 1-800-473-2825 ext. 5 so we can best assist you and follow up with you. Thank you."
ChdDSUhNMG9nS0VJQ0FnSUN1MTc3ZjFRRRAB,5.0,0,2026/07/26,2023/07/27,3,Google Maps,Great service and great conversation,"Thanks for your positive review, Wayne!"
ChZDSUhNMG9nS0VJQ0FnSUN1bl9QWGVnEAE,4.0,0,2026/07/26,2023/07/27,3,Google Maps,,Thank you for your review. We appreciate your feedback!
ChdDSUhNMG9nS0VJQ0FnSUR1aUlLUjBRRRAB,2.0,0,2026/07/26,2023/07/27,3,Google Maps,Great people but not always satisfied with the haircut.,"We appreciate your feedback. If you would like to share more regarding your review, please email with the details and location. We’re always happy to help. Thank you!"
ChdDSUhNMG9nS0VJQ0FnSUR1MUpmVXhBRRAB,1.0,0,2026/07/26,2023/07/27,3,Google Maps,With all this bad reputation not so great clips just hires anybody that can comb and use scissors. There’s 1 person in there that always gets my cut right and sadly only works sundays she’s on the second chair to the left when you walk in.,"We're sorry to read this. If you'd like, please email with the details and location or call us at 1-800-473-2825 ext. 5 so we can best assist you and follow up with you. Thank you."
ChZDSUhNMG9nS0VJQ0FnSUR1anY3TGVREAE,5.0,0,2026/07/26,2023/07/27,3,Google Maps,,We appreciate you being our customer!
ChZDSUhNMG9nS0VJQ0FnSUR1dnR5UkhREAE,5.0,0,2026/07/26,2023/07/27,3,Google Maps,Great haircut. Good price,Thank you for being our customer! We’re always happy to help you!
ChdDSUhNMG9nS0VJQ0FnSUR1X18ycWtBRRAB,5.0,0,2026/07/26,2023/07/27,3,Google Maps,,"Thank you for your review, Usman!"
ChdDSUhNMG9nS0VJQ0FnSUNlc2JMeWlBRRAB,4.0,0,2026/07/26,2023/07/27,3,Google Maps,"This Great Clips appears to have a high turnover of workers. It is a gamble of whether you get a good stylist or not. Today I had Brittany. She was very good. She is 5 star, overall the place is a 4 star.","Thank you for coming in! We are always happy to help you, Joe!"
ChdDSUhNMG9nS0VJQ0FnSUNlbl9xNmx3RRAB,1.0,2,2026/07/26,2023/07/27,3,Google Maps,I would never recommend this place to anyone and I would never come here again I took my nephew there and the lady was trying to rush though his haircut. Then when I tried to ask her a question and she snaps on me saying that if I knew how to cut hair why did I bring him here and proceed to tell me well you can leave if you want and tells me to go to Jack's barbershop so I did and Ms Young fixed him up so well,"We're sorry to hear this was your experience. If you'd like, please email with the details and location. We will be happy to help you. Thank you."
ChdDSUhNMG9nS0VJQ0FnSURlZzZXdjJRRRAB,1.0,0,2026/07/26,2023/07/27,3,Google Maps,,"We're sorry to see your rating. If you'd like to share more, please email with the details and location. We will get in touch with you from there. Thank you."
ChdDSUhNMG9nS0VJQ0FnSUMtMnBXVzVnRRAB,4.0,0,2026/07/26,2023/07/27,3,Google Maps,,Thank you for being our customer! We’re always happy to help you!
ChdDSUhNMG9nS0VJQ0FnSUMtOFpqOTJ3RRAB,4.0,0,2026/07/26,2023/07/27,3,Google Maps,,"We appreciate your rating, Macy!"
ChZDSUhNMG9nS0VJQ0FnSUM0NkpHU1hBEAE,5.0,1,2026/07/26,2023/07/27,3,Google Maps,"No wait ,I had pre registered but no one in the store. Brittany the stylist was very pleasant and proficient, I got a great haircut and my eyebrows trimmed and was in and out in about 20 minutes. I will return and hopefully the same lady will be working then",Thank you for being our customer! We're always happy to help you!
ChdDSUhNMG9nS0VJQ0FnSUMtX1pfWDh3RRAB,5.0,0,2026/07/26,2023/07/27,3,Google Maps,Nice people. Great haircut.,"Thank you, Jason! We value your feedback!"
ChdDSUhNMG9nS0VJQ0FnSUMtN19yZnl3RRAB,4.0,0,2026/07/26,2023/07/27,3,Google Maps,,Thank you for your feedback!
ChdDSUhNMG9nS0VJQ0FnSUQtazVIQXpRRRAB,5.0,0,2026/07/26,2023/07/27,3,Google Maps,The haircut was good. Service was good. I am a veteran and went in on veterans day to get the card and they were out. I was asked to give name and phone number and they would be in touch regarding the veterans free haircut. No body called so when I went in they said I was to come back the next day but I was told they would call and that call didn't happen. They also said their manager had deleted the promo for the veterans haircut so I ended up paying for it.,We appreciate you being our customer and are glad you enjoyed your experience!
ChZDSUhNMG9nS0VJQ0FnSUQtNjdhLVd3EAE,4.0,0,2026/07/26,2023/07/27,3,Google Maps,Fast service. Staf is friendly and polite. Good work on the hair cut too!,We appreciate you being our customer and are glad you enjoyed your experience!
ChdDSUhNMG9nS0VJQ0FnSUNCd3VhMGdRRRAB,5.0,0,2026/07/26,2023/07/27,3,Google Maps,,Thank you for being our customer! We’re always happy to help you!
ChZDSUhNMG9nS0VJQ0FnSUNoaWR5aVpREAE,5.0,0,2026/07/26,2023/07/27,3,Google Maps,,"Thank you for your review, Billy!"
ChZDSUhNMG9nS0VJQ0FnSURoNHNUSFBBEAE,5.0,0,2026/07/26,2023/07/27,3,Google Maps,Great Place to get a haircut. Denene my hair stylist was good and took time to make sure I get a great haircut.,Thank you for your review. We appreciate your feedback!
ChdDSUhNMG9nS0VJQ0FnSURoenJPWjJRRRAB,2.0,0,2026/07/26,2023/07/27,3,Google Maps,They cut your hair how they like it. All instructions you give the barbers are useless.,"We're sorry to read this. If you'd like, please email with the details and location or call us at 1-800-473-2825 ext. 5 so we can best assist you and follow up with you. Thank you."
ChZDSUhNMG9nS0VJQ0FnSURoenJPRFJnEAE,1.0,0,2026/07/26,2023/07/27,3,Google Maps,,"We're sorry to see your rating. If you'd like to share more, please email with the details and location or call us at 1-800-473-2825 ext. 5. We will get in touch with you from there. Thank you."
ChZDSUhNMG9nS0VJQ0FnSURoeTkyNmRBEAE,5.0,0,2026/07/26,2023/07/27,3,Google Maps,"Good, clean place. Nice stylists. Highly recommend using the online check in to reduce wait times","Thank you, Gregory! We value your feedback!"
ChZDSUhNMG9nS0VJQ0FnSUNScU5pVFpnEAE,5.0,0,2026/07/26,2023/07/27,3,Google Maps,"I have really long hair. I asked to have 4 to 5 inches cut off, and long layers put in. She listened. My hair is also curly. She told me she would cut my hair dry. Which anyone with curly hair knows. Curly hair should be cut dry. Brittney did an out standing job. I stopped getting my hair cut 11 years ago, because they never listen. I will go back there. She did a outstanding job. Did just what I asked. I give her a 10. Thank you Brittney for your personal job I will go back.",Thank you for your review. We appreciate your feedback!
ChZDSUhNMG9nS0VJQ0FnSUNSdkxlNmVnEAE,1.0,0,2026/07/26,2023/07/27,3,Google Maps,"Bad customer service,trimmer was really hot and the blade cause a lot of irritation,when i told the guy he said it because the machine always on and he has to pour water on it to cool it down","We're sorry to hear this was your experience, Siju. If you'd like, please email with the details and location. We will be happy to help you. Thank you."
ChdDSUhNMG9nS0VJQ0FnSUNSOVllczJ3RRAB,5.0,0,2026/07/26,2023/07/27,3,Google Maps,Very Good!,Thank you for your review. We appreciate your feedback!
ChZDSUhNMG9nS0VJQ0FnSURBMXRLeU5BEAE,4.0,0,2026/07/26,2023/07/27,3,Google Maps,,Thank you!
ChdDSUhNMG9nS0VJQ0FnSURSd09UMTJ3RRAB,1.0,1,2026/07/26,2023/07/27,3,Google Maps,"Dont waste your money on a haircut you’ll be sitting there for 30 minutes. Employees are loud and unpleasant, horrible customer service","We're sorry to hear this was your experience. If you'd like, please email with the details and location. We will be happy to help you. Thank you."
ChZDSUhNMG9nS0VJQ0FnSURSc05HSGNnEAE,5.0,0,2026/07/26,2023/07/27,3,Google Maps,If you sign in online you can get in ! I have been happy with the staff and the cuts,Thank you for your review. We appreciate your feedback!
ChZDSUhNMG9nS0VJQ0FnSURSbjhxR2NBEAE,5.0,0,2026/07/26,2023/07/27,3,Google Maps,,We’re so happy we could help you look and feel great
ChdDSUhNMG9nS0VJQ0FnSUN4eUktZHV3RRAB,1.0,0,2026/07/26,2023/07/27,3,Google Maps,,"We're sorry to see your rating. If you'd like to share more, please email with the details and location. We will get in touch with you from there. Thank you."
ChdDSUhNMG9nS0VJQ0FnSUN4ak9QdHBnRRAB,3.0,0,2026/07/26,2023/07/27,3,Google Maps,I paid $19.00 for a 5 minute haircut. That’s expensive,"We appreciate your feedback. If you'd like to share more regarding your review, please email with the details and location. We're always happy to help. Thank you!"
ChZDSUhNMG9nS0VJQ0FnSUN4eWJQaWV3EAE,5.0,0,2026/07/26,2023/07/27,3,Google Maps,"I LOVE LOVE MY HAIRCUT!!!! My stylist I got was Denene. She is amazing 🤩 she is also very nice and knowledgeable. She also gave me options on how to do a curtain type of cut, that was very sweet and professional!! My thick hair usually takes over an hour, with her it did not take that long, I love her! I will be going back! I highly recommend her!! FYI this is my first visit.","We appreciate you being our customer, and are glad you enjoyed your experience with us!"
ChdDSUhNMG9nS0VJQ0FnSUN4aGU2YnRBRRAB,1.0,1,2026/07/26,2023/07/27,3,Google Maps,They were very rude and the cut my hair really short I asked for one of the girls names and she did not respond I ask for the owners name and they told me to Google it. This place is very poor customer service,"We're sorry to read this. If you'd like, please email with the details and location or call us at 1-800-473-2825 ext. 5 so we can best assist you and follow up with you. Thank you."
ChZDSUhNMG9nS0VJQ0FnSUN4MWZic1FnEAE,3.0,0,2026/07/26,2023/07/27,3,Google Maps,,"We appreciate your feedback. If you'd like to share more regarding your review, please email with the details and location. We're always happy to help. Thank you!"
ChZDSUhNMG9nS0VJQ0FnSUN4b19DdURREAE,5.0,0,2026/07/26,2023/07/27,3,Google Maps,,We appreciate you being our customer and are glad you enjoyed your experience!
ChdDSUhNMG9nS0VJQ0FnSUN4dTVpcXl3RRAB,2.0,0,2026/07/26,2023/07/27,3,Google Maps,,"We're sorry to see your rating. If you'd like to share more, please email with the details and location. We will get in touch with you from there. Thank you."
ChZDSUhNMG9nS0VJQ0FnSUR4NG9yYUd3EAE,1.0,0,2026/07/26,2023/07/27,3,Google Maps,The most important thing is the customers for a business! You can't close half an hour before the stipulated closing time!,"We're sorry to hear this was your experience. If you'd like, please email with the details and location. We will be happy to help you. Thank you."
ChdDSUhNMG9nS0VJQ0FnSUNKd0szaXdBRRAB,5.0,0,2026/07/26,2023/07/27,3,Google Maps,Great experience.,Thank you for being our customer! We’re always happy to help you!
ChZDSUhNMG9nS0VJQ0FnSURHMWNMWFBBEAE,1.0,0,2026/07/26,2023/07/27,3,Google Maps,Doors locked at 5 when they close at 6. Not the first time it happens. Was turned away yesterday and now this. Was a loyal customer but not anymore.,Thank you for being our customer! We appreciate your feedback!
ChZDSUhNMG9nS0VJQ0FnSUNKMXBYUk53EAE,1.0,0,2026/07/26,2023/07/27,3,Google Maps,Everyone is allowed to have a bad day but having attitude with a customer because you can't do what the other stylist did is not good business. I'll still go there but I won't let that woman touch my hair ever again.,"We're sorry to hear this was your experience. If you'd like, please email with the details and location. We will be happy to help you. Thank you."
ChdDSUhNMG9nS0VJQ0FnSUNKdG9lSjVRRRAB,5.0,0,2026/07/26,2023/07/27,3,Google Maps,,We appreciate you being our customer and are glad you enjoyed your experience!
ChZDSUhNMG9nS0VJQ0FnSUNKZ2ZPT1RREAE,4.0,0,2026/07/26,2023/07/27,3,Google Maps,,Thank you for being our customer! We’re always happy to help you!
ChZDSUhNMG9nS0VJQ0FnSUNKcGRHWkRBEAE,5.0,0,2026/07/26,2023/07/27,3,Google Maps,With the app i rarely have to wait more than 10 min and usually happy with the cut,"Thank you for being our customer! We’re always happy to help you, Robin!"
ChZDSUhNMG9nS0VJQ0FnSUNKdy03OWVBEAE,2.0,0,2026/07/26,2023/07/27,3,Google Maps,"I went to get a haircut, during the week day, not crowded, no one at all. The stylist looked at the pic, which is long with some layers. The stylist told me to go somewhere else to get my hair cut in different lengths because she didn’t know how. Really!!! I’m at a place that is supposed to cut hair and she told me to go where I could get it cut!! I was amazed. Of course I’m going somewhere else and letting everyone know they don’t cut hair.","We're sorry to hear this was your experience. If you'd like, please email with the details and location. We will be happy to help you. Thank you."
ChdDSUhNMG9nS0VJQ0FnSURKbktXVHh3RRAB,1.0,0,2026/07/26,2023/07/27,3,Google Maps,"Worst experience everrr…!!! This branch of Great clips sucksss…Me and a friend of mine went for a hair cut, stylist chose to give service to my friend alone and she was not even nice while talking to him. She looked so upset and showed so much attitude when my friend asked her to trim little more. She said I don’t cut twice. Like seriously? On the other hand, she did not give service to me saying she has hand pain and asked me visit some other day. Why would I visit your place again after such extremely horrible treatment of customers and service. “WORST STYLIST”","We're sorry to hear this was your experience. If you'd like, please email with the details and location. We will be happy to help you. Thank you."
ChZDSUhNMG9nS0VJQ0FnSUNKOXB2SVF3EAE,1.0,0,2026/07/26,2023/07/27,3,Google Maps,"Worst service ever! NHU serviced my 14 yr old daughter and she asked for shorter bangs, she told her no. Then she asked for shorter layers and she told her no again and that her hair would be too poofy especially if she didn't style it everyday. My daughter was not given the service she asked for and was upset. When i went back into the salon i asked for an owner/corporate number and her name. She wouldn't give either one. I asked her name and for a copy of the receipt she told me she threw it in the trash. She also said that she cut my daughter's hair before and that if she didn't like her she should go somewhere else. I stood there and asked again for a number and her name she told me to sit down because she was tired of me and didn't want to talk to me anymore. She was with with a client the other stylist ignored me and would not respond to my questions. No idea why this person is still employed here if there are numerous negative reviews about her. Very upsetting. I have left a message and am waiting for a call back Update I was contacted by corporate and was told I would receive a call from the owner and a follow-up by them neither has happened.","We're sorry to hear this was your experience. If you'd like, please email with the details and location. We will be happy to help you. Thank you."
ChdDSUhNMG9nS0VJQ0FnSURKN29majN3RRAB,1.0,1,2026/07/26,2023/07/27,3,Google Maps,"Horrible customer service, stylist avoid haircuts from children,rude and I will reach out to state board about this dirty salon reusing combs with out washing them , brushes full of other people's hair.Shame on you.","We're sorry to hear this was your experience. If you'd like, please email with the details and location. We will be happy to help you. Thank you."
ChdDSUhNMG9nS0VJQ0FnSURKbDYtUDZRRRAB,1.0,0,2026/07/26,2023/07/27,3,Google Maps,"Took my kid for a hair cut for a second time, first time was ok, this second time, the same stylist was so rude with him, pushing and pulling his head up and down without any kindness. Showed her the pic of the cut and wasn't even close to what we asked. So when she was done with the cut, I told her I was getting a cut as well. She told me to wait for another stylist as it was lunch time for her, then another customer arrived, and she quickly took care of him, moving me aside lol.. then I told here I was checking out.. do your self a favor and go somewhere else.. IF THERE WAS AN OPTION TO GIVE TOU 0 STAR, I WOULD DO IT FOR SURE.","We're sorry to hear this was your experience. If you'd like, please email with the details and location. We will be happy to help you. Thank you."
ChdDSUhNMG9nS0VJQ0FnSUNwcHV1T3VnRRAB,5.0,0,2026/07/26,2024/07/26,3,Google Maps,,Thank you for your review. We appreciate your feedback!
ChdDSUhNMG9nS0VJQ0FnSUNwNTU2X3lnRRAB,1.0,0,2026/07/26,2024/07/26,3,Google Maps,I just got the worst haircut I’ve ever gotten before. The lady was nice and all so I felt bad telling her she did a terrible job. I wish I could send pictures in this review. Literally going to get another cut tomorrow and hopefully I can find someone to fix my hair.,"We're sorry to hear this was your experience. If you'd like, please email with the details and location. We will be happy to help you. Thank you."
ChdDSUhNMG9nS0VJQ0FnSURwbkthTV93RRAB,5.0,0,2026/07/26,2024/07/26,3,Google Maps,"Rosy helped me out, i specifically asked for a 2 inch trim because im traumatized about asking for one thing and getting another. Super nice and sweet! Recommend",Thank you for being our customer!
ChZDSUhNMG9nS0VJQ0FnSUNad3BDNUh3EAE,1.0,0,2026/07/26,2024/07/26,3,Google Maps,Did not like my haircut. I should have read reviews before I went. She had gloves on and still didn’t want to scissor cut my hair. She buzzed me . last time I will ever go there.,"We're sorry to hear this was your experience. If you'd like, please email with the details and location. We will be happy to help you. Thank you."
ChZDSUhNMG9nS0VJQ0FnSUNabTZmVFpREAE,1.0,1,2026/07/26,2024/07/26,3,Google Maps,"The worst place , I came in to get clean up and beard First Lady she set me on chair then she say I don’t do beard wait for the other employee, waited 15 minutes then other one say I don’t do it too, remove your bear from the menu then. Unbelievable","We're sorry to hear this was your experience. If you'd like, please email with the details and location. We will be happy to help you. Thank you."
ChZDSUhNMG9nS0VJQ0FnSURaaE9qYlV3EAE,5.0,0,2026/07/26,2024/07/26,3,Google Maps,,We appreciate you being our customer and are glad you enjoyed your experience!
ChdDSUhNMG9nS0VJQ0FnSURaanJxSDNnRRAB,1.0,0,2026/07/26,2024/07/26,3,Google Maps,Bad customer service,"We're sorry to hear this was your experience. If you'd like, please email with the details and location. We will be happy to help you, Deanna. Thank you."
ChZDSUhNMG9nS0VJQ0FnSUM1bnB6RkJBEAE,5.0,0,2026/07/26,2024/07/26,3,Google Maps,very friendly and understanding staff,We appreciate you being our customer!
ChZDSUhNMG9nS0VJQ0FnSUQ1MmFhU05REAE,1.0,0,2026/07/26,2024/07/26,3,Google Maps,Bad haircut and very impatient guy.,"We're sorry to hear this was your experience. If you'd like, please email with the details and location. We will be happy to help you. Thank you."
ChZDSUhNMG9nS0VJQ0FnSURGc3YzMENBEAE,5.0,0,2026/07/26,2024/07/26,3,Google Maps,"Excellent service, amazing prices. Will definitely go again.","We appreciate you being our customer, and are glad you enjoyed your experience with us, Guillermo!"
ChdDSUhNMG9nS0VJQ0FnSURGbjVYUzJRRRAB,5.0,0,2026/07/26,2024/07/26,3,Google Maps,"I had the pleasure of getting my haircut by Rosie at Great Clips, and I couldn't be happier with the result! She listened attentively to exactly how I wanted my hair to be cut and styled, and she executed it perfectly. Rosie's skills and attention to detail truly shine through in her work. I left the salon feeling not only satisfied but also confident with my new haircut. Rosie is a true professional, and I highly recommend her to anyone looking for a fantastic hair cutting experience!",Thank you for being our customer! We’re always happy to help you!
ChdDSUhNMG9nS0VJQ0FnSUNsX01mRGp3RRAB,5.0,0,2026/07/26,2024/07/26,3,Google Maps,Well how can I start? Rosie is amazing. She has been doing my hair for 15 years. I don’t let anyone touch it unless it is Rosie. When I lived in Houston for 6years Rosie is who I always made sure I’ve visited. Not only does she do an amazing job on my hair each time but she knows my family and has always taken care of us with our needs in the salon. I will go anywhere where Rosie goes to get my haircut.I love Rosie and how easy she is to talk to. How she ask about me and around me. I’ve seen how many regulars come back specifically for Rosie. She’s open minded and will get the haircut/hairstyle you asked for. My recent one this week is below. I like to mess around with my hairstyles and she allows me to do it with confidence with how well I feel after the cut. See you soon Rosie,We appreciate you being our customer and are glad you enjoyed your experience!
ChdDSUhNMG9nS0VJQ0FnSUNsbnFDMDZRRRAB,5.0,1,2026/07/26,2024/07/26,3,Google Maps,Rosie at Great Clips was a breath of fresh air! Her talent in styling is only matched by her warm and welcoming personality. Left feeling cared for. Truly a lovely experience!,Thank you for being our customer! We’re always happy to help you!
ChdDSUhNMG9nS0VJQ0FnSURsXy1DU29BRRAB,2.0,0,2026/07/26,2024/07/26,3,Google Maps,,"We're sorry to see your rating. If you'd like to share more, please email with the details and location. We will get in touch with you from there. Thank you."
ChZDSUhNMG9nS0VJQ0FnSUMxd29pRExnEAE,1.0,0,2026/07/26,2024/07/26,3,Google Maps,,"We're sorry to see your rating. If you'd like to share more, please email with the details and location. We will get in touch with you from there. Thank you."
ChZDSUhNMG9nS0VJQ0FnSUNOMWNEc1NnEAE,1.0,0,2026/07/26,2024/07/26,3,Google Maps,Guy was very vulgar throughout my visit. Not a kid or woman friendly place.,"We're sorry to hear this was your experience. If you'd like, please email with the details and location. We will be happy to help you. Thank you."
ChdDSUhNMG9nS0VJQ0FnSUROdGVTSml3RRAB,5.0,0,2026/07/26,2024/07/26,3,Google Maps,Good hair cut and great service .,Thank you for being our customer! We’re always happy to help you!
ChdDSUhNMG9nS0VJQ0FnSUR0b01EVnRnRRAB,5.0,0,2026/07/26,2024/07/26,3,Google Maps,,Thank you for being our customer! We’re always happy to help you!
ChdDSUhNMG9nS0VJQ0FnSUN0ejRfS3hBRRAB,1.0,0,2026/07/26,2024/07/26,3,Google Maps,"The Great Clips branch in Manor needs to have more happy employees, seems that they are not happy with what they are doing, should get another line of work, I waited about 45 min after my appointment time was up and then with a very unhappy stylist (as they called themselves) in less than 6 or 7 minutes I was out at the payment station, with hair in my face and shoulders and not even a smile or thanks for choosing their facility. No going back 😞.","We're sorry to hear this was your experience. If you'd like, please email with the details and location. We will be happy to help you. Thank you."
ChZDSUhNMG9nS0VJQ0FnSURkbXBxSFFREAE,5.0,0,2026/07/26,2024/07/26,3,Google Maps,,We’re so happy we could help you look and feel great
ChdDSUhNMG9nS0VJQ0FnSURkbWFDZjRnRRAB,1.0,0,2026/07/26,2024/07/26,3,Google Maps,I went there around closing Wednesday night and the 2 ladies working doing the haircuts got in a big argument and starting cussing each other out!! It was absolutely ridiculous and unprofessional. We ended up leaving because of how loud and obnoxious it was getting and we couldn’t even get serviced!! I came there for a haircut not for a WWE match!! I ended up taking a video of how ridiculous it was.,"We're sorry to hear this was your experience. If you'd like, please email with the details and location. We will be happy to help you. Thank you."
ChdDSUhNMG9nS0VJQ0FnSUM5MWRydmxBRRAB,5.0,0,2026/07/26,2024/07/26,3,Google Maps,,Thank you for being our customer! We’re always happy to help you!
ChZDSUhNMG9nS0VJQ0FnSUQ5dUk2WFpnEAE,1.0,0,2026/07/26,2024/07/26,3,Google Maps,"I took my son to get a hair cut today around noon and the older black lady messed up his hair so bad and she didn't even said sorry she act like she don't care, and she was taking on phone ignoring my son,s request the worst of all I have to pay for that. I have been going there since it's opened but today you guys lost """"4"""" customers.","We're sorry to hear this was your experience. If you'd like, please email with the details and location. We will be happy to help you. Thank you."
ChZDSUhNMG9nS0VJQ0FnSUQ5a29lWEtBEAE,1.0,0,2026/07/26,2024/07/26,3,Google Maps,"I tried to cut my daughter's hair but felt like it wasn't 100% straight. So I brought her here, they charged me $18 and cut less than an inch from my daughter's hair to ""fix"" it. When we got home we noticed she didn't even cut it straight, so I paid for nothing really.",
ChdDSUhNMG9nS0VJQ0FnSUNEMXBMZTdRRRAB,5.0,0,2026/07/26,2024/07/26,3,Google Maps,"Great Service!! Maria was absolutely perfect. Needed a quick cut before flying back home and Maria was amazing. Great cut, beard trim and shape up better than barbershop. Excellent customer service. Next time I'm in Manor I'll be requesting a cut from Maria. Simply Flawless!",Thank you for being our customer! We’re always happy to help you!
ChdDSUhNMG9nS0VJQ0FnSUNEOWNDTHF3RRAB,5.0,0,2026/07/26,2024/07/26,3,Google Maps,Great haircut at a great price!,Thank you for being our customer! We’re always happy to help you!
ChZDSUhNMG9nS0VJQ0FnSUNEOVpuN0d3EAE,5.0,0,2026/07/26,2024/07/26,3,Google Maps,,Thank you for being our customer!
ChZDSUhNMG9nS0VJQ0FnSUNqc01YZURBEAE,1.0,0,2026/07/26,2024/07/26,3,Google Maps,"Had my hair cut after the bulk of the pandemic was behind us, it's taking me a year of it growing out to hopefully get a good cut. Will NOT be going back to Great Clips!","We're sorry to hear this was your experience. If you'd like, please email with the details and location. We will be happy to help you. Thank you."
ChZDSUhNMG9nS0VJQ0FnSUNqNjZ6ZVFBEAE,1.0,0,2026/07/26,2024/07/26,3,Google Maps,old black lady employee gave me the nastiest attitude today. super rude and unprofessional. thankfully she didn’t get to cut my hair. i gladly stood up from her chair and took my business elsewhere. customer beware‼️,"We're sorry to read this. If you'd like, please email with the details and location so we can best assist you and follow up with you. Thank you."
ChZDSUhNMG9nS0VJQ0FnSURqNnNfcWR3EAE,1.0,0,2026/07/26,2024/07/26,3,Google Maps,"If I could give a zero I would. Both are rude said they only do one style because anything else is to much work for them. Left haircuts patchy , wouldn't recommend at all .","We're sorry to hear this was your experience. If you'd like, please email with the details and location. We will be happy to help you. Thank you."
ChdDSUhNMG9nS0VJQ0FnSUNkb3MycTRnRRAB,5.0,0,2026/07/26,2024/07/26,3,Google Maps,muy buena la atención,We appreciate you being our customer and are glad you enjoyed your experience!
ChZDSUhNMG9nS0VJQ0FnSURUbEx2VlN3EAE,1.0,0,2026/07/26,2024/07/26,3,Google Maps,"Rude to begin with. One of my sons was throwing a tantrum and instead of being understanding she was already refusing to cut his hair assuming he wouldnt hold still. Which by the way he did hold still. Then when I asked for a mid fade she said ""go where his hair was cut before"". That is terrible service. I still allowed for her to cut my boys hair as it was necessary but worst service yet. *Update: I asked her to do the front edge up for my older son and almost sounded bothered. You can tell the edge up she did.","We're sorry to hear this was your experience. If you'd like, please email with the details and location. We will be happy to help you. Thank you."
ChdDSUhNMG9nS0VJQ0FnSURUNmNTR193RRAB,1.0,2,2026/07/26,2024/07/26,3,Google Maps,"Emailed the owner first, so I would not leave a bad review, no help 😒. Just told me next time get a different stylist, as well as they can not do fades. They are a designer stylist so fades are not their best strength. Seriously! I’m done going here and will go to barbershops from now on. Thanks for the information 🙏","We're sorry to read this. If you'd like, please email with the details and location so we can best assist you and follow up with you. Thank you."
ChZDSUhNMG9nS0VJQ0FnSURUN1pHb1dnEAE,1.0,2,2026/07/26,2024/07/26,3,Google Maps,"Got butchered ! Yesterday at great clips. I knew I should've waited !! This is the second time I let this lady cut my hair. So much for the ""benefit of the doubt"" gotta find me a full-time barber .","We're sorry to hear this was your experience. If you'd like, please email with the details and location. We will be happy to help you. Thank you."
ChdDSUhNMG9nS0VJQ0FnSUN6eWUzTXdnRRAB,2.0,2,2026/07/26,2024/07/26,3,Google Maps,Haircut turned out bad. Too short. Totally uneven on the sides. I look like a joke. You guys should hire better skilled cutters.,"We're sorry to read this. If you'd like, please email with the details and location so we can best assist you and follow up with you. Thank you."
ChZDSUhNMG9nS0VJQ0FnSUN6dDZtTU93EAE,1.0,0,2026/07/26,2024/07/26,3,Google Maps,,"We're sorry to see your rating. If you'd like to share more, please email with the details and location. We will get in touch with you from there. Thank you."
ChZDSUhNMG9nS0VJQ0FnSUNMd2JlMlR3EAE,1.0,3,2026/07/26,2024/07/26,3,Google Maps,"Today, I went to get a haircut and had the worst experience. The haircutter, Jackie, was the most disrespectful person I've encountered at this shop. I've been a regular here for a while, and everyone else has been amazing, friendly, and professional. However, Jackie was the complete opposite. This wasn't the first time she messed up my hair, but I was understanding initially and continued going back because of the other great staff members. Today, though, was extremely upsetting. When I explained what I wanted, Jackie did the opposite and responded with an attitude, saying she didn't understand my request. I asked her why she started cutting my hair if she didn't understand, and she didn't even apologize for the mistake, and proposed to have her colleague do my hair instead, making me very uncomfortable. I want to express my gratitude to the kind lady who fixed my hair (I forgot her name). I don't usually write reviews, but this experience needs to be addressed. I hope the management or ownership takes corrective actions.","We're sorry to hear this was your experience. If you'd like, please email with the details and location. We will be happy to help you. Thank you, Rob."
ChdDSUhNMG9nS0VJQ0FnSUNMMC0zbHlnRRAB,4.0,0,2026/07/26,2024/07/26,3,Google Maps,,"We're sorry to see your rating. If you'd like to share more, please email with the details and location. We will get in touch with you from there. Thank you."
ChZDSUhNMG9nS0VJQ0FnSUNicU9ub0R3EAE,5.0,0,2026/07/26,2024/07/26,3,Google Maps,"i really liked my cut, and the stylist was super friendly and caring. i forgot her name but think it was heather. will update if i see her. amazing service.",We appreciate you being our customer!
ChdDSUhNMG9nS0VJQ0FnSURiLTRHdzN3RRAB,1.0,0,2026/07/26,2025/07/26,3,Google Maps,,"We're sorry to see your rating. If you'd like to share more, please email with the details and location. We will get in touch with you from there. Thank you, Armando."
ChZDSUhNMG9nS0VJQ0FnSUNSNVB5Mkh3EAE,5.0,0,2026/07/26,2025/07/26,3,Google Maps,The lady that cuts my hair knows how I like it And she gets it right every time..,"Thank you for coming in! We are always happy to help you, Martin!"
ChdDSUhNMG9nS0VJQ0FnSUM3emJqbHZ3RRAB,1.0,0,2026/07/26,2025/07/26,3,Google Maps,,"We're sorry to see your rating. If you'd like to share more, please email with the details and location. We will get in touch with you from there. Thank you."
ChdDSUhNMG9nS0VJQ0FnSUM3Mzl5cWpnRRAB,1.0,0,2026/07/26,2025/07/26,3,Google Maps,"I had the worst experience today, I’ve always been coming here for my haircut since I live in manor but today there was an black woman (Jackie I guess is her name) she was rude and disrespectful to me, she was giving an attitude and hitting my head and my face with the scissors. I’m definitely not coming back here I’m coming for a haircut not to be treated bad","We're sorry to hear this, Dalver. If you would like, please email with the details and location so we can best assist you and contact you. Thank you for reaching out to us."
ChdDSUhNMG9nS0VJQ0FnSUQ3Z092RHNRRRAB,1.0,0,2026/07/26,2025/07/26,3,Google Maps,Make sure to checkin by 630 or they will refuse your Walk in. Just rude. My kid came prewashed and brushed and was turned away when online wait said only 6 mins. Get it together.,"We're sorry to hear this was your experience. If you'd like, please email with the details and location. We will be happy to help you. Thank you."
ChZDSUhNMG9nS0VJQ0FnSUQ3dXZIS2FBEAE,1.0,0,2026/07/26,2025/07/26,3,Google Maps,This a scam bro 22$ for like 5 minutes haircut not even a good service or any skill bad overall go to a local barber,"We're sorry to hear this was your experience. If you'd like, please email with the details and location. We will be happy to help you. Thank you, Sishir."
ChZDSUhNMG9nS0VJQ0FnSUNIOXFXR0hnEAE,3.0,0,2026/07/26,2025/07/26,3,Google Maps,"Got a bad haircut again... People that have been working there for a while all cut your hair good. Randomly there will be a newer person and a few of those butcher your haircut bad. Longer hairs sticking out in spots, bad fades , angkes visible. Etc","We appreciate your feedback. If you'd like to share more regarding your review, please email with the details and location. We're always happy to help. Thank you!"
ChZDSUhNMG9nS0VJQ0FnSUNIaFlQWUhBEAE,1.0,0,2026/07/26,2025/07/26,3,Google Maps,One tech and 6 people in line on a Friday,"We're sorry to hear this was your experience. If you'd like, please email with the details and location. We will be happy to help you. Thank you."
ChdDSUhNMG9nS0VJQ0FnSURIOXI2bGtBRRAB,1.0,0,2026/07/26,2025/07/26,3,Google Maps,"I had a horrible experience I asked for a trim and a 2 on the sides and she basically gave me a buzz cut, and it's not even.","We're sorry to hear this was your experience. If you'd like, please email with the details and location. We will be happy to help you. Thank you."
ChZDSUhNMG9nS0VJQ0FnSURIcDQ3WGRREAE,5.0,0,2026/07/26,2025/07/26,3,Google Maps,"Due to the closing of the Elgin,TX location, Manor Commons is now the closest to my residence.","Thank you for your review! We look forward to seeing you next time, Gregory!"
ChdDSUhNMG9nS0VJQ0FnSURueF9Eamh3RRAB,1.0,0,2026/07/26,2025/07/26,3,Google Maps,Worst haircut in my life.,"We’re sorry to see this Anna. If you would like, please email with the details and location. We will be happy to help you. Thank you."
ChZDSUhNMG9nS0VJQ0FnSURubjZLb1NnEAE,1.0,0,2026/07/26,2025/07/26,3,Google Maps,Came in yesterday for a haircut and wanted a clean shave. Black woman with glasses did my hair and I vow never to return. For once while shaving my mustache she almost cut my lip and on doing a quick job told she was done n still have hair on my face and chin. I asked her for after shave and she responded you need aftershave and took a bottle of alcohol and rubbed it on me On reaching my car looked in the mirror and with all the hair she left had to go to another barber to fix her mess. She is not qualified to be doing hair and with all the negative reviews you have one her it's head shaking why she still works there. Never coming back,"We're sorry to hear this was your experience. If you'd like, please email with the details and location. We will be happy to help you. Thank you."
ChdDSUhNMG9nS0VJQ0FnSURuXzlmYnZnRRAB,1.0,0,2026/07/26,2025/07/26,3,Google Maps,,"We're sorry to see your rating. If you'd like to share more, please email with the details and location. We will get in touch with you from there. Thank you."
ChZDSUhNMG9nS0VJQ0FnSUNYLXVpNlFnEAE,5.0,0,2026/07/26,2025/07/26,3,Google Maps,,Thank you for your review. We’re so happy we could help you look and feel great!
ChZDSUhNMG9nS0VJQ0FnSURYMU43RWVBEAE,1.0,0,2026/07/26,2025/07/26,3,Google Maps,1 styling there. If you complain you're next no matter what order you're in on the online app.,"We're sorry to read this Rene. If you'd like, please email with the details and location so we can best assist you and follow up with you. Thank you."
ChZDSUhNMG9nS0VJQ0FnSUMzMnF2ZUFnEAE,1.0,0,2026/07/26,2025/07/26,3,Google Maps,"Jacqueline D Nash Today, I had a truly disappointing experience at Great Clips. I took my four-year-old autistic brother there for a haircut, and unfortunately, the stylist did not do a good job. His hair ended up looking choppy and uneven, and when I pointed out a missed spot, she only made it worse. Not only that, but she also made inappropriate comments to my brother, repeatedly saying ""you're scared of water"" while spraying him with water and forcing his head down when he didn't respond to her commands. To top it off, when we decided not to leave a tip at the end, she called my mom crazy. When my mom went back inside to ask for a fix, my Mom told her he is autistic and she the stylist said “well I’m crazy” she then, showed no concern for the situation and simply brushed us off. It was only when her coworker stepped in to assist that we learned more about the stylist's behavior. Apparently, she was verbally abusive not only to her coworkers but also to customers. We were shocked and disappointed by the lack of professionalism and empathy displayed by this stylist at Great Clips.","We're sorry to read this. If you'd like, please email with the details and location so we can best assist you and follow up with you. Thank you."
ChdDSUhNMG9nS0VJQ0FnSUQzcE9qT2t3RRAB,4.0,0,2026/07/26,2025/07/26,3,Google Maps,,Thank you for your review. We’re glad we could get you the look you love for less!
ChdDSUhNMG9nS0VJQ0FnSUNQb09iWnFBRRAB,1.0,0,2026/07/26,2025/07/26,3,Google Maps,The lady in the shop is horrible. She finished my hair in 4 mins . Idk why was she in so hurry . She also messed up my side hair line I look ugly idk what should I say or do,"We're sorry to hear this, Joseph. If you would like, please email with the details and location so we can best assist you and contact you. Thank you for reaching out to us."
ChZDSUhNMG9nS0VJQ0FnSUNQa0t2YkNBEAE,1.0,0,2026/07/26,2025/07/26,3,Google Maps,"Oh boy where to start. I stopped going to great clips years ago because my hair would get butchered. About a month ago I needed a haircut badly and went to great clips in Lockart and got one of the best haircuts I’ve ever had from a lady named Cat. It completely changed my opinion. On Veterans Day I went to great clips in Manor and the owner greeted me asked if I was a veteran I said yes, and he shook my hand. I was very impressed… Now the lady that I ended up getting the haircut was awful. My hair isn’t hard. I get a high fade and trim the top. Make it look like a messy look. I told her the same thing I’ve been telling everyone for years. Well, she didn’t listen and ended up giving me a high and tight. Took close to 3” off the top and no fade at all. The front is about 1/2 shorter than the back which is weird since most people make the front longer than the back. It was horrible. It’s going to take me 3 months to grow it out. As much as I liked the owner there is absolutely no way I’ll ever go back. I told the lady I guess I should have been more specific on trimming the top. There is no way I’ll be able to do anything beside have it lay forward. She said sorry, I am the only one scheduled today… That tells me she only was thinking about herself. If I was offered free haircuts for life I would still not go back there.","We're sorry to hear this, Justice. If you would like, please email with the details and location so we can best assist you and contact you. Thank you for reaching out to us."
ChdDSUhNMG9nS0VJQ0FnSUN2eFpMTnBnRRAB,5.0,0,2026/07/26,2025/07/26,3,Google Maps,"Almost every time I go, their stylists do an excellent job with my hair and always take the time work with my requests. Would advise checking in early on weekends, especially sundays for the extended wait times.",Thank you for being our customer!
ChdDSUhNMG9nS0VJQ0FnSURmdXY2bzFnRRAB,5.0,0,2026/07/26,2025/07/26,3,Google Maps,My and Ingrid does a wonderful job on my two kids. They are very kind and does a excellent job on the haircuts. Perfect!!!!,"Thank you for your review! We look forward to seeing you next time, Robert!"
ChdDSUhNMG9nS0VJQ0FnSURfNnNHeHZ3RRAB,5.0,0,2026/07/26,2025/07/26,3,Google Maps,Did a quick and excellent job of my cutting my mangy mess of hair. Sweet and wonderful hair-stylist too. Thank you!,It's customers like you that make us GREAT! Thank you for taking the time to leave your review.
ChdDSUhNMG9nS0VJQ0FnTUNBaWZ1cDdnRRAB,1.0,0,2026/07/26,2025/07/26,3,Google Maps,02/01/2025 Please avoid this place I went there get my so sons hair cuts and I got skipped in line and they did a horrible job on my kids. If you can please avoid this place!!!! Even if they offered free hair cuts DONT DO IT I made the mistake for you,"We're sorry to read this. If you'd like, please email with the details and location so we can best assist you and follow up with you. Thank you, Manuel."
ChZDSUhNMG9nS0VJQ0FnTUNndEsyN2RREAE,1.0,0,2026/07/26,2025/07/26,3,Google Maps,"WORST EXPERIENCE OF MY LIFE. ruined my hair, sprayed it with rubbing alcohol, and used products i’m highly allergic to with no proper warning","We're sorry to hear this was your experience. If you'd like, please email with the details and location. We will be happy to help you. Thank you."
ChdDSUhNMG9nS0VJQ0FnTUNnMHJIb3lnRRAB,5.0,0,2026/07/26,2025/07/26,3,Google Maps,Always the best service and cut!,Thank you for leaving a review. We’re happy to have you as a customer and are glad you enjoyed your haircut!
ChdDSUhNMG9nS0VJQ0FnTURReDd6LTBnRRAB,5.0,0,2026/07/26,2025/07/26,3,Google Maps,,Thank you for your review! Your haircut details are saved in our Clip Notes® and we’ll make sure you get the same great look during future salon visits.
ChZDSUhNMG9nS0VJQ0FnTURJekwtQ0J3EAE,1.0,0,2026/07/26,2025/07/26,3,Google Maps,I shouldn’t give a star to begin with but it didn’t give me an option. My father walked in there with my sister and my niece so he could get a haircut and they refused his service and told my sister he looked “homeless” your company is lucky that I live in Houston because you wouldn’t want me to walk in your place of business. As a matter in fact give me the number to corporate. Never in my life have I ever had to hear a comment from a company that was so disrespectful and un professional.,"Hi Katelyn, thank you for sharing your feedback with us. We are sorry to hear about your father's experience and the comments made. Please reach out to so we can address this matter further."
ChZDSUhNMG9nS0VJQ0FnTURJckt5WVFBEAE,1.0,0,2026/07/26,2025/07/26,3,Google Maps,Over heard a conversation between a stylist and a man who came in with his family. It was DISGUSTING. They turned him away for appearing homeless? He wasn’t homeless. It hurt my feelings to even hear this happening In 2025? Never spending another dime here. DISGUSTING.,"Hi Laci, thank you for your feedback. We are sorry to hear about your experience and take this matter seriously. Please reach out to so we can address your concerns further."
Ci9DQUlRQUNvZENodHljRjlvT2xrNWIyWmFZVVEzUmxaaVNGaENObTVIYkZsalIwRRAB,1.0,0,2026/07/26,2025/07/26,3,Google Maps,"Tried to check in on the app to reserve a spot but it didn’t work. My wife tried to take our kids in for a cut and was told they cannot take anymore haircuts for the night as they close at 7pm, mind you it was 5:50, over an hour before they actually close. “Stylist” rudely told my wife that she should have checked in on the app and when she said that she tried they just shrugged it off and walked away. How is this place still open with the flood of 1 star reviews over the past 6 years..? This is absolute garbage and you lost four more customers.","Hi Rocco, thank you for sharing your feedback with us. We're sorry to hear about your experience and understand your frustration. Please reach out to our customer service at so we can see if there's a way we can make things right."
ChZDSUhNMG9nS0VLM1RtOFczMFl6d1RnEAE,1.0,0,2026/07/26,2025/07/26,3,Google Maps,Bad service asked for medium fade got a high fade jams cutters I to head,"Hi Douglas, thank you for your feedback. We're sorry to hear about your experience and would like to help. Please reach out to our customer service at so we can see if there's a way we can make things right."
Ci9DQUlRQUNvZENodHljRjlvT2tKaE9WTlFVbXh0VkVwSk9VYzJaRFZzYTJwQ2VuYxAB,5.0,0,2026/07/26,2025/07/26,3,Google Maps,The Vietnamese lady gave me a fade. She did really good. I recommend,"Thank you, J G, for your kind words and recommendation! We're thrilled to hear you enjoyed your fade. We look forward to seeing you again soon!"
Ci9DQUlRQUNvZENodHljRjlvT201bWExVlFaa3A2Y2xkSFdWa3lhamRpVUc1NGExRRAB,5.0,0,2026/07/26,2025/07/26,3,Google Maps,Fast and great customer service and very satisfied with my stylist.,"Thank you, Victor, for your wonderful review! We're thrilled to hear that you enjoyed our fast and great customer service and that you're satisfied with your stylist. We look forward to seeing you again soon!"
Ci9DQUlRQUNvZENodHljRjlvT25WMVYxSTBiMmMxYjFCc056UkdNbUZNYURRd1JHYxAB,5.0,0,2026/07/26,2025/07/26,3,Google Maps,My was absolutely wonderful!! She thinned my hair out and it was so much lighter! Thank you!!!😍 …,"Thank you, Megan, for your wonderful review! We're thrilled to hear that you loved your haircut and that it made your hair feel lighter. We look forward to seeing you again soon!"
Ci9DQUlRQUNvZENodHljRjlvT25NMVNqbGpZbEJIU0dORFdWVnhkRWxEUkdrM01HYxAB,5.0,0,2026/07/26,2025/08/30,3,Google Maps,I get my haircuts here twice a month. Been going for over a year now.,"Hi Luis, thank you for your loyalty and for sharing your positive experience with us! We're thrilled to be your go-to spot for haircuts. Looking forward to seeing you again soon!"
Ci9DQUlRQUNvZENodHljRjlvT2s1VVVEWTNXbXMzT1ZvM1kwTm1VMnRKY1ZNeWRVRRAB,5.0,0,2026/07/26,2025/08/30,3,Google Maps,Rudy was excellent.,"Hi Stephen, thank you for your review! We're thrilled to hear that Rudy provided you with an excellent experience. We look forward to seeing you again soon!"
Ci9DQUlRQUNvZENodHljRjlvT25neGNIaFNWbk5WVlcxMmVVZE1XVEp5WDJWb1EzYxAB,5.0,0,2026/07/26,2025/08/30,3,Google Maps,,Thank you for your review. We’re so happy we could help you look and feel great!
Ci9DQUlRQUNvZENodHljRjlvT25sRWVFaHRXRk5OVGxsWFdUbG9RVjlYYkhWcVExRRAB,5.0,0,2026/07/26,2025/08/30,3,Google Maps,,Thank you for your review. We appreciate you being our customer and are glad you enjoyed your experience!
Ci9DQUlRQUNvZENodHljRjlvT2pjM2VtVjBNRXh1Y3pKWVVFbDZRbXd3Ym1SeFVFRRAB,5.0,0,2026/07/26,2025/09/29,3,Google Maps,I get a regular-man haircut but they're always super polite and quick while doing a really good job,"Hi Ray, thank you for your kind words! We're thrilled to hear that you enjoy the service and appreciate our team's politeness and efficiency. We look forward to seeing you again soon!"
Ci9DQUlRQUNvZENodHljRjlvT2kxdFF6Wk1VRlF3U1RjdE9URnFNblpMWXpGRGRIYxAB,4.0,0,2026/07/26,2025/09/29,3,Google Maps,"Good service but constant new people. They put notes to remember what you like, though","Thank you for your feedback, Dany! We're glad to hear you appreciate our service and the effort to remember your preferences. We hope to continue providing a great experience for you in the future."
Ci9DQUlRQUNvZENodHljRjlvT25aU1ZWUjVYMkphYVZSNVRtVTNVbFZvTFVoek1XYxAB,1.0,0,2026/07/26,2025/09/29,3,Google Maps,Never again,"Hi Kevin, we're sorry to hear about your experience. Please reach out to our customer service at so we can see if there's a way we can make things right. Thank you for your feedback."
Ci9DQUlRQUNvZENodHljRjlvT2xjelpVdDFNbTEzVW01UVduTnNNMDlXU201T1IzYxAB,1.0,0,2026/07/26,2025/09/29,3,Google Maps,"This location has a Hispanic male stylist that is extremely disrespectful to his co workers. Making fun of his coworker, also male because he was not comfortable cutting a black ladies hair. Constantly laughing at him. Telling him to hurry up in spanish. The stylist that he was making fun of and harassing cut my hair and did a great job a few days ago. He is the reason I brought my son to this location. Unfortunately we where not able to have him cut his hair. I would hope that someone gets this under control. I will never let this stylist cut my hair because of his disrespectful nature. But I will be back for the Asian stylist. He did a great job on my hair!","Hi Ryan, thank you for sharing your experience with us. We're sorry to hear about the behavior you witnessed and appreciate your feedback. Please reach out to our customer service at so we can look into this further."
Ci9DQUlRQUNvZENodHljRjlvT2pGNlkwcERiVVIwUjJSM1kxQk9aMHhWTjA1eWJFRRAB,5.0,0,2026/07/26,2025/09/29,3,Google Maps,"Online booking, with a countdown timer to your appointment. Very professional and courteous staff who cares about what they do. Love this place!","Hi Robert, thank you for your wonderful review! We're thrilled to hear that you enjoyed our online booking system and had a great experience with our staff. We look forward to seeing you again soon!"
Ci9DQUlRQUNvZENodHljRjlvT2kxTmJHMTZRVEZpYTJsa2FVMWllbVZMV2tjeVExRRAB,1.0,0,2026/07/26,2025/10/29,3,Google Maps,,"We’re disappointed to hear about your recent experience, and we appreciate you bringing this to our attention. Your feedback helps us improve, and we want every visit to be great. If you’re willing, please reach out to us at we can learn more and work to address any concerns. Thank you for giving us the chance to make things right."
Ci9DQUlRQUNvZENodHljRjlvT2xaeWQxQm5hMTl5T1VKT2NqUXpVVzVyYjBWR2NVRRAB,1.0,0,2026/07/26,2025/11/28,3,Google Maps,"Barbour couldn't follow instructions to leave length up top, ruined the haircut. Says “oh” after he realizes his mistake. Been going there for a year and it has instructions on how my hair is cut on my profile. Wouldn’t recommend.","Hi D k, thank you for sharing your feedback with us. We're sorry to hear about your recent experience and understand your frustration. Please reach out to our customer service at so we can see if there's a way we can make things right."
Ci9DQUlRQUNvZENodHljRjlvT21KTVMydDNNWFYyVkhGUVNYcHNVRkJWY25KVlgxRRAB,1.0,0,2026/07/26,2025/11/28,3,Google Maps,"The staff are friendly, but the haircut I received was very poor. People often say you get what you pay for, yet this salon charges exorbitant rates for subpar results. If you’re a woman, I would strongly recommend avoiding this place.","Hi Tisha, thank you for sharing your feedback with us. We're sorry to hear about your experience and appreciate your input. Please reach out to our customer service at so we can see if there's a way we can make things right."
ChdDSUhNMG9nS0VJQ0FnSUNEbzRDaWlnRRAB,5.0,0,2026/07/26,2025/11/28,3,Google Maps,,Thank you for being our customer!
Ci9DQUlRQUNvZENodHljRjlvT2tZelNXbEhRazl6V1hoa1ZXWkhhV293Um5kSVoyYxAB,1.0,0,2026/07/26,2025/11/28,3,Google Maps,"Haircut I received felt rushed because the stylist was having to also attend to the front desk. Upon leaving and getting a better look, I noticed my hair is incredibly uneven in places. How do you mess up a Buzz Cut this badly? Thank goodness my wife was able to clean it up. Do better.",
Ci9DQUlRQUNvZENodHljRjlvT25ZM09VUlRhbmxzYmtwQ09EWlNiRkpHU3pWNVVXYxAB,3.0,0,2026/07/26,2025/12/28,3,Google Maps,,"Thank you for taking the time to share your review. We appreciate your honest feedback and are always looking for ways to improve. If you have specific feedback from your experience, we’d love to hear from you at ."
Ci9DQUlRQUNvZENodHljRjlvT2t0NmJsbDBOWHBCYlZOdFRIcGtjSGxEU1VadmNuYxAB,2.0,0,2026/07/26,2026/01/27,3,Google Maps,The people working there were not very attentive to customers when they came in the door. And to wait and wait and wait and then finally get seen.,"Hi John, thank you for sharing your feedback with us. We're sorry to hear about your experience and appreciate you bringing this to our attention. Please reach out to our customer service at so we can see if there's a way we can make things right."
Ci9DQUlRQUNvZENodHljRjlvT2twTldDMVpjVEpWTWpJMGFsaHpiVlpYVld0Q1JXYxAB,1.0,0,2026/07/26,2026/01/27,3,Google Maps,"I took my 6-year-old brother to get a haircut and the barber, who appeared to be Vietnamese, acted extremely unprofessional. He was joking loudly with his coworkers in a very weird and uncomfortable way the entire time. I clearly showed him a picture of the haircut I wanted, and he completely ignored it and gave my brother a horribly uneven buzz cut that looks awful. He was holding my brother’s head way too tightly and cutting his hair like he was trying to shave him bald. When I told him to be gentle, he got visibly frustrated and started talking in an annoyed tone. I told him this was not what I asked for, and he kept arguing, saying “No, no, it’s a good haircut,” even though it clearly wasn’t. On top of all that, his hygiene was disgusting and his nails were filthy and it made the whole experience even worse. Very bad service, zero professionalism, and terrible hygiene. Do NOT recommend this place at all.","Hi Emad, thank you for sharing your feedback with us. We're sorry to hear about your experience and appreciate you bringing these concerns to our attention. Please reach out to our customer service at so we can see if there's a way we can make things right."
Ci9DQUlRQUNvZENodHljRjlvT25FMWEycG9jWEZDVmtwd2FrUXpPR1Z0VldOa04yYxAB,1.0,0,2026/07/26,2026/01/27,3,Google Maps,"Very unprofessional very unprofessional I took my 10-year-old Son to get a haircut and the barber, who appeared to be Vietnamese, acted extremely unprofessional. He was talking very weird and uncomfortable way the entire time. I clearly showed him a picture of the haircut I wanted, and he completely ignored it and gave my Son a horribly uneven buzz cut that looks awful. He was holding my Son’s head way too tightly and cutting his hair like he was trying to shave him bald. When I told him to be gentle, he got visibly frustrated and started talking in an annoyed tone. I told him this was not what I asked for, and he kept arguing, saying “No, no, it’s a good haircut,” even though it clearly wasn’t. On top of all that, his hygiene was disgusting and his nails were filthy and it made the whole experience even worse. Very bad service, zero professionalism, and terrible hygiene. Do NOT recommend this place at all.","Hi Zaryali, thank you for sharing your feedback with us. We're sorry to hear about your experience and would like to address your concerns. Please reach out to our customer service at so we can see if there's a way we can make things right."
Ci9DQUlRQUNvZENodHljRjlvT21kelJtMVNPRUpEUVdOSGQwUXhXWFpHYURWWGFIYxAB,5.0,0,2026/07/26,2026/02/26,3,Google Maps,I didn't have to wait for a haircut. The haircut I received was really good and less expensive than other places. I will return,"Thank you, Kevin, for your wonderful review! We're thrilled to hear that you enjoyed your haircut and found it to be a great value. We look forward to welcoming you back soon!"
Ci9DQUlRQUNvZENodHljRjlvT25kMVZGaEllRGx3ZG5kNFowRkZRbmhsWTBvMFVGRRAB,5.0,0,2026/07/26,2026/02/26,3,Google Maps,Great haircut from Rudy. Guy had me looking fresh immediately. Highly recommend.,"Thank you, Alek, for your wonderful review! We're thrilled to hear that Rudy provided you with a great haircut. We appreciate your recommendation and look forward to seeing you again soon!"
Ci9DQUlRQUNvZENodHljRjlvT2xwc2MzWkVXRmxtVTNaNVlXcGpRWFV6U0ZGM1ltYxAB,5.0,0,2026/07/26,2026/02/26,3,Google Maps,"Rudy has brought my hair back to life, I got a horrible haircut somewhere else months ago and he has been getting my hair back on track for months now. I get compliments on my hair all the time in public. He really is too talented for Great Clips but I am so thankful he is there. Thanks Rudy for bringing my hair back to life! I would recommend asking for Rudy when you go in!","Thank you, Shannon, for your wonderful review! We're thrilled to hear that Rudy has been able to bring your hair back to life and that you're receiving compliments. We appreciate your recommendation and look forward to seeing you again soon!"
Ci9DQUlRQUNvZENodHljRjlvT2twbE9WaHFlVTEzZVZaV2RFNDBiVkZTWm10VlNHYxAB,1.0,0,2026/07/26,2026/02/26,3,Google Maps,javi cutzz is the best barber. dont come to this barbershop they sprayed after shave on me and it irritated me because one of the barbers cut me with the blade.,"Hi Hassan, thank you for your review. We're sorry to hear about your experience and appreciate your feedback. Please reach out to our customer service at so we can see if there's a way we can make things right."
Ci9DQUlRQUNvZENodHljRjlvT25wSFUxcEtaRVpSWW1kVWJFOHlNV2hPTFZKV1JsRRAB,5.0,0,2026/07/26,2026/02/26,3,Google Maps,"Diana was fantastic, she gave me a great recommendation on my haircut and made me feel happy about coming back. Thank you!","Hi Matt, thank you for your wonderful review! We're thrilled to hear that Diana made your visit enjoyable and that you're happy with your haircut. We look forward to seeing you again soon!"
Ci9DQUlRQUNvZENodHljRjlvT2xaTlVVSjJZa3hTYkc5SWVGTk9TVU5MU0hWM1gzYxAB,5.0,0,2026/07/26,2026/03/28,3,Google Maps,"Marina is phenomenal! I've been living in texas for 13 years and have tried many different salons looking for a feathered hair cut. She is the first stylist that gave me what I wanted. I have very thick hair as well. She thinned it, gave me the cut I showed her, and was a great conversation!100 out of 10. I will go back to Marina","Thank you so much for your wonderful review, Sarah! We're thrilled to hear that Marina was able to give you the perfect feathered haircut and enjoyable experience. We look forward to welcoming you back soon!"
Ci9DQUlRQUNvZENodHljRjlvT25aQmRsbERaRFF5WHpGQlZFZGlMVWRUTURoNlVuYxAB,5.0,0,2026/07/26,2026/03/28,3,Google Maps,"It's usually fine, but the last time I was at this location, Long cut my hair, and he cut it 1 1/2 inches shorter on one side than the other. This time Rudy fixed that problem and cut it right. He was apologetic about Long's mistake and very accommodating and friendly the entire time he cut my hair. I will never have my hair cut by Long again. Rudy is my guy. :)","Thank you, Lisa, for your feedback! We're glad to hear that Rudy was able to fix the issue and provide you with a great experience. If you have any further concerns, please reach out to our customer service at"
Ci9DQUlRQUNvZENodHljRjlvT2pocFlYRTJiRWxEYTBGcldXdFNlRWxQV2pKblMwRRAB,5.0,0,2026/07/26,2026/04/27,3,Google Maps,Rudy was fantastic! He was so happy and energetic despite being shortstaffed and the only one there with a lobby full of people waiting. He worked great with my 2 year old as well!,"Hi Melissa, thank you for your wonderful review! We're thrilled to hear that Rudy made your visit enjoyable and worked well with your little one. We look forward to seeing you again soon! -Great Clips Customer Service"
Ci9DQUlRQUNvZENodHljRjlvT201c1dFeHlYM1JaVEdFeVJUSkdSVTFKUkV0RE5rRRAB,1.0,0,2026/07/26,2026/05/27,3,Google Maps,,"Thank you for sharing your feedback with us. We’re sorry to hear that your experience didn’t meet your expectations. We’re committed to providing great experiences and input like yours helps us get there. If you’d like, please reach out to us directly at so we can understand more about what happened and see if there’s a way we can make things right."
Ci9DQUlRQUNvZENodHljRjlvT2tkeVdHWnNUVTFZUmpRM2EzY3RMV056WDI5TWFIYxAB,4.0,0,2026/07/26,2026/05/27,3,Google Maps,"Today, I came in because I had limited time for a haircut and wanted to give this place another try. This time I was pleasantly surprised and was greeted enthusiastically, taken back for my haircut right away and received exactly the cut that I was seeking. This experience has changed my mind about recommending Great clips and I will be doing so in the future. I'm so glad I came back and gave this place another try! My prior visit was in early February, 2026. I wanted my haircut for a presentation I'm making soon and I brought a photo of the cut I wanted. The stylist told me he could cut my hair like I wanted, but then proceeded to use only thinning shears on my entire head. I told him I did not want it very short and to stop but he kept cutting. He did not understand me because he only speaks Vietnamese. Another stylist came over to help and told him to use his translator. That did not help either. When I told him I did not like my haircut he became rude and arrogant. At best, this stylist needs additional training and a really good class on customer service skills. The only thing that saved me from walking out was the other stylist, Diana, who needs a lot of credit for being gracious. The first photo is what I wanted and the other two are what I got.","Hi Donna, thank you for sharing your experience with us. We're sorry to hear about the challenges you faced during your visit and appreciate your feedback. Please reach out to our customer service at so we can see if there's a way we can make things right."
Ci9DQUlRQUNvZENodHljRjlvT25rdFQycHNjVWgyUVRrelpsZGxURE5mVGtrNWMzYxAB,5.0,0,2026/07/26,2026/05/27,3,Google Maps,Fast friendly service,"Hi Thomas, thank you for your review! It's great to hear you enjoyed the fast and friendly service. Looking forward to seeing you again soon! -Great Clips Customer Service"
Ci9DQUlRQUNvZENodHljRjlvT25GM2VVY3dUbkkxWDNOTllrNTNNR2xRZUVRMlFtYxAB,5.0,0,2026/07/26,2026/06/26,3,Google Maps,,Thank you for your review. We appreciate you being our customer and are glad you enjoyed your experience!
ChdDSUhNMG9nS0VJQ0FnSUMtcTltWHZnRRAB,1.0,0,2026/07/26,2026/06/26,3,Google Maps,I would give zero stars if I could. I used online check in and when I got to salon I was number one on the list. When the next chair was empty they called number 2 on the list instead of me. This is totally ridiculous. What's the point of online check in if other people are called ahead of you even if you've been in the salon over 5 minutes waiting. I suggest you stay away from this place.,Thank you for being our customer! We’re always happy to help you!
Ci9DQUlRQUNvZENodHljRjlvT25wNE1XMTVObkF5YXpsdk1UWnpXRzVsVUdWTVVWRRAB,5.0,0,2026/07/26,2026/06/26,3,Google Maps,Never had a bad haircut in the last four years. Just make sure you book online because they can get busy.,"Thank you, Robin, for your kind words and for being a loyal customer over the years! Booking online is a great tip to ensure a smooth visit. Looking forward to your next haircut! -Great Clips Customer Service"
